solid OpenSCAD_Model
  facet normal 0.595702 0.803206 -0
    outer loop
      vertex 6.74997 6.12919 0
      vertex 6.57261 6.26073 4.01
      vertex 6.74997 6.12919 4.01
    endloop
  endfacet
  facet normal 0.595702 0.803206 0
    outer loop
      vertex 6.57261 6.26073 4.01
      vertex 6.74997 6.12919 0
      vertex 6.57261 6.26073 0
    endloop
  endfacet
  facet normal -0.998803 -0.0489121 0
    outer loop
      vertex 10.25 8 0
      vertex 10.2392 8.22054 4.01
      vertex 10.2392 8.22054 0
    endloop
  endfacet
  facet normal -0.998803 -0.0489121 0
    outer loop
      vertex 10.2392 8.22054 4.01
      vertex 10.25 8 0
      vertex 10.25 8 4.01
    endloop
  endfacet
  facet normal 0.514083 0.857741 -0
    outer loop
      vertex 6.93936 6.01568 0
      vertex 6.74997 6.12919 4.01
      vertex 6.93936 6.01568 4.01
    endloop
  endfacet
  facet normal 0.514083 0.857741 0
    outer loop
      vertex 6.74997 6.12919 4.01
      vertex 6.93936 6.01568 0
      vertex 6.74997 6.12919 0
    endloop
  endfacet
  facet normal 0.803206 0.595702 0
    outer loop
      vertex 6.26073 6.57261 4.01
      vertex 6.12919 6.74997 0
      vertex 6.12919 6.74997 4.01
    endloop
  endfacet
  facet normal 0.803206 0.595702 0
    outer loop
      vertex 6.12919 6.74997 0
      vertex 6.26073 6.57261 4.01
      vertex 6.26073 6.57261 0
    endloop
  endfacet
  facet normal -0.989175 -0.146739 0
    outer loop
      vertex 10.2392 8.22054 0
      vertex 10.2068 8.43895 4.01
      vertex 10.2068 8.43895 0
    endloop
  endfacet
  facet normal -0.989175 -0.146739 0
    outer loop
      vertex 10.2068 8.43895 4.01
      vertex 10.2392 8.22054 0
      vertex 10.2392 8.22054 4.01
    endloop
  endfacet
  facet normal 0.970033 0.242973 0
    outer loop
      vertex 5.84688 7.34686 4.01
      vertex 5.79323 7.56105 0
      vertex 5.79323 7.56105 4.01
    endloop
  endfacet
  facet normal 0.970033 0.242973 0
    outer loop
      vertex 5.79323 7.56105 0
      vertex 5.84688 7.34686 4.01
      vertex 5.84688 7.34686 0
    endloop
  endfacet
  facet normal -0.427578 0.903978 0
    outer loop
      vertex 9.06064 6.01568 0
      vertex 8.86104 5.92127 4.01
      vertex 9.06064 6.01568 4.01
    endloop
  endfacet
  facet normal -0.427578 0.903978 0
    outer loop
      vertex 8.86104 5.92127 4.01
      vertex 9.06064 6.01568 0
      vertex 8.86104 5.92127 0
    endloop
  endfacet
  facet normal -0.514083 -0.857741 0
    outer loop
      vertex 9.06064 9.98432 0
      vertex 9.25003 9.87081 4.01
      vertex 9.06064 9.98432 4.01
    endloop
  endfacet
  facet normal -0.514083 -0.857741 -0
    outer loop
      vertex 9.25003 9.87081 4.01
      vertex 9.06064 9.98432 0
      vertex 9.25003 9.87081 0
    endloop
  endfacet
  facet normal 0.243186 -0.96998 0
    outer loop
      vertex 7.34686 10.1531 0
      vertex 7.56105 10.2068 4.01
      vertex 7.34686 10.1531 4.01
    endloop
  endfacet
  facet normal 0.243186 -0.96998 0
    outer loop
      vertex 7.56105 10.2068 4.01
      vertex 7.34686 10.1531 0
      vertex 7.56105 10.2068 0
    endloop
  endfacet
  facet normal 0.80319 -0.595723 0
    outer loop
      vertex 6.12919 9.25003 4.01
      vertex 6.26073 9.42738 0
      vertex 6.26073 9.42738 4.01
    endloop
  endfacet
  facet normal 0.80319 -0.595723 0
    outer loop
      vertex 6.26073 9.42738 0
      vertex 6.12919 9.25003 4.01
      vertex 6.12919 9.25003 0
    endloop
  endfacet
  facet normal -0.904031 -0.427467 0
    outer loop
      vertex 10.0787 8.86104 0
      vertex 9.98432 9.06064 4.01
      vertex 9.98432 9.06064 0
    endloop
  endfacet
  facet normal -0.904031 -0.427467 0
    outer loop
      vertex 9.98432 9.06064 4.01
      vertex 10.0787 8.86104 0
      vertex 10.0787 8.86104 4.01
    endloop
  endfacet
  facet normal -0.96998 -0.243186 0
    outer loop
      vertex 10.2068 8.43895 0
      vertex 10.1531 8.65314 4.01
      vertex 10.1531 8.65314 0
    endloop
  endfacet
  facet normal -0.96998 -0.243186 0
    outer loop
      vertex 10.1531 8.65314 4.01
      vertex 10.2068 8.43895 0
      vertex 10.2068 8.43895 4.01
    endloop
  endfacet
  facet normal 0.998796 -0.0490476 0
    outer loop
      vertex 5.75 8 4.01
      vertex 5.76083 8.22054 0
      vertex 5.76083 8.22054 4.01
    endloop
  endfacet
  facet normal 0.998796 -0.0490476 0
    outer loop
      vertex 5.76083 8.22054 0
      vertex 5.75 8 4.01
      vertex 5.75 8 0
    endloop
  endfacet
  facet normal -0.595723 -0.80319 0
    outer loop
      vertex 9.25003 9.87081 0
      vertex 9.42738 9.73927 4.01
      vertex 9.25003 9.87081 4.01
    endloop
  endfacet
  facet normal -0.595723 -0.80319 -0
    outer loop
      vertex 9.42738 9.73927 4.01
      vertex 9.25003 9.87081 0
      vertex 9.42738 9.73927 0
    endloop
  endfacet
  facet normal 0.941541 0.336899 0
    outer loop
      vertex 5.92127 7.13896 4.01
      vertex 5.84688 7.34686 0
      vertex 5.84688 7.34686 4.01
    endloop
  endfacet
  facet normal 0.941541 0.336899 0
    outer loop
      vertex 5.84688 7.34686 0
      vertex 5.92127 7.13896 4.01
      vertex 5.92127 7.13896 0
    endloop
  endfacet
  facet normal -0.427467 -0.904031 0
    outer loop
      vertex 8.86104 10.0787 0
      vertex 9.06064 9.98432 4.01
      vertex 8.86104 10.0787 4.01
    endloop
  endfacet
  facet normal -0.427467 -0.904031 -0
    outer loop
      vertex 9.06064 9.98432 4.01
      vertex 8.86104 10.0787 0
      vertex 9.06064 9.98432 0
    endloop
  endfacet
  facet normal -0.96998 0.243186 0
    outer loop
      vertex 10.1531 7.34686 0
      vertex 10.2068 7.56105 4.01
      vertex 10.2068 7.56105 0
    endloop
  endfacet
  facet normal -0.96998 0.243186 0
    outer loop
      vertex 10.2068 7.56105 4.01
      vertex 10.1531 7.34686 0
      vertex 10.1531 7.34686 4.01
    endloop
  endfacet
  facet normal -0.336939 -0.941527 0
    outer loop
      vertex 8.65314 10.1531 0
      vertex 8.86104 10.0787 4.01
      vertex 8.65314 10.1531 4.01
    endloop
  endfacet
  facet normal -0.336939 -0.941527 -0
    outer loop
      vertex 8.86104 10.0787 4.01
      vertex 8.65314 10.1531 0
      vertex 8.86104 10.0787 0
    endloop
  endfacet
  facet normal -0.595723 0.80319 0
    outer loop
      vertex 9.42738 6.26073 0
      vertex 9.25003 6.12919 4.01
      vertex 9.42738 6.26073 4.01
    endloop
  endfacet
  facet normal -0.595723 0.80319 0
    outer loop
      vertex 9.25003 6.12919 4.01
      vertex 9.42738 6.26073 0
      vertex 9.25003 6.12919 0
    endloop
  endfacet
  facet normal -0.67154 0.740968 0
    outer loop
      vertex 9.59099 6.40901 0
      vertex 9.42738 6.26073 4.01
      vertex 9.59099 6.40901 4.01
    endloop
  endfacet
  facet normal -0.67154 0.740968 0
    outer loop
      vertex 9.42738 6.26073 4.01
      vertex 9.59099 6.40901 0
      vertex 9.42738 6.26073 0
    endloop
  endfacet
  facet normal 0.336899 0.941541 -0
    outer loop
      vertex 7.34686 5.84688 0
      vertex 7.13896 5.92127 4.01
      vertex 7.34686 5.84688 4.01
    endloop
  endfacet
  facet normal 0.336899 0.941541 0
    outer loop
      vertex 7.13896 5.92127 4.01
      vertex 7.34686 5.84688 0
      vertex 7.13896 5.92127 0
    endloop
  endfacet
  facet normal -0.242973 0.970033 0
    outer loop
      vertex 8.65314 5.84688 0
      vertex 8.43895 5.79323 4.01
      vertex 8.65314 5.84688 4.01
    endloop
  endfacet
  facet normal -0.242973 0.970033 0
    outer loop
      vertex 8.43895 5.79323 4.01
      vertex 8.65314 5.84688 0
      vertex 8.43895 5.79323 0
    endloop
  endfacet
  facet normal -0.941527 -0.336939 0
    outer loop
      vertex 10.1531 8.65314 0
      vertex 10.0787 8.86104 4.01
      vertex 10.0787 8.86104 0
    endloop
  endfacet
  facet normal -0.941527 -0.336939 0
    outer loop
      vertex 10.0787 8.86104 4.01
      vertex 10.1531 8.65314 0
      vertex 10.1531 8.65314 4.01
    endloop
  endfacet
  facet normal -0.243186 -0.96998 0
    outer loop
      vertex 8.43895 10.2068 0
      vertex 8.65314 10.1531 4.01
      vertex 8.43895 10.2068 4.01
    endloop
  endfacet
  facet normal -0.243186 -0.96998 -0
    outer loop
      vertex 8.65314 10.1531 4.01
      vertex 8.43895 10.2068 0
      vertex 8.65314 10.1531 0
    endloop
  endfacet
  facet normal 0.336939 -0.941527 0
    outer loop
      vertex 7.13896 10.0787 0
      vertex 7.34686 10.1531 4.01
      vertex 7.13896 10.0787 4.01
    endloop
  endfacet
  facet normal 0.336939 -0.941527 0
    outer loop
      vertex 7.34686 10.1531 4.01
      vertex 7.13896 10.0787 0
      vertex 7.34686 10.1531 0
    endloop
  endfacet
  facet normal 0.857741 0.514083 0
    outer loop
      vertex 6.12919 6.74997 4.01
      vertex 6.01568 6.93936 0
      vertex 6.01568 6.93936 4.01
    endloop
  endfacet
  facet normal 0.857741 0.514083 0
    outer loop
      vertex 6.01568 6.93936 0
      vertex 6.12919 6.74997 4.01
      vertex 6.12919 6.74997 0
    endloop
  endfacet
  facet normal 0.671563 -0.740948 0
    outer loop
      vertex 6.40901 9.59099 0
      vertex 6.57261 9.73927 4.01
      vertex 6.40901 9.59099 4.01
    endloop
  endfacet
  facet normal 0.671563 -0.740948 0
    outer loop
      vertex 6.57261 9.73927 4.01
      vertex 6.40901 9.59099 0
      vertex 6.57261 9.73927 0
    endloop
  endfacet
  facet normal -0.998803 0.0489121 0
    outer loop
      vertex 10.2392 7.77946 0
      vertex 10.25 8 4.01
      vertex 10.25 8 0
    endloop
  endfacet
  facet normal -0.998803 0.0489121 0
    outer loop
      vertex 10.25 8 4.01
      vertex 10.2392 7.77946 0
      vertex 10.2392 7.77946 4.01
    endloop
  endfacet
  facet normal -0.989175 0.146739 0
    outer loop
      vertex 10.2068 7.56105 0
      vertex 10.2392 7.77946 4.01
      vertex 10.2392 7.77946 0
    endloop
  endfacet
  facet normal -0.989175 0.146739 0
    outer loop
      vertex 10.2392 7.77946 4.01
      vertex 10.2068 7.56105 0
      vertex 10.2068 7.56105 4.01
    endloop
  endfacet
  facet normal -0.857741 0.514083 0
    outer loop
      vertex 9.87081 6.74997 0
      vertex 9.98432 6.93936 4.01
      vertex 9.98432 6.93936 0
    endloop
  endfacet
  facet normal -0.857741 0.514083 0
    outer loop
      vertex 9.98432 6.93936 4.01
      vertex 9.87081 6.74997 0
      vertex 9.87081 6.74997 4.01
    endloop
  endfacet
  facet normal -0.740968 -0.67154 0
    outer loop
      vertex 9.73927 9.42738 0
      vertex 9.59099 9.59099 4.01
      vertex 9.59099 9.59099 0
    endloop
  endfacet
  facet normal -0.740968 -0.67154 0
    outer loop
      vertex 9.59099 9.59099 4.01
      vertex 9.73927 9.42738 0
      vertex 9.73927 9.42738 4.01
    endloop
  endfacet
  facet normal -0.514083 0.857741 0
    outer loop
      vertex 9.25003 6.12919 0
      vertex 9.06064 6.01568 4.01
      vertex 9.25003 6.12919 4.01
    endloop
  endfacet
  facet normal -0.514083 0.857741 0
    outer loop
      vertex 9.06064 6.01568 4.01
      vertex 9.25003 6.12919 0
      vertex 9.06064 6.01568 0
    endloop
  endfacet
  facet normal -0.80319 -0.595723 0
    outer loop
      vertex 9.87081 9.25003 0
      vertex 9.73927 9.42738 4.01
      vertex 9.73927 9.42738 0
    endloop
  endfacet
  facet normal -0.80319 -0.595723 0
    outer loop
      vertex 9.73927 9.42738 4.01
      vertex 9.87081 9.25003 0
      vertex 9.87081 9.25003 4.01
    endloop
  endfacet
  facet normal 0.970033 -0.242973 0
    outer loop
      vertex 5.79323 8.43895 4.01
      vertex 5.84688 8.65314 0
      vertex 5.84688 8.65314 4.01
    endloop
  endfacet
  facet normal 0.970033 -0.242973 0
    outer loop
      vertex 5.84688 8.65314 0
      vertex 5.79323 8.43895 4.01
      vertex 5.79323 8.43895 0
    endloop
  endfacet
  facet normal 0.427467 -0.904031 0
    outer loop
      vertex 6.93936 9.98432 0
      vertex 7.13896 10.0787 4.01
      vertex 6.93936 9.98432 4.01
    endloop
  endfacet
  facet normal 0.427467 -0.904031 0
    outer loop
      vertex 7.13896 10.0787 4.01
      vertex 6.93936 9.98432 0
      vertex 7.13896 10.0787 0
    endloop
  endfacet
  facet normal -0.803206 0.595702 0
    outer loop
      vertex 9.73927 6.57261 0
      vertex 9.87081 6.74997 4.01
      vertex 9.87081 6.74997 0
    endloop
  endfacet
  facet normal -0.803206 0.595702 0
    outer loop
      vertex 9.87081 6.74997 4.01
      vertex 9.73927 6.57261 0
      vertex 9.73927 6.57261 4.01
    endloop
  endfacet
  facet normal -0.146739 -0.989175 0
    outer loop
      vertex 8.22054 10.2392 0
      vertex 8.43895 10.2068 4.01
      vertex 8.22054 10.2392 4.01
    endloop
  endfacet
  facet normal -0.146739 -0.989175 -0
    outer loop
      vertex 8.43895 10.2068 4.01
      vertex 8.22054 10.2392 0
      vertex 8.43895 10.2068 0
    endloop
  endfacet
  facet normal -0.857741 -0.514083 0
    outer loop
      vertex 9.98432 9.06064 0
      vertex 9.87081 9.25003 4.01
      vertex 9.87081 9.25003 0
    endloop
  endfacet
  facet normal -0.857741 -0.514083 0
    outer loop
      vertex 9.87081 9.25003 4.01
      vertex 9.98432 9.06064 0
      vertex 9.98432 9.06064 4.01
    endloop
  endfacet
  facet normal 0.595702 -0.803206 0
    outer loop
      vertex 6.57261 9.73927 0
      vertex 6.74997 9.87081 4.01
      vertex 6.57261 9.73927 4.01
    endloop
  endfacet
  facet normal 0.595702 -0.803206 0
    outer loop
      vertex 6.74997 9.87081 4.01
      vertex 6.57261 9.73927 0
      vertex 6.74997 9.87081 0
    endloop
  endfacet
  facet normal 0.0490476 0.998796 -0
    outer loop
      vertex 8 5.75 0
      vertex 7.77946 5.76083 4.01
      vertex 8 5.75 4.01
    endloop
  endfacet
  facet normal 0.0490476 0.998796 0
    outer loop
      vertex 7.77946 5.76083 4.01
      vertex 8 5.75 0
      vertex 7.77946 5.76083 0
    endloop
  endfacet
  facet normal -0.740948 0.671563 0
    outer loop
      vertex 9.59099 6.40901 0
      vertex 9.73927 6.57261 4.01
      vertex 9.73927 6.57261 0
    endloop
  endfacet
  facet normal -0.740948 0.671563 0
    outer loop
      vertex 9.73927 6.57261 4.01
      vertex 9.59099 6.40901 0
      vertex 9.59099 6.40901 4.01
    endloop
  endfacet
  facet normal 0.0489121 -0.998803 0
    outer loop
      vertex 7.77946 10.2392 0
      vertex 8 10.25 4.01
      vertex 7.77946 10.2392 4.01
    endloop
  endfacet
  facet normal 0.0489121 -0.998803 0
    outer loop
      vertex 8 10.25 4.01
      vertex 7.77946 10.2392 0
      vertex 8 10.25 0
    endloop
  endfacet
  facet normal 0.941541 -0.336899 0
    outer loop
      vertex 5.84688 8.65314 4.01
      vertex 5.92127 8.86104 0
      vertex 5.92127 8.86104 4.01
    endloop
  endfacet
  facet normal 0.941541 -0.336899 0
    outer loop
      vertex 5.92127 8.86104 0
      vertex 5.84688 8.65314 4.01
      vertex 5.84688 8.65314 0
    endloop
  endfacet
  facet normal -0.146739 0.989175 0
    outer loop
      vertex 8.43895 5.79323 0
      vertex 8.22054 5.76083 4.01
      vertex 8.43895 5.79323 4.01
    endloop
  endfacet
  facet normal -0.146739 0.989175 0
    outer loop
      vertex 8.22054 5.76083 4.01
      vertex 8.43895 5.79323 0
      vertex 8.22054 5.76083 0
    endloop
  endfacet
  facet normal 0.242973 0.970033 -0
    outer loop
      vertex 7.56105 5.79323 0
      vertex 7.34686 5.84688 4.01
      vertex 7.56105 5.79323 4.01
    endloop
  endfacet
  facet normal 0.242973 0.970033 0
    outer loop
      vertex 7.34686 5.84688 4.01
      vertex 7.56105 5.79323 0
      vertex 7.34686 5.84688 0
    endloop
  endfacet
  facet normal -0.67154 -0.740968 0
    outer loop
      vertex 9.42738 9.73927 0
      vertex 9.59099 9.59099 4.01
      vertex 9.42738 9.73927 4.01
    endloop
  endfacet
  facet normal -0.67154 -0.740968 -0
    outer loop
      vertex 9.59099 9.59099 4.01
      vertex 9.42738 9.73927 0
      vertex 9.59099 9.59099 0
    endloop
  endfacet
  facet normal -0.0489121 -0.998803 0
    outer loop
      vertex 8 10.25 0
      vertex 8.22054 10.2392 4.01
      vertex 8 10.25 4.01
    endloop
  endfacet
  facet normal -0.0489121 -0.998803 -0
    outer loop
      vertex 8.22054 10.2392 4.01
      vertex 8 10.25 0
      vertex 8.22054 10.2392 0
    endloop
  endfacet
  facet normal 0.903978 0.427578 0
    outer loop
      vertex 6.01568 6.93936 4.01
      vertex 5.92127 7.13896 0
      vertex 5.92127 7.13896 4.01
    endloop
  endfacet
  facet normal 0.903978 0.427578 0
    outer loop
      vertex 5.92127 7.13896 0
      vertex 6.01568 6.93936 4.01
      vertex 6.01568 6.93936 0
    endloop
  endfacet
  facet normal 0.740968 -0.67154 0
    outer loop
      vertex 6.26073 9.42738 4.01
      vertex 6.40901 9.59099 0
      vertex 6.40901 9.59099 4.01
    endloop
  endfacet
  facet normal 0.740968 -0.67154 0
    outer loop
      vertex 6.40901 9.59099 0
      vertex 6.26073 9.42738 4.01
      vertex 6.26073 9.42738 0
    endloop
  endfacet
  facet normal -0.0490476 0.998796 0
    outer loop
      vertex 8.22054 5.76083 0
      vertex 8 5.75 4.01
      vertex 8.22054 5.76083 4.01
    endloop
  endfacet
  facet normal -0.0490476 0.998796 0
    outer loop
      vertex 8 5.75 4.01
      vertex 8.22054 5.76083 0
      vertex 8 5.75 0
    endloop
  endfacet
  facet normal 0.146739 0.989175 -0
    outer loop
      vertex 7.77946 5.76083 0
      vertex 7.56105 5.79323 4.01
      vertex 7.77946 5.76083 4.01
    endloop
  endfacet
  facet normal 0.146739 0.989175 0
    outer loop
      vertex 7.56105 5.79323 4.01
      vertex 7.77946 5.76083 0
      vertex 7.56105 5.79323 0
    endloop
  endfacet
  facet normal 0.146739 -0.989175 0
    outer loop
      vertex 7.56105 10.2068 0
      vertex 7.77946 10.2392 4.01
      vertex 7.56105 10.2068 4.01
    endloop
  endfacet
  facet normal 0.146739 -0.989175 0
    outer loop
      vertex 7.77946 10.2392 4.01
      vertex 7.56105 10.2068 0
      vertex 7.77946 10.2392 0
    endloop
  endfacet
  facet normal 0.998796 0.0490476 0
    outer loop
      vertex 5.76083 7.77946 4.01
      vertex 5.75 8 0
      vertex 5.75 8 4.01
    endloop
  endfacet
  facet normal 0.998796 0.0490476 0
    outer loop
      vertex 5.75 8 0
      vertex 5.76083 7.77946 4.01
      vertex 5.76083 7.77946 0
    endloop
  endfacet
  facet normal 0.740948 0.671563 0
    outer loop
      vertex 6.40901 6.40901 4.01
      vertex 6.26073 6.57261 0
      vertex 6.26073 6.57261 4.01
    endloop
  endfacet
  facet normal 0.740948 0.671563 0
    outer loop
      vertex 6.26073 6.57261 0
      vertex 6.40901 6.40901 4.01
      vertex 6.40901 6.40901 0
    endloop
  endfacet
  facet normal 0.671563 0.740948 -0
    outer loop
      vertex 6.57261 6.26073 0
      vertex 6.40901 6.40901 4.01
      vertex 6.57261 6.26073 4.01
    endloop
  endfacet
  facet normal 0.671563 0.740948 0
    outer loop
      vertex 6.40901 6.40901 4.01
      vertex 6.57261 6.26073 0
      vertex 6.40901 6.40901 0
    endloop
  endfacet
  facet normal 0.427578 0.903978 -0
    outer loop
      vertex 7.13896 5.92127 0
      vertex 6.93936 6.01568 4.01
      vertex 7.13896 5.92127 4.01
    endloop
  endfacet
  facet normal 0.427578 0.903978 0
    outer loop
      vertex 6.93936 6.01568 4.01
      vertex 7.13896 5.92127 0
      vertex 6.93936 6.01568 0
    endloop
  endfacet
  facet normal 0.989175 0.146739 0
    outer loop
      vertex 5.79323 7.56105 4.01
      vertex 5.76083 7.77946 0
      vertex 5.76083 7.77946 4.01
    endloop
  endfacet
  facet normal 0.989175 0.146739 0
    outer loop
      vertex 5.76083 7.77946 0
      vertex 5.79323 7.56105 4.01
      vertex 5.79323 7.56105 0
    endloop
  endfacet
  facet normal -0.336899 0.941541 0
    outer loop
      vertex 8.86104 5.92127 0
      vertex 8.65314 5.84688 4.01
      vertex 8.86104 5.92127 4.01
    endloop
  endfacet
  facet normal -0.336899 0.941541 0
    outer loop
      vertex 8.65314 5.84688 4.01
      vertex 8.86104 5.92127 0
      vertex 8.65314 5.84688 0
    endloop
  endfacet
  facet normal -0.904031 0.427467 0
    outer loop
      vertex 9.98432 6.93936 0
      vertex 10.0787 7.13896 4.01
      vertex 10.0787 7.13896 0
    endloop
  endfacet
  facet normal -0.904031 0.427467 0
    outer loop
      vertex 10.0787 7.13896 4.01
      vertex 9.98432 6.93936 0
      vertex 9.98432 6.93936 4.01
    endloop
  endfacet
  facet normal -0.941527 0.336939 0
    outer loop
      vertex 10.0787 7.13896 0
      vertex 10.1531 7.34686 4.01
      vertex 10.1531 7.34686 0
    endloop
  endfacet
  facet normal -0.941527 0.336939 0
    outer loop
      vertex 10.1531 7.34686 4.01
      vertex 10.0787 7.13896 0
      vertex 10.0787 7.13896 4.01
    endloop
  endfacet
  facet normal 0.514083 -0.857741 0
    outer loop
      vertex 6.74997 9.87081 0
      vertex 6.93936 9.98432 4.01
      vertex 6.74997 9.87081 4.01
    endloop
  endfacet
  facet normal 0.514083 -0.857741 0
    outer loop
      vertex 6.93936 9.98432 4.01
      vertex 6.74997 9.87081 0
      vertex 6.93936 9.98432 0
    endloop
  endfacet
  facet normal 0.989175 -0.146739 0
    outer loop
      vertex 5.76083 8.22054 4.01
      vertex 5.79323 8.43895 0
      vertex 5.79323 8.43895 4.01
    endloop
  endfacet
  facet normal 0.989175 -0.146739 0
    outer loop
      vertex 5.79323 8.43895 0
      vertex 5.76083 8.22054 4.01
      vertex 5.76083 8.22054 0
    endloop
  endfacet
  facet normal 0.903978 -0.427578 0
    outer loop
      vertex 5.92127 8.86104 4.01
      vertex 6.01568 9.06064 0
      vertex 6.01568 9.06064 4.01
    endloop
  endfacet
  facet normal 0.903978 -0.427578 0
    outer loop
      vertex 6.01568 9.06064 0
      vertex 5.92127 8.86104 4.01
      vertex 5.92127 8.86104 0
    endloop
  endfacet
  facet normal 0.857741 -0.514083 0
    outer loop
      vertex 6.01568 9.06064 4.01
      vertex 6.12919 9.25003 0
      vertex 6.12919 9.25003 4.01
    endloop
  endfacet
  facet normal 0.857741 -0.514083 0
    outer loop
      vertex 6.12919 9.25003 0
      vertex 6.01568 9.06064 4.01
      vertex 6.01568 9.06064 0
    endloop
  endfacet
  facet normal 0.336939 0.941527 -0
    outer loop
      vertex 7.34686 29.8469 0
      vertex 7.13896 29.9213 4.01
      vertex 7.34686 29.8469 4.01
    endloop
  endfacet
  facet normal 0.336939 0.941527 0
    outer loop
      vertex 7.13896 29.9213 4.01
      vertex 7.34686 29.8469 0
      vertex 7.13896 29.9213 0
    endloop
  endfacet
  facet normal -0.989184 -0.14668 0
    outer loop
      vertex 10.2392 32.2205 0
      vertex 10.2068 32.439 4.01
      vertex 10.2068 32.439 0
    endloop
  endfacet
  facet normal -0.989184 -0.14668 0
    outer loop
      vertex 10.2068 32.439 4.01
      vertex 10.2392 32.2205 0
      vertex 10.2392 32.2205 4.01
    endloop
  endfacet
  facet normal -0.998803 -0.0489209 0
    outer loop
      vertex 10.25 32 0
      vertex 10.2392 32.2205 4.01
      vertex 10.2392 32.2205 0
    endloop
  endfacet
  facet normal -0.998803 -0.0489209 0
    outer loop
      vertex 10.2392 32.2205 4.01
      vertex 10.25 32 0
      vertex 10.25 32 4.01
    endloop
  endfacet
  facet normal -0.969956 -0.243282 0
    outer loop
      vertex 10.2068 32.439 0
      vertex 10.1531 32.6531 4.01
      vertex 10.1531 32.6531 0
    endloop
  endfacet
  facet normal -0.969956 -0.243282 0
    outer loop
      vertex 10.1531 32.6531 4.01
      vertex 10.2068 32.439 0
      vertex 10.2068 32.439 4.01
    endloop
  endfacet
  facet normal 0.989184 -0.14668 0
    outer loop
      vertex 5.76083 32.2205 4.01
      vertex 5.79323 32.439 0
      vertex 5.79323 32.439 4.01
    endloop
  endfacet
  facet normal 0.989184 -0.14668 0
    outer loop
      vertex 5.79323 32.439 0
      vertex 5.76083 32.2205 4.01
      vertex 5.76083 32.2205 0
    endloop
  endfacet
  facet normal 0.243186 0.96998 -0
    outer loop
      vertex 7.56105 29.7932 0
      vertex 7.34686 29.8469 4.01
      vertex 7.56105 29.7932 4.01
    endloop
  endfacet
  facet normal 0.243186 0.96998 0
    outer loop
      vertex 7.34686 29.8469 4.01
      vertex 7.56105 29.7932 0
      vertex 7.34686 29.8469 0
    endloop
  endfacet
  facet normal -0.336939 -0.941527 0
    outer loop
      vertex 8.65314 34.1531 0
      vertex 8.86104 34.0787 4.01
      vertex 8.65314 34.1531 4.01
    endloop
  endfacet
  facet normal -0.336939 -0.941527 -0
    outer loop
      vertex 8.86104 34.0787 4.01
      vertex 8.65314 34.1531 0
      vertex 8.86104 34.0787 0
    endloop
  endfacet
  facet normal 0.514049 -0.857761 0
    outer loop
      vertex 6.74997 33.8708 0
      vertex 6.93936 33.9843 4.01
      vertex 6.74997 33.8708 4.01
    endloop
  endfacet
  facet normal 0.514049 -0.857761 0
    outer loop
      vertex 6.93936 33.9843 4.01
      vertex 6.74997 33.8708 0
      vertex 6.93936 33.9843 0
    endloop
  endfacet
  facet normal 0.903978 0.427578 0
    outer loop
      vertex 6.01568 30.9394 4.01
      vertex 5.92127 31.139 0
      vertex 5.92127 31.139 4.01
    endloop
  endfacet
  facet normal 0.903978 0.427578 0
    outer loop
      vertex 5.92127 31.139 0
      vertex 6.01568 30.9394 4.01
      vertex 6.01568 30.9394 0
    endloop
  endfacet
  facet normal 0.243186 -0.96998 0
    outer loop
      vertex 7.34686 34.1531 0
      vertex 7.56105 34.2068 4.01
      vertex 7.34686 34.1531 4.01
    endloop
  endfacet
  facet normal 0.243186 -0.96998 0
    outer loop
      vertex 7.56105 34.2068 4.01
      vertex 7.34686 34.1531 0
      vertex 7.56105 34.2068 0
    endloop
  endfacet
  facet normal 0.857753 0.514063 0
    outer loop
      vertex 6.12919 30.75 4.01
      vertex 6.01568 30.9394 0
      vertex 6.01568 30.9394 4.01
    endloop
  endfacet
  facet normal 0.857753 0.514063 0
    outer loop
      vertex 6.01568 30.9394 0
      vertex 6.12919 30.75 4.01
      vertex 6.12919 30.75 0
    endloop
  endfacet
  facet normal -0.243186 0.96998 0
    outer loop
      vertex 8.65314 29.8469 0
      vertex 8.43895 29.7932 4.01
      vertex 8.65314 29.8469 4.01
    endloop
  endfacet
  facet normal -0.243186 0.96998 0
    outer loop
      vertex 8.43895 29.7932 4.01
      vertex 8.65314 29.8469 0
      vertex 8.43895 29.7932 0
    endloop
  endfacet
  facet normal 0.595585 0.803292 -0
    outer loop
      vertex 6.74997 30.1292 0
      vertex 6.57261 30.2607 4.01
      vertex 6.74997 30.1292 4.01
    endloop
  endfacet
  facet normal 0.595585 0.803292 0
    outer loop
      vertex 6.57261 30.2607 4.01
      vertex 6.74997 30.1292 0
      vertex 6.57261 30.2607 0
    endloop
  endfacet
  facet normal -0.514049 0.857761 0
    outer loop
      vertex 9.25003 30.1292 0
      vertex 9.06064 30.0157 4.01
      vertex 9.25003 30.1292 4.01
    endloop
  endfacet
  facet normal -0.514049 0.857761 0
    outer loop
      vertex 9.06064 30.0157 4.01
      vertex 9.25003 30.1292 0
      vertex 9.06064 30.0157 0
    endloop
  endfacet
  facet normal -0.80327 0.595615 0
    outer loop
      vertex 9.73927 30.5726 0
      vertex 9.87081 30.75 4.01
      vertex 9.87081 30.75 0
    endloop
  endfacet
  facet normal -0.80327 0.595615 0
    outer loop
      vertex 9.87081 30.75 4.01
      vertex 9.73927 30.5726 0
      vertex 9.73927 30.5726 4.01
    endloop
  endfacet
  facet normal -0.146739 -0.989175 0
    outer loop
      vertex 8.22054 34.2392 0
      vertex 8.43895 34.2068 4.01
      vertex 8.22054 34.2392 4.01
    endloop
  endfacet
  facet normal -0.146739 -0.989175 -0
    outer loop
      vertex 8.43895 34.2068 4.01
      vertex 8.22054 34.2392 0
      vertex 8.43895 34.2068 0
    endloop
  endfacet
  facet normal 0.595585 -0.803292 0
    outer loop
      vertex 6.57261 33.7393 0
      vertex 6.74997 33.8708 4.01
      vertex 6.57261 33.7393 4.01
    endloop
  endfacet
  facet normal 0.595585 -0.803292 0
    outer loop
      vertex 6.74997 33.8708 4.01
      vertex 6.57261 33.7393 0
      vertex 6.74997 33.8708 0
    endloop
  endfacet
  facet normal 0.80327 -0.595615 0
    outer loop
      vertex 6.12919 33.25 4.01
      vertex 6.26073 33.4274 0
      vertex 6.26073 33.4274 4.01
    endloop
  endfacet
  facet normal 0.80327 -0.595615 0
    outer loop
      vertex 6.26073 33.4274 0
      vertex 6.12919 33.25 4.01
      vertex 6.12919 33.25 0
    endloop
  endfacet
  facet normal -0.989184 0.14668 0
    outer loop
      vertex 10.2068 31.561 0
      vertex 10.2392 31.7795 4.01
      vertex 10.2392 31.7795 0
    endloop
  endfacet
  facet normal -0.989184 0.14668 0
    outer loop
      vertex 10.2392 31.7795 4.01
      vertex 10.2068 31.561 0
      vertex 10.2068 31.561 4.01
    endloop
  endfacet
  facet normal 0.941541 -0.336899 0
    outer loop
      vertex 5.84688 32.6531 4.01
      vertex 5.92127 32.861 0
      vertex 5.92127 32.861 4.01
    endloop
  endfacet
  facet normal 0.941541 -0.336899 0
    outer loop
      vertex 5.92127 32.861 0
      vertex 5.84688 32.6531 4.01
      vertex 5.84688 32.6531 0
    endloop
  endfacet
  facet normal -0.427541 -0.903996 0
    outer loop
      vertex 8.86104 34.0787 0
      vertex 9.06064 33.9843 4.01
      vertex 8.86104 34.0787 4.01
    endloop
  endfacet
  facet normal -0.427541 -0.903996 -0
    outer loop
      vertex 9.06064 33.9843 4.01
      vertex 8.86104 34.0787 0
      vertex 9.06064 33.9843 0
    endloop
  endfacet
  facet normal 0.941541 0.336899 0
    outer loop
      vertex 5.92127 31.139 4.01
      vertex 5.84688 31.3469 0
      vertex 5.84688 31.3469 4.01
    endloop
  endfacet
  facet normal 0.941541 0.336899 0
    outer loop
      vertex 5.84688 31.3469 0
      vertex 5.92127 31.139 4.01
      vertex 5.92127 31.139 0
    endloop
  endfacet
  facet normal -0.969956 0.243282 0
    outer loop
      vertex 10.1531 31.3469 0
      vertex 10.2068 31.561 4.01
      vertex 10.2068 31.561 0
    endloop
  endfacet
  facet normal -0.969956 0.243282 0
    outer loop
      vertex 10.2068 31.561 4.01
      vertex 10.1531 31.3469 0
      vertex 10.1531 31.3469 4.01
    endloop
  endfacet
  facet normal 0.0489121 -0.998803 0
    outer loop
      vertex 7.77946 34.2392 0
      vertex 8 34.25 4.01
      vertex 7.77946 34.2392 4.01
    endloop
  endfacet
  facet normal 0.0489121 -0.998803 0
    outer loop
      vertex 8 34.25 4.01
      vertex 7.77946 34.2392 0
      vertex 8 34.25 0
    endloop
  endfacet
  facet normal -0.67159 -0.740923 0
    outer loop
      vertex 9.42738 33.7393 0
      vertex 9.59099 33.591 4.01
      vertex 9.42738 33.7393 4.01
    endloop
  endfacet
  facet normal -0.67159 -0.740923 -0
    outer loop
      vertex 9.59099 33.591 4.01
      vertex 9.42738 33.7393 0
      vertex 9.59099 33.591 0
    endloop
  endfacet
  facet normal 0.427541 -0.903996 0
    outer loop
      vertex 6.93936 33.9843 0
      vertex 7.13896 34.0787 4.01
      vertex 6.93936 33.9843 4.01
    endloop
  endfacet
  facet normal 0.427541 -0.903996 0
    outer loop
      vertex 7.13896 34.0787 4.01
      vertex 6.93936 33.9843 0
      vertex 7.13896 34.0787 0
    endloop
  endfacet
  facet normal 0.671613 -0.740902 0
    outer loop
      vertex 6.40901 33.591 0
      vertex 6.57261 33.7393 4.01
      vertex 6.40901 33.591 4.01
    endloop
  endfacet
  facet normal 0.671613 -0.740902 0
    outer loop
      vertex 6.57261 33.7393 4.01
      vertex 6.40901 33.591 0
      vertex 6.57261 33.7393 0
    endloop
  endfacet
  facet normal -0.336939 0.941527 0
    outer loop
      vertex 8.86104 29.9213 0
      vertex 8.65314 29.8469 4.01
      vertex 8.86104 29.9213 4.01
    endloop
  endfacet
  facet normal -0.336939 0.941527 0
    outer loop
      vertex 8.65314 29.8469 4.01
      vertex 8.86104 29.9213 0
      vertex 8.65314 29.8469 0
    endloop
  endfacet
  facet normal 0.336939 -0.941527 0
    outer loop
      vertex 7.13896 34.0787 0
      vertex 7.34686 34.1531 4.01
      vertex 7.13896 34.0787 4.01
    endloop
  endfacet
  facet normal 0.336939 -0.941527 0
    outer loop
      vertex 7.34686 34.1531 4.01
      vertex 7.13896 34.0787 0
      vertex 7.34686 34.1531 0
    endloop
  endfacet
  facet normal -0.80327 -0.595615 0
    outer loop
      vertex 9.87081 33.25 0
      vertex 9.73927 33.4274 4.01
      vertex 9.73927 33.4274 0
    endloop
  endfacet
  facet normal -0.80327 -0.595615 0
    outer loop
      vertex 9.73927 33.4274 4.01
      vertex 9.87081 33.25 0
      vertex 9.87081 33.25 4.01
    endloop
  endfacet
  facet normal 0.857753 -0.514063 0
    outer loop
      vertex 6.01568 33.0606 4.01
      vertex 6.12919 33.25 0
      vertex 6.12919 33.25 4.01
    endloop
  endfacet
  facet normal 0.857753 -0.514063 0
    outer loop
      vertex 6.12919 33.25 0
      vertex 6.01568 33.0606 4.01
      vertex 6.01568 33.0606 0
    endloop
  endfacet
  facet normal -0.998803 0.0489209 0
    outer loop
      vertex 10.2392 31.7795 0
      vertex 10.25 32 4.01
      vertex 10.25 32 0
    endloop
  endfacet
  facet normal -0.998803 0.0489209 0
    outer loop
      vertex 10.25 32 4.01
      vertex 10.2392 31.7795 0
      vertex 10.2392 31.7795 4.01
    endloop
  endfacet
  facet normal -0.904031 0.427467 0
    outer loop
      vertex 9.98432 30.9394 0
      vertex 10.0787 31.139 4.01
      vertex 10.0787 31.139 0
    endloop
  endfacet
  facet normal -0.904031 0.427467 0
    outer loop
      vertex 10.0787 31.139 4.01
      vertex 9.98432 30.9394 0
      vertex 9.98432 30.9394 4.01
    endloop
  endfacet
  facet normal -0.857753 -0.514063 0
    outer loop
      vertex 9.98432 33.0606 0
      vertex 9.87081 33.25 4.01
      vertex 9.87081 33.25 0
    endloop
  endfacet
  facet normal -0.857753 -0.514063 0
    outer loop
      vertex 9.87081 33.25 4.01
      vertex 9.98432 33.0606 0
      vertex 9.98432 33.0606 4.01
    endloop
  endfacet
  facet normal -0.595607 -0.803276 0
    outer loop
      vertex 9.25003 33.8708 0
      vertex 9.42738 33.7393 4.01
      vertex 9.25003 33.8708 4.01
    endloop
  endfacet
  facet normal -0.595607 -0.803276 -0
    outer loop
      vertex 9.42738 33.7393 4.01
      vertex 9.25003 33.8708 0
      vertex 9.42738 33.7393 0
    endloop
  endfacet
  facet normal 0.514049 0.857761 -0
    outer loop
      vertex 6.93936 30.0157 0
      vertex 6.74997 30.1292 4.01
      vertex 6.93936 30.0157 4.01
    endloop
  endfacet
  facet normal 0.514049 0.857761 0
    outer loop
      vertex 6.74997 30.1292 4.01
      vertex 6.93936 30.0157 0
      vertex 6.74997 30.1292 0
    endloop
  endfacet
  facet normal -0.514049 -0.857761 0
    outer loop
      vertex 9.06064 33.9843 0
      vertex 9.25003 33.8708 4.01
      vertex 9.06064 33.9843 4.01
    endloop
  endfacet
  facet normal -0.514049 -0.857761 -0
    outer loop
      vertex 9.25003 33.8708 4.01
      vertex 9.06064 33.9843 0
      vertex 9.25003 33.8708 0
    endloop
  endfacet
  facet normal -0.146739 0.989175 0
    outer loop
      vertex 8.43895 29.7932 0
      vertex 8.22054 29.7608 4.01
      vertex 8.43895 29.7932 4.01
    endloop
  endfacet
  facet normal -0.146739 0.989175 0
    outer loop
      vertex 8.22054 29.7608 4.01
      vertex 8.43895 29.7932 0
      vertex 8.22054 29.7608 0
    endloop
  endfacet
  facet normal -0.941527 -0.336939 0
    outer loop
      vertex 10.1531 32.6531 0
      vertex 10.0787 32.861 4.01
      vertex 10.0787 32.861 0
    endloop
  endfacet
  facet normal -0.941527 -0.336939 0
    outer loop
      vertex 10.0787 32.861 4.01
      vertex 10.1531 32.6531 0
      vertex 10.1531 32.6531 4.01
    endloop
  endfacet
  facet normal -0.857753 0.514063 0
    outer loop
      vertex 9.87081 30.75 0
      vertex 9.98432 30.9394 4.01
      vertex 9.98432 30.9394 0
    endloop
  endfacet
  facet normal -0.857753 0.514063 0
    outer loop
      vertex 9.98432 30.9394 4.01
      vertex 9.87081 30.75 0
      vertex 9.87081 30.75 4.01
    endloop
  endfacet
  facet normal 0.998796 0.0490565 0
    outer loop
      vertex 5.76083 31.7795 4.01
      vertex 5.75 32 0
      vertex 5.75 32 4.01
    endloop
  endfacet
  facet normal 0.998796 0.0490565 0
    outer loop
      vertex 5.75 32 0
      vertex 5.76083 31.7795 4.01
      vertex 5.76083 31.7795 0
    endloop
  endfacet
  facet normal -0.941527 0.336939 0
    outer loop
      vertex 10.0787 31.139 0
      vertex 10.1531 31.3469 4.01
      vertex 10.1531 31.3469 0
    endloop
  endfacet
  facet normal -0.941527 0.336939 0
    outer loop
      vertex 10.1531 31.3469 4.01
      vertex 10.0787 31.139 0
      vertex 10.0787 31.139 4.01
    endloop
  endfacet
  facet normal 0.146739 -0.989175 0
    outer loop
      vertex 7.56105 34.2068 0
      vertex 7.77946 34.2392 4.01
      vertex 7.56105 34.2068 4.01
    endloop
  endfacet
  facet normal 0.146739 -0.989175 0
    outer loop
      vertex 7.77946 34.2392 4.01
      vertex 7.56105 34.2068 0
      vertex 7.77946 34.2392 0
    endloop
  endfacet
  facet normal -0.740948 -0.671563 0
    outer loop
      vertex 9.73927 33.4274 0
      vertex 9.59099 33.591 4.01
      vertex 9.59099 33.591 0
    endloop
  endfacet
  facet normal -0.740948 -0.671563 0
    outer loop
      vertex 9.59099 33.591 4.01
      vertex 9.73927 33.4274 0
      vertex 9.73927 33.4274 4.01
    endloop
  endfacet
  facet normal -0.0489121 -0.998803 0
    outer loop
      vertex 8 34.25 0
      vertex 8.22054 34.2392 4.01
      vertex 8 34.25 4.01
    endloop
  endfacet
  facet normal -0.0489121 -0.998803 -0
    outer loop
      vertex 8.22054 34.2392 4.01
      vertex 8 34.25 0
      vertex 8.22054 34.2392 0
    endloop
  endfacet
  facet normal -0.904031 -0.427467 0
    outer loop
      vertex 10.0787 32.861 0
      vertex 9.98432 33.0606 4.01
      vertex 9.98432 33.0606 0
    endloop
  endfacet
  facet normal -0.904031 -0.427467 0
    outer loop
      vertex 9.98432 33.0606 4.01
      vertex 10.0787 32.861 0
      vertex 10.0787 32.861 4.01
    endloop
  endfacet
  facet normal 0.146739 0.989175 -0
    outer loop
      vertex 7.77946 29.7608 0
      vertex 7.56105 29.7932 4.01
      vertex 7.77946 29.7608 4.01
    endloop
  endfacet
  facet normal 0.146739 0.989175 0
    outer loop
      vertex 7.56105 29.7932 4.01
      vertex 7.77946 29.7608 0
      vertex 7.56105 29.7932 0
    endloop
  endfacet
  facet normal -0.67159 0.740923 0
    outer loop
      vertex 9.59099 30.409 0
      vertex 9.42738 30.2607 4.01
      vertex 9.59099 30.409 4.01
    endloop
  endfacet
  facet normal -0.67159 0.740923 0
    outer loop
      vertex 9.42738 30.2607 4.01
      vertex 9.59099 30.409 0
      vertex 9.42738 30.2607 0
    endloop
  endfacet
  facet normal 0.0489121 0.998803 -0
    outer loop
      vertex 8 29.75 0
      vertex 7.77946 29.7608 4.01
      vertex 8 29.75 4.01
    endloop
  endfacet
  facet normal 0.0489121 0.998803 0
    outer loop
      vertex 7.77946 29.7608 4.01
      vertex 8 29.75 0
      vertex 7.77946 29.7608 0
    endloop
  endfacet
  facet normal 0.740948 -0.671563 0
    outer loop
      vertex 6.26073 33.4274 4.01
      vertex 6.40901 33.591 0
      vertex 6.40901 33.591 4.01
    endloop
  endfacet
  facet normal 0.740948 -0.671563 0
    outer loop
      vertex 6.40901 33.591 0
      vertex 6.26073 33.4274 4.01
      vertex 6.26073 33.4274 0
    endloop
  endfacet
  facet normal 0.903978 -0.427578 0
    outer loop
      vertex 5.92127 32.861 4.01
      vertex 6.01568 33.0606 0
      vertex 6.01568 33.0606 4.01
    endloop
  endfacet
  facet normal 0.903978 -0.427578 0
    outer loop
      vertex 6.01568 33.0606 0
      vertex 5.92127 32.861 4.01
      vertex 5.92127 32.861 0
    endloop
  endfacet
  facet normal 0.671613 0.740902 -0
    outer loop
      vertex 6.57261 30.2607 0
      vertex 6.40901 30.409 4.01
      vertex 6.57261 30.2607 4.01
    endloop
  endfacet
  facet normal 0.671613 0.740902 0
    outer loop
      vertex 6.40901 30.409 4.01
      vertex 6.57261 30.2607 0
      vertex 6.40901 30.409 0
    endloop
  endfacet
  facet normal 0.970009 -0.243069 0
    outer loop
      vertex 5.79323 32.439 4.01
      vertex 5.84688 32.6531 0
      vertex 5.84688 32.6531 4.01
    endloop
  endfacet
  facet normal 0.970009 -0.243069 0
    outer loop
      vertex 5.84688 32.6531 0
      vertex 5.79323 32.439 4.01
      vertex 5.79323 32.439 0
    endloop
  endfacet
  facet normal -0.243186 -0.96998 0
    outer loop
      vertex 8.43895 34.2068 0
      vertex 8.65314 34.1531 4.01
      vertex 8.43895 34.2068 4.01
    endloop
  endfacet
  facet normal -0.243186 -0.96998 -0
    outer loop
      vertex 8.65314 34.1531 4.01
      vertex 8.43895 34.2068 0
      vertex 8.65314 34.1531 0
    endloop
  endfacet
  facet normal 0.970009 0.243069 0
    outer loop
      vertex 5.84688 31.3469 4.01
      vertex 5.79323 31.561 0
      vertex 5.79323 31.561 4.01
    endloop
  endfacet
  facet normal 0.970009 0.243069 0
    outer loop
      vertex 5.79323 31.561 0
      vertex 5.84688 31.3469 4.01
      vertex 5.84688 31.3469 0
    endloop
  endfacet
  facet normal 0.427541 0.903996 -0
    outer loop
      vertex 7.13896 29.9213 0
      vertex 6.93936 30.0157 4.01
      vertex 7.13896 29.9213 4.01
    endloop
  endfacet
  facet normal 0.427541 0.903996 0
    outer loop
      vertex 6.93936 30.0157 4.01
      vertex 7.13896 29.9213 0
      vertex 6.93936 30.0157 0
    endloop
  endfacet
  facet normal 0.740948 0.671563 0
    outer loop
      vertex 6.40901 30.409 4.01
      vertex 6.26073 30.5726 0
      vertex 6.26073 30.5726 4.01
    endloop
  endfacet
  facet normal 0.740948 0.671563 0
    outer loop
      vertex 6.26073 30.5726 0
      vertex 6.40901 30.409 4.01
      vertex 6.40901 30.409 0
    endloop
  endfacet
  facet normal -0.427541 0.903996 0
    outer loop
      vertex 9.06064 30.0157 0
      vertex 8.86104 29.9213 4.01
      vertex 9.06064 30.0157 4.01
    endloop
  endfacet
  facet normal -0.427541 0.903996 0
    outer loop
      vertex 8.86104 29.9213 4.01
      vertex 9.06064 30.0157 0
      vertex 8.86104 29.9213 0
    endloop
  endfacet
  facet normal -0.0489121 0.998803 0
    outer loop
      vertex 8.22054 29.7608 0
      vertex 8 29.75 4.01
      vertex 8.22054 29.7608 4.01
    endloop
  endfacet
  facet normal -0.0489121 0.998803 0
    outer loop
      vertex 8 29.75 4.01
      vertex 8.22054 29.7608 0
      vertex 8 29.75 0
    endloop
  endfacet
  facet normal 0.989184 0.14668 0
    outer loop
      vertex 5.79323 31.561 4.01
      vertex 5.76083 31.7795 0
      vertex 5.76083 31.7795 4.01
    endloop
  endfacet
  facet normal 0.989184 0.14668 0
    outer loop
      vertex 5.76083 31.7795 0
      vertex 5.79323 31.561 4.01
      vertex 5.79323 31.561 0
    endloop
  endfacet
  facet normal -0.595607 0.803276 0
    outer loop
      vertex 9.42738 30.2607 0
      vertex 9.25003 30.1292 4.01
      vertex 9.42738 30.2607 4.01
    endloop
  endfacet
  facet normal -0.595607 0.803276 0
    outer loop
      vertex 9.25003 30.1292 4.01
      vertex 9.42738 30.2607 0
      vertex 9.25003 30.1292 0
    endloop
  endfacet
  facet normal 0.80327 0.595615 0
    outer loop
      vertex 6.26073 30.5726 4.01
      vertex 6.12919 30.75 0
      vertex 6.12919 30.75 4.01
    endloop
  endfacet
  facet normal 0.80327 0.595615 0
    outer loop
      vertex 6.12919 30.75 0
      vertex 6.26073 30.5726 4.01
      vertex 6.26073 30.5726 0
    endloop
  endfacet
  facet normal 0.998796 -0.0490565 0
    outer loop
      vertex 5.75 32 4.01
      vertex 5.76083 32.2205 0
      vertex 5.76083 32.2205 4.01
    endloop
  endfacet
  facet normal 0.998796 -0.0490565 0
    outer loop
      vertex 5.76083 32.2205 0
      vertex 5.75 32 4.01
      vertex 5.75 32 0
    endloop
  endfacet
  facet normal -0.740948 0.671563 0
    outer loop
      vertex 9.59099 30.409 0
      vertex 9.73927 30.5726 4.01
      vertex 9.73927 30.5726 0
    endloop
  endfacet
  facet normal -0.740948 0.671563 0
    outer loop
      vertex 9.73927 30.5726 4.01
      vertex 9.59099 30.409 0
      vertex 9.59099 30.409 4.01
    endloop
  endfacet
  facet normal 0.336899 0.941541 -0
    outer loop
      vertex 51.3469 5.84688 0
      vertex 51.139 5.92127 4.01
      vertex 51.3469 5.84688 4.01
    endloop
  endfacet
  facet normal 0.336899 0.941541 0
    outer loop
      vertex 51.139 5.92127 4.01
      vertex 51.3469 5.84688 0
      vertex 51.139 5.92127 0
    endloop
  endfacet
  facet normal -0.989175 -0.146739 0
    outer loop
      vertex 54.2392 8.22054 0
      vertex 54.2068 8.43895 4.01
      vertex 54.2068 8.43895 0
    endloop
  endfacet
  facet normal -0.989175 -0.146739 0
    outer loop
      vertex 54.2068 8.43895 4.01
      vertex 54.2392 8.22054 0
      vertex 54.2392 8.22054 4.01
    endloop
  endfacet
  facet normal -0.998803 -0.0489121 0
    outer loop
      vertex 54.25 8 0
      vertex 54.2392 8.22054 4.01
      vertex 54.2392 8.22054 0
    endloop
  endfacet
  facet normal -0.998803 -0.0489121 0
    outer loop
      vertex 54.2392 8.22054 4.01
      vertex 54.25 8 0
      vertex 54.25 8 4.01
    endloop
  endfacet
  facet normal -0.96998 -0.243186 0
    outer loop
      vertex 54.2068 8.43895 0
      vertex 54.1531 8.65314 4.01
      vertex 54.1531 8.65314 0
    endloop
  endfacet
  facet normal -0.96998 -0.243186 0
    outer loop
      vertex 54.1531 8.65314 4.01
      vertex 54.2068 8.43895 0
      vertex 54.2068 8.43895 4.01
    endloop
  endfacet
  facet normal 0.989175 -0.146739 0
    outer loop
      vertex 49.7608 8.22054 4.01
      vertex 49.7932 8.43895 0
      vertex 49.7932 8.43895 4.01
    endloop
  endfacet
  facet normal 0.989175 -0.146739 0
    outer loop
      vertex 49.7932 8.43895 0
      vertex 49.7608 8.22054 4.01
      vertex 49.7608 8.22054 0
    endloop
  endfacet
  facet normal 0.243069 0.970009 -0
    outer loop
      vertex 51.561 5.79323 0
      vertex 51.3469 5.84688 4.01
      vertex 51.561 5.79323 4.01
    endloop
  endfacet
  facet normal 0.243069 0.970009 0
    outer loop
      vertex 51.3469 5.84688 4.01
      vertex 51.561 5.79323 0
      vertex 51.3469 5.84688 0
    endloop
  endfacet
  facet normal -0.336939 -0.941527 0
    outer loop
      vertex 52.6531 10.1531 0
      vertex 52.861 10.0787 4.01
      vertex 52.6531 10.1531 4.01
    endloop
  endfacet
  facet normal -0.336939 -0.941527 -0
    outer loop
      vertex 52.861 10.0787 4.01
      vertex 52.6531 10.1531 0
      vertex 52.861 10.0787 0
    endloop
  endfacet
  facet normal 0.514063 -0.857753 0
    outer loop
      vertex 50.75 9.87081 0
      vertex 50.9394 9.98432 4.01
      vertex 50.75 9.87081 4.01
    endloop
  endfacet
  facet normal 0.514063 -0.857753 0
    outer loop
      vertex 50.9394 9.98432 4.01
      vertex 50.75 9.87081 0
      vertex 50.9394 9.98432 0
    endloop
  endfacet
  facet normal 0.903996 0.427541 0
    outer loop
      vertex 50.0157 6.93936 4.01
      vertex 49.9213 7.13896 0
      vertex 49.9213 7.13896 4.01
    endloop
  endfacet
  facet normal 0.903996 0.427541 0
    outer loop
      vertex 49.9213 7.13896 0
      vertex 50.0157 6.93936 4.01
      vertex 50.0157 6.93936 0
    endloop
  endfacet
  facet normal 0.243282 -0.969956 0
    outer loop
      vertex 51.3469 10.1531 0
      vertex 51.561 10.2068 4.01
      vertex 51.3469 10.1531 4.01
    endloop
  endfacet
  facet normal 0.243282 -0.969956 0
    outer loop
      vertex 51.561 10.2068 4.01
      vertex 51.3469 10.1531 0
      vertex 51.561 10.2068 0
    endloop
  endfacet
  facet normal 0.857761 0.514049 0
    outer loop
      vertex 50.1292 6.74997 4.01
      vertex 50.0157 6.93936 0
      vertex 50.0157 6.93936 4.01
    endloop
  endfacet
  facet normal 0.857761 0.514049 0
    outer loop
      vertex 50.0157 6.93936 0
      vertex 50.1292 6.74997 4.01
      vertex 50.1292 6.74997 0
    endloop
  endfacet
  facet normal -0.243069 0.970009 0
    outer loop
      vertex 52.6531 5.84688 0
      vertex 52.439 5.79323 4.01
      vertex 52.6531 5.84688 4.01
    endloop
  endfacet
  facet normal -0.243069 0.970009 0
    outer loop
      vertex 52.439 5.79323 4.01
      vertex 52.6531 5.84688 0
      vertex 52.439 5.79323 0
    endloop
  endfacet
  facet normal 0.595615 0.80327 -0
    outer loop
      vertex 50.75 6.12919 0
      vertex 50.5726 6.26073 4.01
      vertex 50.75 6.12919 4.01
    endloop
  endfacet
  facet normal 0.595615 0.80327 0
    outer loop
      vertex 50.5726 6.26073 4.01
      vertex 50.75 6.12919 0
      vertex 50.5726 6.26073 0
    endloop
  endfacet
  facet normal -0.514063 0.857753 0
    outer loop
      vertex 53.25 6.12919 0
      vertex 53.0606 6.01568 4.01
      vertex 53.25 6.12919 4.01
    endloop
  endfacet
  facet normal -0.514063 0.857753 0
    outer loop
      vertex 53.0606 6.01568 4.01
      vertex 53.25 6.12919 0
      vertex 53.0606 6.01568 0
    endloop
  endfacet
  facet normal -0.803292 0.595585 0
    outer loop
      vertex 53.7393 6.57261 0
      vertex 53.8708 6.74997 4.01
      vertex 53.8708 6.74997 0
    endloop
  endfacet
  facet normal -0.803292 0.595585 0
    outer loop
      vertex 53.8708 6.74997 4.01
      vertex 53.7393 6.57261 0
      vertex 53.7393 6.57261 4.01
    endloop
  endfacet
  facet normal -0.14668 -0.989184 0
    outer loop
      vertex 52.2205 10.2392 0
      vertex 52.439 10.2068 4.01
      vertex 52.2205 10.2392 4.01
    endloop
  endfacet
  facet normal -0.14668 -0.989184 -0
    outer loop
      vertex 52.439 10.2068 4.01
      vertex 52.2205 10.2392 0
      vertex 52.439 10.2068 0
    endloop
  endfacet
  facet normal 0.595615 -0.80327 0
    outer loop
      vertex 50.5726 9.73927 0
      vertex 50.75 9.87081 4.01
      vertex 50.5726 9.73927 4.01
    endloop
  endfacet
  facet normal 0.595615 -0.80327 0
    outer loop
      vertex 50.75 9.87081 4.01
      vertex 50.5726 9.73927 0
      vertex 50.75 9.87081 0
    endloop
  endfacet
  facet normal 0.803276 -0.595607 0
    outer loop
      vertex 50.1292 9.25003 4.01
      vertex 50.2607 9.42738 0
      vertex 50.2607 9.42738 4.01
    endloop
  endfacet
  facet normal 0.803276 -0.595607 0
    outer loop
      vertex 50.2607 9.42738 0
      vertex 50.1292 9.25003 4.01
      vertex 50.1292 9.25003 0
    endloop
  endfacet
  facet normal -0.989175 0.146739 0
    outer loop
      vertex 54.2068 7.56105 0
      vertex 54.2392 7.77946 4.01
      vertex 54.2392 7.77946 0
    endloop
  endfacet
  facet normal -0.989175 0.146739 0
    outer loop
      vertex 54.2392 7.77946 4.01
      vertex 54.2068 7.56105 0
      vertex 54.2068 7.56105 4.01
    endloop
  endfacet
  facet normal 0.941527 -0.336939 0
    outer loop
      vertex 49.8469 8.65314 4.01
      vertex 49.9213 8.86104 0
      vertex 49.9213 8.86104 4.01
    endloop
  endfacet
  facet normal 0.941527 -0.336939 0
    outer loop
      vertex 49.9213 8.86104 0
      vertex 49.8469 8.65314 4.01
      vertex 49.8469 8.65314 0
    endloop
  endfacet
  facet normal -0.427467 -0.904031 0
    outer loop
      vertex 52.861 10.0787 0
      vertex 53.0606 9.98432 4.01
      vertex 52.861 10.0787 4.01
    endloop
  endfacet
  facet normal -0.427467 -0.904031 -0
    outer loop
      vertex 53.0606 9.98432 4.01
      vertex 52.861 10.0787 0
      vertex 53.0606 9.98432 0
    endloop
  endfacet
  facet normal 0.941527 0.336939 0
    outer loop
      vertex 49.9213 7.13896 4.01
      vertex 49.8469 7.34686 0
      vertex 49.8469 7.34686 4.01
    endloop
  endfacet
  facet normal 0.941527 0.336939 0
    outer loop
      vertex 49.8469 7.34686 0
      vertex 49.9213 7.13896 4.01
      vertex 49.9213 7.13896 0
    endloop
  endfacet
  facet normal -0.96998 0.243186 0
    outer loop
      vertex 54.1531 7.34686 0
      vertex 54.2068 7.56105 4.01
      vertex 54.2068 7.56105 0
    endloop
  endfacet
  facet normal -0.96998 0.243186 0
    outer loop
      vertex 54.2068 7.56105 4.01
      vertex 54.1531 7.34686 0
      vertex 54.1531 7.34686 4.01
    endloop
  endfacet
  facet normal 0.0489209 -0.998803 0
    outer loop
      vertex 51.7795 10.2392 0
      vertex 52 10.25 4.01
      vertex 51.7795 10.2392 4.01
    endloop
  endfacet
  facet normal 0.0489209 -0.998803 0
    outer loop
      vertex 52 10.25 4.01
      vertex 51.7795 10.2392 0
      vertex 52 10.25 0
    endloop
  endfacet
  facet normal -0.671563 -0.740948 0
    outer loop
      vertex 53.4274 9.73927 0
      vertex 53.591 9.59099 4.01
      vertex 53.4274 9.73927 4.01
    endloop
  endfacet
  facet normal -0.671563 -0.740948 -0
    outer loop
      vertex 53.591 9.59099 4.01
      vertex 53.4274 9.73927 0
      vertex 53.591 9.59099 0
    endloop
  endfacet
  facet normal 0.427467 -0.904031 0
    outer loop
      vertex 50.9394 9.98432 0
      vertex 51.139 10.0787 4.01
      vertex 50.9394 9.98432 4.01
    endloop
  endfacet
  facet normal 0.427467 -0.904031 0
    outer loop
      vertex 51.139 10.0787 4.01
      vertex 50.9394 9.98432 0
      vertex 51.139 10.0787 0
    endloop
  endfacet
  facet normal 0.671563 -0.740948 0
    outer loop
      vertex 50.409 9.59099 0
      vertex 50.5726 9.73927 4.01
      vertex 50.409 9.59099 4.01
    endloop
  endfacet
  facet normal 0.671563 -0.740948 0
    outer loop
      vertex 50.5726 9.73927 4.01
      vertex 50.409 9.59099 0
      vertex 50.5726 9.73927 0
    endloop
  endfacet
  facet normal -0.336899 0.941541 0
    outer loop
      vertex 52.861 5.92127 0
      vertex 52.6531 5.84688 4.01
      vertex 52.861 5.92127 4.01
    endloop
  endfacet
  facet normal -0.336899 0.941541 0
    outer loop
      vertex 52.6531 5.84688 4.01
      vertex 52.861 5.92127 0
      vertex 52.6531 5.84688 0
    endloop
  endfacet
  facet normal 0.336939 -0.941527 0
    outer loop
      vertex 51.139 10.0787 0
      vertex 51.3469 10.1531 4.01
      vertex 51.139 10.0787 4.01
    endloop
  endfacet
  facet normal 0.336939 -0.941527 0
    outer loop
      vertex 51.3469 10.1531 4.01
      vertex 51.139 10.0787 0
      vertex 51.3469 10.1531 0
    endloop
  endfacet
  facet normal -0.803276 -0.595607 0
    outer loop
      vertex 53.8708 9.25003 0
      vertex 53.7393 9.42738 4.01
      vertex 53.7393 9.42738 0
    endloop
  endfacet
  facet normal -0.803276 -0.595607 0
    outer loop
      vertex 53.7393 9.42738 4.01
      vertex 53.8708 9.25003 0
      vertex 53.8708 9.25003 4.01
    endloop
  endfacet
  facet normal 0.857761 -0.514049 0
    outer loop
      vertex 50.0157 9.06064 4.01
      vertex 50.1292 9.25003 0
      vertex 50.1292 9.25003 4.01
    endloop
  endfacet
  facet normal 0.857761 -0.514049 0
    outer loop
      vertex 50.1292 9.25003 0
      vertex 50.0157 9.06064 4.01
      vertex 50.0157 9.06064 0
    endloop
  endfacet
  facet normal -0.998803 0.0489121 0
    outer loop
      vertex 54.2392 7.77946 0
      vertex 54.25 8 4.01
      vertex 54.25 8 0
    endloop
  endfacet
  facet normal -0.998803 0.0489121 0
    outer loop
      vertex 54.25 8 4.01
      vertex 54.2392 7.77946 0
      vertex 54.2392 7.77946 4.01
    endloop
  endfacet
  facet normal -0.903996 0.427541 0
    outer loop
      vertex 53.9843 6.93936 0
      vertex 54.0787 7.13896 4.01
      vertex 54.0787 7.13896 0
    endloop
  endfacet
  facet normal -0.903996 0.427541 0
    outer loop
      vertex 54.0787 7.13896 4.01
      vertex 53.9843 6.93936 0
      vertex 53.9843 6.93936 4.01
    endloop
  endfacet
  facet normal -0.857761 -0.514049 0
    outer loop
      vertex 53.9843 9.06064 0
      vertex 53.8708 9.25003 4.01
      vertex 53.8708 9.25003 0
    endloop
  endfacet
  facet normal -0.857761 -0.514049 0
    outer loop
      vertex 53.8708 9.25003 4.01
      vertex 53.9843 9.06064 0
      vertex 53.9843 9.06064 4.01
    endloop
  endfacet
  facet normal 0.671563 0.740948 -0
    outer loop
      vertex 50.5726 6.26073 0
      vertex 50.409 6.40901 4.01
      vertex 50.5726 6.26073 4.01
    endloop
  endfacet
  facet normal 0.671563 0.740948 0
    outer loop
      vertex 50.409 6.40901 4.01
      vertex 50.5726 6.26073 0
      vertex 50.409 6.40901 0
    endloop
  endfacet
  facet normal -0.595615 -0.80327 0
    outer loop
      vertex 53.25 9.87081 0
      vertex 53.4274 9.73927 4.01
      vertex 53.25 9.87081 4.01
    endloop
  endfacet
  facet normal -0.595615 -0.80327 -0
    outer loop
      vertex 53.4274 9.73927 4.01
      vertex 53.25 9.87081 0
      vertex 53.4274 9.73927 0
    endloop
  endfacet
  facet normal 0.514063 0.857753 -0
    outer loop
      vertex 50.9394 6.01568 0
      vertex 50.75 6.12919 4.01
      vertex 50.9394 6.01568 4.01
    endloop
  endfacet
  facet normal 0.514063 0.857753 0
    outer loop
      vertex 50.75 6.12919 4.01
      vertex 50.9394 6.01568 0
      vertex 50.75 6.12919 0
    endloop
  endfacet
  facet normal -0.514063 -0.857753 0
    outer loop
      vertex 53.0606 9.98432 0
      vertex 53.25 9.87081 4.01
      vertex 53.0606 9.98432 4.01
    endloop
  endfacet
  facet normal -0.514063 -0.857753 -0
    outer loop
      vertex 53.25 9.87081 4.01
      vertex 53.0606 9.98432 0
      vertex 53.25 9.87081 0
    endloop
  endfacet
  facet normal -0.14668 0.989184 0
    outer loop
      vertex 52.439 5.79323 0
      vertex 52.2205 5.76083 4.01
      vertex 52.439 5.79323 4.01
    endloop
  endfacet
  facet normal -0.14668 0.989184 0
    outer loop
      vertex 52.2205 5.76083 4.01
      vertex 52.439 5.79323 0
      vertex 52.2205 5.76083 0
    endloop
  endfacet
  facet normal -0.941527 -0.336939 0
    outer loop
      vertex 54.1531 8.65314 0
      vertex 54.0787 8.86104 4.01
      vertex 54.0787 8.86104 0
    endloop
  endfacet
  facet normal -0.941527 -0.336939 0
    outer loop
      vertex 54.0787 8.86104 4.01
      vertex 54.1531 8.65314 0
      vertex 54.1531 8.65314 4.01
    endloop
  endfacet
  facet normal -0.857761 0.514049 0
    outer loop
      vertex 53.8708 6.74997 0
      vertex 53.9843 6.93936 4.01
      vertex 53.9843 6.93936 0
    endloop
  endfacet
  facet normal -0.857761 0.514049 0
    outer loop
      vertex 53.9843 6.93936 4.01
      vertex 53.8708 6.74997 0
      vertex 53.8708 6.74997 4.01
    endloop
  endfacet
  facet normal 0.998803 0.0489121 0
    outer loop
      vertex 49.7608 7.77946 4.01
      vertex 49.75 8 0
      vertex 49.75 8 4.01
    endloop
  endfacet
  facet normal 0.998803 0.0489121 0
    outer loop
      vertex 49.75 8 0
      vertex 49.7608 7.77946 4.01
      vertex 49.7608 7.77946 0
    endloop
  endfacet
  facet normal -0.941527 0.336939 0
    outer loop
      vertex 54.0787 7.13896 0
      vertex 54.1531 7.34686 4.01
      vertex 54.1531 7.34686 0
    endloop
  endfacet
  facet normal -0.941527 0.336939 0
    outer loop
      vertex 54.1531 7.34686 4.01
      vertex 54.0787 7.13896 0
      vertex 54.0787 7.13896 4.01
    endloop
  endfacet
  facet normal -0.740923 -0.67159 0
    outer loop
      vertex 53.7393 9.42738 0
      vertex 53.591 9.59099 4.01
      vertex 53.591 9.59099 0
    endloop
  endfacet
  facet normal -0.740923 -0.67159 0
    outer loop
      vertex 53.591 9.59099 4.01
      vertex 53.7393 9.42738 0
      vertex 53.7393 9.42738 4.01
    endloop
  endfacet
  facet normal -0.0489209 -0.998803 0
    outer loop
      vertex 52 10.25 0
      vertex 52.2205 10.2392 4.01
      vertex 52 10.25 4.01
    endloop
  endfacet
  facet normal -0.0489209 -0.998803 -0
    outer loop
      vertex 52.2205 10.2392 4.01
      vertex 52 10.25 0
      vertex 52.2205 10.2392 0
    endloop
  endfacet
  facet normal -0.903996 -0.427541 0
    outer loop
      vertex 54.0787 8.86104 0
      vertex 53.9843 9.06064 4.01
      vertex 53.9843 9.06064 0
    endloop
  endfacet
  facet normal -0.903996 -0.427541 0
    outer loop
      vertex 53.9843 9.06064 4.01
      vertex 54.0787 8.86104 0
      vertex 54.0787 8.86104 4.01
    endloop
  endfacet
  facet normal 0.14668 0.989184 -0
    outer loop
      vertex 51.7795 5.76083 0
      vertex 51.561 5.79323 4.01
      vertex 51.7795 5.76083 4.01
    endloop
  endfacet
  facet normal 0.14668 0.989184 0
    outer loop
      vertex 51.561 5.79323 4.01
      vertex 51.7795 5.76083 0
      vertex 51.561 5.79323 0
    endloop
  endfacet
  facet normal -0.671563 0.740948 0
    outer loop
      vertex 53.591 6.40901 0
      vertex 53.4274 6.26073 4.01
      vertex 53.591 6.40901 4.01
    endloop
  endfacet
  facet normal -0.671563 0.740948 0
    outer loop
      vertex 53.4274 6.26073 4.01
      vertex 53.591 6.40901 0
      vertex 53.4274 6.26073 0
    endloop
  endfacet
  facet normal 0.0490565 0.998796 -0
    outer loop
      vertex 52 5.75 0
      vertex 51.7795 5.76083 4.01
      vertex 52 5.75 4.01
    endloop
  endfacet
  facet normal 0.0490565 0.998796 0
    outer loop
      vertex 51.7795 5.76083 4.01
      vertex 52 5.75 0
      vertex 51.7795 5.76083 0
    endloop
  endfacet
  facet normal 0.740923 -0.67159 0
    outer loop
      vertex 50.2607 9.42738 4.01
      vertex 50.409 9.59099 0
      vertex 50.409 9.59099 4.01
    endloop
  endfacet
  facet normal 0.740923 -0.67159 0
    outer loop
      vertex 50.409 9.59099 0
      vertex 50.2607 9.42738 4.01
      vertex 50.2607 9.42738 0
    endloop
  endfacet
  facet normal 0.14668 -0.989184 0
    outer loop
      vertex 51.561 10.2068 0
      vertex 51.7795 10.2392 4.01
      vertex 51.561 10.2068 4.01
    endloop
  endfacet
  facet normal 0.14668 -0.989184 0
    outer loop
      vertex 51.7795 10.2392 4.01
      vertex 51.561 10.2068 0
      vertex 51.7795 10.2392 0
    endloop
  endfacet
  facet normal 0.903996 -0.427541 0
    outer loop
      vertex 49.9213 8.86104 4.01
      vertex 50.0157 9.06064 0
      vertex 50.0157 9.06064 4.01
    endloop
  endfacet
  facet normal 0.903996 -0.427541 0
    outer loop
      vertex 50.0157 9.06064 0
      vertex 49.9213 8.86104 4.01
      vertex 49.9213 8.86104 0
    endloop
  endfacet
  facet normal 0.96998 -0.243186 0
    outer loop
      vertex 49.7932 8.43895 4.01
      vertex 49.8469 8.65314 0
      vertex 49.8469 8.65314 4.01
    endloop
  endfacet
  facet normal 0.96998 -0.243186 0
    outer loop
      vertex 49.8469 8.65314 0
      vertex 49.7932 8.43895 4.01
      vertex 49.7932 8.43895 0
    endloop
  endfacet
  facet normal -0.243282 -0.969956 0
    outer loop
      vertex 52.439 10.2068 0
      vertex 52.6531 10.1531 4.01
      vertex 52.439 10.2068 4.01
    endloop
  endfacet
  facet normal -0.243282 -0.969956 -0
    outer loop
      vertex 52.6531 10.1531 4.01
      vertex 52.439 10.2068 0
      vertex 52.6531 10.1531 0
    endloop
  endfacet
  facet normal 0.96998 0.243186 0
    outer loop
      vertex 49.8469 7.34686 4.01
      vertex 49.7932 7.56105 0
      vertex 49.7932 7.56105 4.01
    endloop
  endfacet
  facet normal 0.96998 0.243186 0
    outer loop
      vertex 49.7932 7.56105 0
      vertex 49.8469 7.34686 4.01
      vertex 49.8469 7.34686 0
    endloop
  endfacet
  facet normal 0.427578 0.903978 -0
    outer loop
      vertex 51.139 5.92127 0
      vertex 50.9394 6.01568 4.01
      vertex 51.139 5.92127 4.01
    endloop
  endfacet
  facet normal 0.427578 0.903978 0
    outer loop
      vertex 50.9394 6.01568 4.01
      vertex 51.139 5.92127 0
      vertex 50.9394 6.01568 0
    endloop
  endfacet
  facet normal 0.740902 0.671613 0
    outer loop
      vertex 50.409 6.40901 4.01
      vertex 50.2607 6.57261 0
      vertex 50.2607 6.57261 4.01
    endloop
  endfacet
  facet normal 0.740902 0.671613 0
    outer loop
      vertex 50.2607 6.57261 0
      vertex 50.409 6.40901 4.01
      vertex 50.409 6.40901 0
    endloop
  endfacet
  facet normal -0.427578 0.903978 0
    outer loop
      vertex 53.0606 6.01568 0
      vertex 52.861 5.92127 4.01
      vertex 53.0606 6.01568 4.01
    endloop
  endfacet
  facet normal -0.427578 0.903978 0
    outer loop
      vertex 52.861 5.92127 4.01
      vertex 53.0606 6.01568 0
      vertex 52.861 5.92127 0
    endloop
  endfacet
  facet normal -0.0490565 0.998796 0
    outer loop
      vertex 52.2205 5.76083 0
      vertex 52 5.75 4.01
      vertex 52.2205 5.76083 4.01
    endloop
  endfacet
  facet normal -0.0490565 0.998796 0
    outer loop
      vertex 52 5.75 4.01
      vertex 52.2205 5.76083 0
      vertex 52 5.75 0
    endloop
  endfacet
  facet normal 0.989175 0.146739 0
    outer loop
      vertex 49.7932 7.56105 4.01
      vertex 49.7608 7.77946 0
      vertex 49.7608 7.77946 4.01
    endloop
  endfacet
  facet normal 0.989175 0.146739 0
    outer loop
      vertex 49.7608 7.77946 0
      vertex 49.7932 7.56105 4.01
      vertex 49.7932 7.56105 0
    endloop
  endfacet
  facet normal -0.595615 0.80327 0
    outer loop
      vertex 53.4274 6.26073 0
      vertex 53.25 6.12919 4.01
      vertex 53.4274 6.26073 4.01
    endloop
  endfacet
  facet normal -0.595615 0.80327 0
    outer loop
      vertex 53.25 6.12919 4.01
      vertex 53.4274 6.26073 0
      vertex 53.25 6.12919 0
    endloop
  endfacet
  facet normal 0.803292 0.595585 0
    outer loop
      vertex 50.2607 6.57261 4.01
      vertex 50.1292 6.74997 0
      vertex 50.1292 6.74997 4.01
    endloop
  endfacet
  facet normal 0.803292 0.595585 0
    outer loop
      vertex 50.1292 6.74997 0
      vertex 50.2607 6.57261 4.01
      vertex 50.2607 6.57261 0
    endloop
  endfacet
  facet normal 0.998803 -0.0489121 0
    outer loop
      vertex 49.75 8 4.01
      vertex 49.7608 8.22054 0
      vertex 49.7608 8.22054 4.01
    endloop
  endfacet
  facet normal 0.998803 -0.0489121 0
    outer loop
      vertex 49.7608 8.22054 0
      vertex 49.75 8 4.01
      vertex 49.75 8 0
    endloop
  endfacet
  facet normal -0.740902 0.671613 0
    outer loop
      vertex 53.591 6.40901 0
      vertex 53.7393 6.57261 4.01
      vertex 53.7393 6.57261 0
    endloop
  endfacet
  facet normal -0.740902 0.671613 0
    outer loop
      vertex 53.7393 6.57261 4.01
      vertex 53.591 6.40901 0
      vertex 53.591 6.40901 4.01
    endloop
  endfacet
  facet normal -0.989184 -0.14668 0
    outer loop
      vertex 54.2392 32.2205 0
      vertex 54.2068 32.439 4.01
      vertex 54.2068 32.439 0
    endloop
  endfacet
  facet normal -0.989184 -0.14668 0
    outer loop
      vertex 54.2068 32.439 4.01
      vertex 54.2392 32.2205 0
      vertex 54.2392 32.2205 4.01
    endloop
  endfacet
  facet normal -0.998803 -0.0489209 0
    outer loop
      vertex 54.25 32 0
      vertex 54.2392 32.2205 4.01
      vertex 54.2392 32.2205 0
    endloop
  endfacet
  facet normal -0.998803 -0.0489209 0
    outer loop
      vertex 54.2392 32.2205 4.01
      vertex 54.25 32 0
      vertex 54.25 32 4.01
    endloop
  endfacet
  facet normal -0.969956 -0.243282 0
    outer loop
      vertex 54.2068 32.439 0
      vertex 54.1531 32.6531 4.01
      vertex 54.1531 32.6531 0
    endloop
  endfacet
  facet normal -0.969956 -0.243282 0
    outer loop
      vertex 54.1531 32.6531 4.01
      vertex 54.2068 32.439 0
      vertex 54.2068 32.439 4.01
    endloop
  endfacet
  facet normal 0.671613 0.740902 -0
    outer loop
      vertex 50.5726 30.2607 0
      vertex 50.409 30.409 4.01
      vertex 50.5726 30.2607 4.01
    endloop
  endfacet
  facet normal 0.671613 0.740902 0
    outer loop
      vertex 50.409 30.409 4.01
      vertex 50.5726 30.2607 0
      vertex 50.409 30.409 0
    endloop
  endfacet
  facet normal -0.941527 -0.336939 0
    outer loop
      vertex 54.1531 32.6531 0
      vertex 54.0787 32.861 4.01
      vertex 54.0787 32.861 0
    endloop
  endfacet
  facet normal -0.941527 -0.336939 0
    outer loop
      vertex 54.0787 32.861 4.01
      vertex 54.1531 32.6531 0
      vertex 54.1531 32.6531 4.01
    endloop
  endfacet
  facet normal -0.336939 -0.941527 0
    outer loop
      vertex 52.6531 34.1531 0
      vertex 52.861 34.0787 4.01
      vertex 52.6531 34.1531 4.01
    endloop
  endfacet
  facet normal -0.336939 -0.941527 -0
    outer loop
      vertex 52.861 34.0787 4.01
      vertex 52.6531 34.1531 0
      vertex 52.861 34.0787 0
    endloop
  endfacet
  facet normal 0.0489209 0.998803 -0
    outer loop
      vertex 52 29.75 0
      vertex 51.7795 29.7608 4.01
      vertex 52 29.75 4.01
    endloop
  endfacet
  facet normal 0.0489209 0.998803 0
    outer loop
      vertex 51.7795 29.7608 4.01
      vertex 52 29.75 0
      vertex 51.7795 29.7608 0
    endloop
  endfacet
  facet normal -0.941527 0.336939 0
    outer loop
      vertex 54.0787 31.139 0
      vertex 54.1531 31.3469 4.01
      vertex 54.1531 31.3469 0
    endloop
  endfacet
  facet normal -0.941527 0.336939 0
    outer loop
      vertex 54.1531 31.3469 4.01
      vertex 54.0787 31.139 0
      vertex 54.0787 31.139 4.01
    endloop
  endfacet
  facet normal 0.427541 -0.903996 0
    outer loop
      vertex 50.9394 33.9843 0
      vertex 51.139 34.0787 4.01
      vertex 50.9394 33.9843 4.01
    endloop
  endfacet
  facet normal 0.427541 -0.903996 0
    outer loop
      vertex 51.139 34.0787 4.01
      vertex 50.9394 33.9843 0
      vertex 51.139 34.0787 0
    endloop
  endfacet
  facet normal -0.671613 -0.740902 0
    outer loop
      vertex 53.4274 33.7393 0
      vertex 53.591 33.591 4.01
      vertex 53.4274 33.7393 4.01
    endloop
  endfacet
  facet normal -0.671613 -0.740902 -0
    outer loop
      vertex 53.591 33.591 4.01
      vertex 53.4274 33.7393 0
      vertex 53.591 33.591 0
    endloop
  endfacet
  facet normal -0.243282 0.969956 0
    outer loop
      vertex 52.6531 29.8469 0
      vertex 52.439 29.7932 4.01
      vertex 52.6531 29.8469 4.01
    endloop
  endfacet
  facet normal -0.243282 0.969956 0
    outer loop
      vertex 52.439 29.7932 4.01
      vertex 52.6531 29.8469 0
      vertex 52.439 29.7932 0
    endloop
  endfacet
  facet normal -0.14668 -0.989184 0
    outer loop
      vertex 52.2205 34.2392 0
      vertex 52.439 34.2068 4.01
      vertex 52.2205 34.2392 4.01
    endloop
  endfacet
  facet normal -0.14668 -0.989184 -0
    outer loop
      vertex 52.439 34.2068 4.01
      vertex 52.2205 34.2392 0
      vertex 52.439 34.2068 0
    endloop
  endfacet
  facet normal 0.969956 -0.243282 0
    outer loop
      vertex 49.7932 32.439 4.01
      vertex 49.8469 32.6531 0
      vertex 49.8469 32.6531 4.01
    endloop
  endfacet
  facet normal 0.969956 -0.243282 0
    outer loop
      vertex 49.8469 32.6531 0
      vertex 49.7932 32.439 4.01
      vertex 49.7932 32.439 0
    endloop
  endfacet
  facet normal 0.903996 0.427541 0
    outer loop
      vertex 50.0157 30.9394 4.01
      vertex 49.9213 31.139 0
      vertex 49.9213 31.139 4.01
    endloop
  endfacet
  facet normal 0.903996 0.427541 0
    outer loop
      vertex 49.9213 31.139 0
      vertex 50.0157 30.9394 4.01
      vertex 50.0157 30.9394 0
    endloop
  endfacet
  facet normal -0.803357 0.595498 0
    outer loop
      vertex 53.7393 30.5726 0
      vertex 53.8708 30.75 4.01
      vertex 53.8708 30.75 0
    endloop
  endfacet
  facet normal -0.803357 0.595498 0
    outer loop
      vertex 53.8708 30.75 4.01
      vertex 53.7393 30.5726 0
      vertex 53.7393 30.5726 4.01
    endloop
  endfacet
  facet normal 0.803357 0.595498 0
    outer loop
      vertex 50.2607 30.5726 4.01
      vertex 50.1292 30.75 0
      vertex 50.1292 30.75 4.01
    endloop
  endfacet
  facet normal 0.803357 0.595498 0
    outer loop
      vertex 50.1292 30.75 0
      vertex 50.2607 30.5726 4.01
      vertex 50.2607 30.5726 0
    endloop
  endfacet
  facet normal -0.989184 0.14668 0
    outer loop
      vertex 54.2068 31.561 0
      vertex 54.2392 31.7795 4.01
      vertex 54.2392 31.7795 0
    endloop
  endfacet
  facet normal -0.989184 0.14668 0
    outer loop
      vertex 54.2392 31.7795 4.01
      vertex 54.2068 31.561 0
      vertex 54.2068 31.561 4.01
    endloop
  endfacet
  facet normal 0.14668 -0.989184 0
    outer loop
      vertex 51.561 34.2068 0
      vertex 51.7795 34.2392 4.01
      vertex 51.561 34.2068 4.01
    endloop
  endfacet
  facet normal 0.14668 -0.989184 0
    outer loop
      vertex 51.7795 34.2392 4.01
      vertex 51.561 34.2068 0
      vertex 51.7795 34.2392 0
    endloop
  endfacet
  facet normal -0.0489209 -0.998803 0
    outer loop
      vertex 52 34.25 0
      vertex 52.2205 34.2392 4.01
      vertex 52 34.25 4.01
    endloop
  endfacet
  facet normal -0.0489209 -0.998803 -0
    outer loop
      vertex 52.2205 34.2392 4.01
      vertex 52 34.25 0
      vertex 52.2205 34.2392 0
    endloop
  endfacet
  facet normal 0.941527 0.336939 0
    outer loop
      vertex 49.9213 31.139 4.01
      vertex 49.8469 31.3469 0
      vertex 49.8469 31.3469 4.01
    endloop
  endfacet
  facet normal 0.941527 0.336939 0
    outer loop
      vertex 49.8469 31.3469 0
      vertex 49.9213 31.139 4.01
      vertex 49.9213 31.139 0
    endloop
  endfacet
  facet normal -0.427541 -0.903996 0
    outer loop
      vertex 52.861 34.0787 0
      vertex 53.0606 33.9843 4.01
      vertex 52.861 34.0787 4.01
    endloop
  endfacet
  facet normal -0.427541 -0.903996 -0
    outer loop
      vertex 53.0606 33.9843 4.01
      vertex 52.861 34.0787 0
      vertex 53.0606 33.9843 0
    endloop
  endfacet
  facet normal 0.857773 0.514029 0
    outer loop
      vertex 50.1292 30.75 4.01
      vertex 50.0157 30.9394 0
      vertex 50.0157 30.9394 4.01
    endloop
  endfacet
  facet normal 0.857773 0.514029 0
    outer loop
      vertex 50.0157 30.9394 0
      vertex 50.1292 30.75 4.01
      vertex 50.1292 30.75 0
    endloop
  endfacet
  facet normal 0.14668 0.989184 -0
    outer loop
      vertex 51.7795 29.7608 0
      vertex 51.561 29.7932 4.01
      vertex 51.7795 29.7608 4.01
    endloop
  endfacet
  facet normal 0.14668 0.989184 0
    outer loop
      vertex 51.561 29.7932 4.01
      vertex 51.7795 29.7608 0
      vertex 51.561 29.7932 0
    endloop
  endfacet
  facet normal -0.671613 0.740902 0
    outer loop
      vertex 53.591 30.409 0
      vertex 53.4274 30.2607 4.01
      vertex 53.591 30.409 4.01
    endloop
  endfacet
  facet normal -0.671613 0.740902 0
    outer loop
      vertex 53.4274 30.2607 4.01
      vertex 53.591 30.409 0
      vertex 53.4274 30.2607 0
    endloop
  endfacet
  facet normal 0.336939 -0.941527 0
    outer loop
      vertex 51.139 34.0787 0
      vertex 51.3469 34.1531 4.01
      vertex 51.139 34.0787 4.01
    endloop
  endfacet
  facet normal 0.336939 -0.941527 0
    outer loop
      vertex 51.3469 34.1531 4.01
      vertex 51.139 34.0787 0
      vertex 51.3469 34.1531 0
    endloop
  endfacet
  facet normal -0.969956 0.243282 0
    outer loop
      vertex 54.1531 31.3469 0
      vertex 54.2068 31.561 4.01
      vertex 54.2068 31.561 0
    endloop
  endfacet
  facet normal -0.969956 0.243282 0
    outer loop
      vertex 54.2068 31.561 4.01
      vertex 54.1531 31.3469 0
      vertex 54.1531 31.3469 4.01
    endloop
  endfacet
  facet normal 0.671613 -0.740902 0
    outer loop
      vertex 50.409 33.591 0
      vertex 50.5726 33.7393 4.01
      vertex 50.409 33.591 4.01
    endloop
  endfacet
  facet normal 0.671613 -0.740902 0
    outer loop
      vertex 50.5726 33.7393 4.01
      vertex 50.409 33.591 0
      vertex 50.5726 33.7393 0
    endloop
  endfacet
  facet normal 0.595498 0.803357 -0
    outer loop
      vertex 50.75 30.1292 0
      vertex 50.5726 30.2607 4.01
      vertex 50.75 30.1292 4.01
    endloop
  endfacet
  facet normal 0.595498 0.803357 0
    outer loop
      vertex 50.5726 30.2607 4.01
      vertex 50.75 30.1292 0
      vertex 50.5726 30.2607 0
    endloop
  endfacet
  facet normal -0.803357 -0.595498 0
    outer loop
      vertex 53.8708 33.25 0
      vertex 53.7393 33.4274 4.01
      vertex 53.7393 33.4274 0
    endloop
  endfacet
  facet normal -0.803357 -0.595498 0
    outer loop
      vertex 53.7393 33.4274 4.01
      vertex 53.8708 33.25 0
      vertex 53.8708 33.25 4.01
    endloop
  endfacet
  facet normal 0.969956 0.243282 0
    outer loop
      vertex 49.8469 31.3469 4.01
      vertex 49.7932 31.561 0
      vertex 49.7932 31.561 4.01
    endloop
  endfacet
  facet normal 0.969956 0.243282 0
    outer loop
      vertex 49.7932 31.561 0
      vertex 49.8469 31.3469 4.01
      vertex 49.8469 31.3469 0
    endloop
  endfacet
  facet normal 0.857773 -0.514029 0
    outer loop
      vertex 50.0157 33.0606 4.01
      vertex 50.1292 33.25 0
      vertex 50.1292 33.25 4.01
    endloop
  endfacet
  facet normal 0.857773 -0.514029 0
    outer loop
      vertex 50.1292 33.25 0
      vertex 50.0157 33.0606 4.01
      vertex 50.0157 33.0606 0
    endloop
  endfacet
  facet normal -0.998803 0.0489209 0
    outer loop
      vertex 54.2392 31.7795 0
      vertex 54.25 32 4.01
      vertex 54.25 32 0
    endloop
  endfacet
  facet normal -0.998803 0.0489209 0
    outer loop
      vertex 54.25 32 4.01
      vertex 54.2392 31.7795 0
      vertex 54.2392 31.7795 4.01
    endloop
  endfacet
  facet normal -0.336939 0.941527 0
    outer loop
      vertex 52.861 29.9213 0
      vertex 52.6531 29.8469 4.01
      vertex 52.861 29.9213 4.01
    endloop
  endfacet
  facet normal -0.336939 0.941527 0
    outer loop
      vertex 52.6531 29.8469 4.01
      vertex 52.861 29.9213 0
      vertex 52.6531 29.8469 0
    endloop
  endfacet
  facet normal 0.941527 -0.336939 0
    outer loop
      vertex 49.8469 32.6531 4.01
      vertex 49.9213 32.861 0
      vertex 49.9213 32.861 4.01
    endloop
  endfacet
  facet normal 0.941527 -0.336939 0
    outer loop
      vertex 49.9213 32.861 0
      vertex 49.8469 32.6531 4.01
      vertex 49.8469 32.6531 0
    endloop
  endfacet
  facet normal -0.595498 -0.803357 0
    outer loop
      vertex 53.25 33.8708 0
      vertex 53.4274 33.7393 4.01
      vertex 53.25 33.8708 4.01
    endloop
  endfacet
  facet normal -0.595498 -0.803357 -0
    outer loop
      vertex 53.4274 33.7393 4.01
      vertex 53.25 33.8708 0
      vertex 53.4274 33.7393 0
    endloop
  endfacet
  facet normal -0.514029 -0.857773 0
    outer loop
      vertex 53.0606 33.9843 0
      vertex 53.25 33.8708 4.01
      vertex 53.0606 33.9843 4.01
    endloop
  endfacet
  facet normal -0.514029 -0.857773 -0
    outer loop
      vertex 53.25 33.8708 4.01
      vertex 53.0606 33.9843 0
      vertex 53.25 33.8708 0
    endloop
  endfacet
  facet normal -0.14668 0.989184 0
    outer loop
      vertex 52.439 29.7932 0
      vertex 52.2205 29.7608 4.01
      vertex 52.439 29.7932 4.01
    endloop
  endfacet
  facet normal -0.14668 0.989184 0
    outer loop
      vertex 52.2205 29.7608 4.01
      vertex 52.439 29.7932 0
      vertex 52.2205 29.7608 0
    endloop
  endfacet
  facet normal -0.857773 0.514029 0
    outer loop
      vertex 53.8708 30.75 0
      vertex 53.9843 30.9394 4.01
      vertex 53.9843 30.9394 0
    endloop
  endfacet
  facet normal -0.857773 0.514029 0
    outer loop
      vertex 53.9843 30.9394 4.01
      vertex 53.8708 30.75 0
      vertex 53.8708 30.75 4.01
    endloop
  endfacet
  facet normal 0.998803 0.0489209 0
    outer loop
      vertex 49.7608 31.7795 4.01
      vertex 49.75 32 0
      vertex 49.75 32 4.01
    endloop
  endfacet
  facet normal 0.998803 0.0489209 0
    outer loop
      vertex 49.75 32 0
      vertex 49.7608 31.7795 4.01
      vertex 49.7608 31.7795 0
    endloop
  endfacet
  facet normal -0.243282 -0.969956 0
    outer loop
      vertex 52.439 34.2068 0
      vertex 52.6531 34.1531 4.01
      vertex 52.439 34.2068 4.01
    endloop
  endfacet
  facet normal -0.243282 -0.969956 -0
    outer loop
      vertex 52.6531 34.1531 4.01
      vertex 52.439 34.2068 0
      vertex 52.6531 34.1531 0
    endloop
  endfacet
  facet normal 0.998803 -0.0489209 0
    outer loop
      vertex 49.75 32 4.01
      vertex 49.7608 32.2205 0
      vertex 49.7608 32.2205 4.01
    endloop
  endfacet
  facet normal 0.998803 -0.0489209 0
    outer loop
      vertex 49.7608 32.2205 0
      vertex 49.75 32 4.01
      vertex 49.75 32 0
    endloop
  endfacet
  facet normal 0.514029 -0.857773 0
    outer loop
      vertex 50.75 33.8708 0
      vertex 50.9394 33.9843 4.01
      vertex 50.75 33.8708 4.01
    endloop
  endfacet
  facet normal 0.514029 -0.857773 0
    outer loop
      vertex 50.9394 33.9843 4.01
      vertex 50.75 33.8708 0
      vertex 50.9394 33.9843 0
    endloop
  endfacet
  facet normal 0.243282 0.969956 -0
    outer loop
      vertex 51.561 29.7932 0
      vertex 51.3469 29.8469 4.01
      vertex 51.561 29.7932 4.01
    endloop
  endfacet
  facet normal 0.243282 0.969956 0
    outer loop
      vertex 51.3469 29.8469 4.01
      vertex 51.561 29.7932 0
      vertex 51.3469 29.8469 0
    endloop
  endfacet
  facet normal -0.903996 -0.427541 0
    outer loop
      vertex 54.0787 32.861 0
      vertex 53.9843 33.0606 4.01
      vertex 53.9843 33.0606 0
    endloop
  endfacet
  facet normal -0.903996 -0.427541 0
    outer loop
      vertex 53.9843 33.0606 4.01
      vertex 54.0787 32.861 0
      vertex 54.0787 32.861 4.01
    endloop
  endfacet
  facet normal -0.857773 -0.514029 0
    outer loop
      vertex 53.9843 33.0606 0
      vertex 53.8708 33.25 4.01
      vertex 53.8708 33.25 0
    endloop
  endfacet
  facet normal -0.857773 -0.514029 0
    outer loop
      vertex 53.8708 33.25 4.01
      vertex 53.9843 33.0606 0
      vertex 53.9843 33.0606 4.01
    endloop
  endfacet
  facet normal 0.740902 -0.671613 0
    outer loop
      vertex 50.2607 33.4274 4.01
      vertex 50.409 33.591 0
      vertex 50.409 33.591 4.01
    endloop
  endfacet
  facet normal 0.740902 -0.671613 0
    outer loop
      vertex 50.409 33.591 0
      vertex 50.2607 33.4274 4.01
      vertex 50.2607 33.4274 0
    endloop
  endfacet
  facet normal 0.989184 0.14668 0
    outer loop
      vertex 49.7932 31.561 4.01
      vertex 49.7608 31.7795 0
      vertex 49.7608 31.7795 4.01
    endloop
  endfacet
  facet normal 0.989184 0.14668 0
    outer loop
      vertex 49.7608 31.7795 0
      vertex 49.7932 31.561 4.01
      vertex 49.7932 31.561 0
    endloop
  endfacet
  facet normal 0.740902 0.671613 0
    outer loop
      vertex 50.409 30.409 4.01
      vertex 50.2607 30.5726 0
      vertex 50.2607 30.5726 4.01
    endloop
  endfacet
  facet normal 0.740902 0.671613 0
    outer loop
      vertex 50.2607 30.5726 0
      vertex 50.409 30.409 4.01
      vertex 50.409 30.409 0
    endloop
  endfacet
  facet normal 0.0489209 -0.998803 0
    outer loop
      vertex 51.7795 34.2392 0
      vertex 52 34.25 4.01
      vertex 51.7795 34.2392 4.01
    endloop
  endfacet
  facet normal 0.0489209 -0.998803 0
    outer loop
      vertex 52 34.25 4.01
      vertex 51.7795 34.2392 0
      vertex 52 34.25 0
    endloop
  endfacet
  facet normal 0.243282 -0.969956 0
    outer loop
      vertex 51.3469 34.1531 0
      vertex 51.561 34.2068 4.01
      vertex 51.3469 34.1531 4.01
    endloop
  endfacet
  facet normal 0.243282 -0.969956 0
    outer loop
      vertex 51.561 34.2068 4.01
      vertex 51.3469 34.1531 0
      vertex 51.561 34.2068 0
    endloop
  endfacet
  facet normal 0.514029 0.857773 -0
    outer loop
      vertex 50.9394 30.0157 0
      vertex 50.75 30.1292 4.01
      vertex 50.9394 30.0157 4.01
    endloop
  endfacet
  facet normal 0.514029 0.857773 0
    outer loop
      vertex 50.75 30.1292 4.01
      vertex 50.9394 30.0157 0
      vertex 50.75 30.1292 0
    endloop
  endfacet
  facet normal 0.903996 -0.427541 0
    outer loop
      vertex 49.9213 32.861 4.01
      vertex 50.0157 33.0606 0
      vertex 50.0157 33.0606 4.01
    endloop
  endfacet
  facet normal 0.903996 -0.427541 0
    outer loop
      vertex 50.0157 33.0606 0
      vertex 49.9213 32.861 4.01
      vertex 49.9213 32.861 0
    endloop
  endfacet
  facet normal -0.427541 0.903996 0
    outer loop
      vertex 53.0606 30.0157 0
      vertex 52.861 29.9213 4.01
      vertex 53.0606 30.0157 4.01
    endloop
  endfacet
  facet normal -0.427541 0.903996 0
    outer loop
      vertex 52.861 29.9213 4.01
      vertex 53.0606 30.0157 0
      vertex 52.861 29.9213 0
    endloop
  endfacet
  facet normal -0.595498 0.803357 0
    outer loop
      vertex 53.4274 30.2607 0
      vertex 53.25 30.1292 4.01
      vertex 53.4274 30.2607 4.01
    endloop
  endfacet
  facet normal -0.595498 0.803357 0
    outer loop
      vertex 53.25 30.1292 4.01
      vertex 53.4274 30.2607 0
      vertex 53.25 30.1292 0
    endloop
  endfacet
  facet normal -0.740902 -0.671613 0
    outer loop
      vertex 53.7393 33.4274 0
      vertex 53.591 33.591 4.01
      vertex 53.591 33.591 0
    endloop
  endfacet
  facet normal -0.740902 -0.671613 0
    outer loop
      vertex 53.591 33.591 4.01
      vertex 53.7393 33.4274 0
      vertex 53.7393 33.4274 4.01
    endloop
  endfacet
  facet normal -0.514029 0.857773 0
    outer loop
      vertex 53.25 30.1292 0
      vertex 53.0606 30.0157 4.01
      vertex 53.25 30.1292 4.01
    endloop
  endfacet
  facet normal -0.514029 0.857773 0
    outer loop
      vertex 53.0606 30.0157 4.01
      vertex 53.25 30.1292 0
      vertex 53.0606 30.0157 0
    endloop
  endfacet
  facet normal -0.903996 0.427541 0
    outer loop
      vertex 53.9843 30.9394 0
      vertex 54.0787 31.139 4.01
      vertex 54.0787 31.139 0
    endloop
  endfacet
  facet normal -0.903996 0.427541 0
    outer loop
      vertex 54.0787 31.139 4.01
      vertex 53.9843 30.9394 0
      vertex 53.9843 30.9394 4.01
    endloop
  endfacet
  facet normal 0.803357 -0.595498 0
    outer loop
      vertex 50.1292 33.25 4.01
      vertex 50.2607 33.4274 0
      vertex 50.2607 33.4274 4.01
    endloop
  endfacet
  facet normal 0.803357 -0.595498 0
    outer loop
      vertex 50.2607 33.4274 0
      vertex 50.1292 33.25 4.01
      vertex 50.1292 33.25 0
    endloop
  endfacet
  facet normal -0.0489209 0.998803 0
    outer loop
      vertex 52.2205 29.7608 0
      vertex 52 29.75 4.01
      vertex 52.2205 29.7608 4.01
    endloop
  endfacet
  facet normal -0.0489209 0.998803 0
    outer loop
      vertex 52 29.75 4.01
      vertex 52.2205 29.7608 0
      vertex 52 29.75 0
    endloop
  endfacet
  facet normal 0.595498 -0.803357 0
    outer loop
      vertex 50.5726 33.7393 0
      vertex 50.75 33.8708 4.01
      vertex 50.5726 33.7393 4.01
    endloop
  endfacet
  facet normal 0.595498 -0.803357 0
    outer loop
      vertex 50.75 33.8708 4.01
      vertex 50.5726 33.7393 0
      vertex 50.75 33.8708 0
    endloop
  endfacet
  facet normal -0.740902 0.671613 0
    outer loop
      vertex 53.591 30.409 0
      vertex 53.7393 30.5726 4.01
      vertex 53.7393 30.5726 0
    endloop
  endfacet
  facet normal -0.740902 0.671613 0
    outer loop
      vertex 53.7393 30.5726 4.01
      vertex 53.591 30.409 0
      vertex 53.591 30.409 4.01
    endloop
  endfacet
  facet normal 0.989184 -0.14668 0
    outer loop
      vertex 49.7608 32.2205 4.01
      vertex 49.7932 32.439 0
      vertex 49.7932 32.439 4.01
    endloop
  endfacet
  facet normal 0.989184 -0.14668 0
    outer loop
      vertex 49.7932 32.439 0
      vertex 49.7608 32.2205 4.01
      vertex 49.7608 32.2205 0
    endloop
  endfacet
  facet normal 0.336939 0.941527 -0
    outer loop
      vertex 51.3469 29.8469 0
      vertex 51.139 29.9213 4.01
      vertex 51.3469 29.8469 4.01
    endloop
  endfacet
  facet normal 0.336939 0.941527 0
    outer loop
      vertex 51.139 29.9213 4.01
      vertex 51.3469 29.8469 0
      vertex 51.139 29.9213 0
    endloop
  endfacet
  facet normal 0.427541 0.903996 -0
    outer loop
      vertex 51.139 29.9213 0
      vertex 50.9394 30.0157 4.01
      vertex 51.139 29.9213 4.01
    endloop
  endfacet
  facet normal 0.427541 0.903996 0
    outer loop
      vertex 50.9394 30.0157 4.01
      vertex 51.139 29.9213 0
      vertex 50.9394 30.0157 0
    endloop
  endfacet
  facet normal -0.671561 -0.740949 0
    outer loop
      vertex 0.585787 0.585787 0.569515
      vertex 0.731214 0.453979 4.01
      vertex 0.585787 0.585787 4.01
    endloop
  endfacet
  facet normal -0.671561 -0.740949 -0
    outer loop
      vertex 0.731214 0.453979 4.01
      vertex 0.585787 0.585787 0.569515
      vertex 0.731214 0.453979 0.441369
    endloop
  endfacet
  facet normal 0.595567 -0.803306 0
    outer loop
      vertex 59.1111 0.337061 4.01
      vertex 59.2688 0.453979 0.441369
      vertex 59.2688 0.453979 4.01
    endloop
  endfacet
  facet normal 0.595567 -0.803306 0
    outer loop
      vertex 59.2688 0.453979 0.441369
      vertex 59.1111 0.337061 4.01
      vertex 59.1111 0.337061 0.327698
    endloop
  endfacet
  facet normal 1 -0 0
    outer loop
      vertex 60 36 35
      vertex 60 40 0
      vertex 60 40 35
    endloop
  endfacet
  facet normal 1 -0 0
    outer loop
      vertex 60 4.12457 4.01
      vertex 60 40 0
      vertex 60 36 35
    endloop
  endfacet
  facet normal 1 0 0
    outer loop
      vertex 60 2 1.94444
      vertex 60 4.12457 4.01
      vertex 60 2 4.01
    endloop
  endfacet
  facet normal 1 0 0
    outer loop
      vertex 60 4.12457 4.01
      vertex 60 2 1.94444
      vertex 60 40 0
    endloop
  endfacet
  facet normal 1 0 0
    outer loop
      vertex 60 40 0
      vertex 60 2 1.94444
      vertex 60 0 0
    endloop
  endfacet
  facet normal 0 1 0
    outer loop
      vertex 24 40 13
      vertex 29.0555 40 23.5865
      vertex 29.1986 40 13.4993
    endloop
  endfacet
  facet normal 0 1 0
    outer loop
      vertex 13.3141 40 23.9215
      vertex 12.1666 40 13.6918
      vertex 12 40 13.7
    endloop
  endfacet
  facet normal 0 1 0
    outer loop
      vertex 29.0555 40 23.5865
      vertex 24 40 13
      vertex 28.9215 40 23.6859
    endloop
  endfacet
  facet normal 0 1 0
    outer loop
      vertex 13.3141 40 23.9215
      vertex 12.3317 40 13.6673
      vertex 12.1666 40 13.6918
    endloop
  endfacet
  facet normal 0 1 0
    outer loop
      vertex 28.6859 40 23.9215
      vertex 24 40 13
      vertex 13.3141 40 23.9215
    endloop
  endfacet
  facet normal -0 1 0
    outer loop
      vertex 13.2021 40 13.2021
      vertex 13.3141 40 23.9215
      vertex 24 40 13
    endloop
  endfacet
  facet normal 0 1 0
    outer loop
      vertex 28.9215 40 23.6859
      vertex 24 40 13
      vertex 28.7979 40 23.7979
    endloop
  endfacet
  facet normal 0 1 0
    outer loop
      vertex 13.3141 40 23.9215
      vertex 12.4935 40 13.6268
      vertex 12.3317 40 13.6673
    endloop
  endfacet
  facet normal 0 1 0
    outer loop
      vertex 28.7979 40 23.7979
      vertex 24 40 13
      vertex 28.6859 40 23.9215
    endloop
  endfacet
  facet normal 0 1 0
    outer loop
      vertex 13.3141 40 23.9215
      vertex 12.6506 40 13.5706
      vertex 12.4935 40 13.6268
    endloop
  endfacet
  facet normal 0 1 0
    outer loop
      vertex 24 40 13
      vertex 29.1986 40 13.4993
      vertex 29.0555 40 13.4135
    endloop
  endfacet
  facet normal 0 1 0
    outer loop
      vertex 13.3141 40 23.9215
      vertex 12.8014 40 13.4993
      vertex 12.6506 40 13.5706
    endloop
  endfacet
  facet normal 0 1 0
    outer loop
      vertex 24 40 13
      vertex 29.0555 40 13.4135
      vertex 28.9215 40 13.3141
    endloop
  endfacet
  facet normal 0 1 0
    outer loop
      vertex 13.3141 40 23.9215
      vertex 12.9445 40 13.4135
      vertex 12.8014 40 13.4993
    endloop
  endfacet
  facet normal 0 1 0
    outer loop
      vertex 24 40 13
      vertex 28.9215 40 13.3141
      vertex 28.7979 40 13.2021
    endloop
  endfacet
  facet normal 0 1 0
    outer loop
      vertex 13.3141 40 23.9215
      vertex 13.0785 40 13.3141
      vertex 12.9445 40 13.4135
    endloop
  endfacet
  facet normal 0 1 0
    outer loop
      vertex 24 40 13
      vertex 28.7979 40 13.2021
      vertex 28.6859 40 13.0785
    endloop
  endfacet
  facet normal 0 1 0
    outer loop
      vertex 13.3141 40 23.9215
      vertex 13.2021 40 13.2021
      vertex 13.0785 40 13.3141
    endloop
  endfacet
  facet normal 0 1 0
    outer loop
      vertex 24 40 13
      vertex 28.6859 40 13.0785
      vertex 28.6277 40 13
    endloop
  endfacet
  facet normal 0 1 0
    outer loop
      vertex 13.2021 40 13.2021
      vertex 24 40 13
      vertex 13.3141 40 13.0785
    endloop
  endfacet
  facet normal 0 1 0
    outer loop
      vertex 24 40 13
      vertex 13.4135 40 12.9445
      vertex 13.3141 40 13.0785
    endloop
  endfacet
  facet normal 0 1 0
    outer loop
      vertex 24 40 13
      vertex 13.4993 40 12.8014
      vertex 13.4135 40 12.9445
    endloop
  endfacet
  facet normal 0 1 0
    outer loop
      vertex 24 40 13
      vertex 13.5706 40 12.6506
      vertex 13.4993 40 12.8014
    endloop
  endfacet
  facet normal 0 1 0
    outer loop
      vertex 24 40 13
      vertex 13.6268 40 12.4935
      vertex 13.5706 40 12.6506
    endloop
  endfacet
  facet normal 0 1 0
    outer loop
      vertex 24 40 13
      vertex 13.6673 40 12.3317
      vertex 13.6268 40 12.4935
    endloop
  endfacet
  facet normal 0 1 0
    outer loop
      vertex 24 40 13
      vertex 13.6918 40 12.1666
      vertex 13.6673 40 12.3317
    endloop
  endfacet
  facet normal 0 1 0
    outer loop
      vertex 24 40 13
      vertex 13.7 40 12
      vertex 13.6918 40 12.1666
    endloop
  endfacet
  facet normal 0 1 0
    outer loop
      vertex 24 40 13
      vertex 13.6918 40 11.8334
      vertex 13.7 40 12
    endloop
  endfacet
  facet normal 0 1 0
    outer loop
      vertex 24 40 13
      vertex 13.6673 40 11.6683
      vertex 13.6918 40 11.8334
    endloop
  endfacet
  facet normal 0 1 0
    outer loop
      vertex 24 40 13
      vertex 13.6268 40 11.5065
      vertex 13.6673 40 11.6683
    endloop
  endfacet
  facet normal 0 1 -0
    outer loop
      vertex 24 40 7
      vertex 13.6268 40 11.5065
      vertex 24 40 13
    endloop
  endfacet
  facet normal 0 1 0
    outer loop
      vertex 13.6268 40 11.5065
      vertex 24 40 7
      vertex 13.5706 40 11.3494
    endloop
  endfacet
  facet normal 0 1 0
    outer loop
      vertex 13.5706 40 11.3494
      vertex 24 40 7
      vertex 13.4993 40 11.1986
    endloop
  endfacet
  facet normal 0 1 0
    outer loop
      vertex 13.4993 40 11.1986
      vertex 24 40 7
      vertex 13.4135 40 11.0555
    endloop
  endfacet
  facet normal 0 1 0
    outer loop
      vertex 13.4135 40 11.0555
      vertex 24 40 7
      vertex 13.3141 40 10.9215
    endloop
  endfacet
  facet normal 0 1 0
    outer loop
      vertex 13.3141 40 10.9215
      vertex 24 40 7
      vertex 13.2021 40 10.7979
    endloop
  endfacet
  facet normal 0 1 0
    outer loop
      vertex 13.2021 40 10.7979
      vertex 24 40 7
      vertex 13.0785 40 10.6859
    endloop
  endfacet
  facet normal 0 1 0
    outer loop
      vertex 13.0785 40 10.6859
      vertex 24 40 7
      vertex 12.9445 40 10.5865
    endloop
  endfacet
  facet normal 0 1 0
    outer loop
      vertex 12.9445 40 10.5865
      vertex 24 40 7
      vertex 12.8014 40 10.5007
    endloop
  endfacet
  facet normal 0 1 0
    outer loop
      vertex 12.8014 40 10.5007
      vertex 24 40 7
      vertex 12.6506 40 10.4294
    endloop
  endfacet
  facet normal 0 1 0
    outer loop
      vertex 12.6506 40 10.4294
      vertex 24 40 7
      vertex 12.4935 40 10.3732
    endloop
  endfacet
  facet normal 0 1 0
    outer loop
      vertex 0 40 0
      vertex 12.1666 40 10.3082
      vertex 24 40 7
    endloop
  endfacet
  facet normal 0 1 0
    outer loop
      vertex 12.3317 40 10.3327
      vertex 24 40 7
      vertex 12.1666 40 10.3082
    endloop
  endfacet
  facet normal 0 1 0
    outer loop
      vertex 12.4935 40 10.3732
      vertex 24 40 7
      vertex 12.3317 40 10.3327
    endloop
  endfacet
  facet normal 0 1 0
    outer loop
      vertex 47.0555 40 13.4135
      vertex 47.0555 40 23.5865
      vertex 47.1986 40 13.4993
    endloop
  endfacet
  facet normal 0 1 0
    outer loop
      vertex 31.3141 40 23.9215
      vertex 30.1666 40 13.6918
      vertex 30 40 13.7
    endloop
  endfacet
  facet normal 0 1 0
    outer loop
      vertex 47.0555 40 23.5865
      vertex 47.0555 40 13.4135
      vertex 46.9215 40 23.6859
    endloop
  endfacet
  facet normal 0 1 0
    outer loop
      vertex 31.3141 40 23.9215
      vertex 30.3317 40 13.6673
      vertex 30.1666 40 13.6918
    endloop
  endfacet
  facet normal 0 1 0
    outer loop
      vertex 46.9215 40 13.3141
      vertex 46.9215 40 23.6859
      vertex 47.0555 40 13.4135
    endloop
  endfacet
  facet normal -0 1 0
    outer loop
      vertex 30.8014 40 13.4993
      vertex 31.3141 40 23.9215
      vertex 36 40 13
    endloop
  endfacet
  facet normal 0 1 0
    outer loop
      vertex 46.9215 40 23.6859
      vertex 46.9215 40 13.3141
      vertex 46.7979 40 23.7979
    endloop
  endfacet
  facet normal 0 1 0
    outer loop
      vertex 31.3141 40 23.9215
      vertex 30.4935 40 13.6268
      vertex 30.3317 40 13.6673
    endloop
  endfacet
  facet normal 0 1 0
    outer loop
      vertex 46.7979 40 13.2021
      vertex 46.7979 40 23.7979
      vertex 46.9215 40 13.3141
    endloop
  endfacet
  facet normal 0 1 0
    outer loop
      vertex 31.3141 40 23.9215
      vertex 30.6506 40 13.5706
      vertex 30.4935 40 13.6268
    endloop
  endfacet
  facet normal 0 1 0
    outer loop
      vertex 46.6859 40 23.9215
      vertex 36 40 13
      vertex 31.3141 40 23.9215
    endloop
  endfacet
  facet normal 0 1 0
    outer loop
      vertex 31.3141 40 23.9215
      vertex 30.8014 40 13.4993
      vertex 30.6506 40 13.5706
    endloop
  endfacet
  facet normal 0 1 0
    outer loop
      vertex 36 40 13
      vertex 46.7979 40 23.7979
      vertex 46.7979 40 13.2021
    endloop
  endfacet
  facet normal 0 1 0
    outer loop
      vertex 30.8014 40 13.4993
      vertex 36 40 13
      vertex 30.9445 40 13.4135
    endloop
  endfacet
  facet normal 0 1 0
    outer loop
      vertex 46.7979 40 23.7979
      vertex 36 40 13
      vertex 46.6859 40 23.9215
    endloop
  endfacet
  facet normal 0 1 0
    outer loop
      vertex 30.9445 40 13.4135
      vertex 36 40 13
      vertex 31.0785 40 13.3141
    endloop
  endfacet
  facet normal 0 1 0
    outer loop
      vertex 36 40 13
      vertex 46.7979 40 13.2021
      vertex 46.6859 40 13.0785
    endloop
  endfacet
  facet normal 0 1 0
    outer loop
      vertex 31.0785 40 13.3141
      vertex 36 40 13
      vertex 31.2021 40 13.2021
    endloop
  endfacet
  facet normal 0 1 0
    outer loop
      vertex 31.2021 40 13.2021
      vertex 36 40 13
      vertex 31.3141 40 13.0785
    endloop
  endfacet
  facet normal 0 1 -0
    outer loop
      vertex 46.5865 40 12.9445
      vertex 36 40 13
      vertex 46.6859 40 13.0785
    endloop
  endfacet
  facet normal 0 1 -0
    outer loop
      vertex 46.5007 40 12.8014
      vertex 36 40 13
      vertex 46.5865 40 12.9445
    endloop
  endfacet
  facet normal 0 1 -0
    outer loop
      vertex 46.4294 40 12.6506
      vertex 36 40 13
      vertex 46.5007 40 12.8014
    endloop
  endfacet
  facet normal 0 1 -0
    outer loop
      vertex 46.3732 40 12.4935
      vertex 36 40 13
      vertex 46.4294 40 12.6506
    endloop
  endfacet
  facet normal 0 1 -0
    outer loop
      vertex 46.3327 40 12.3317
      vertex 36 40 13
      vertex 46.3732 40 12.4935
    endloop
  endfacet
  facet normal 0 1 -0
    outer loop
      vertex 46.3082 40 12.1666
      vertex 36 40 13
      vertex 46.3327 40 12.3317
    endloop
  endfacet
  facet normal 0 1 -0
    outer loop
      vertex 46.3 40 12
      vertex 36 40 13
      vertex 46.3082 40 12.1666
    endloop
  endfacet
  facet normal 0 1 0
    outer loop
      vertex 46.3082 40 11.8334
      vertex 36 40 13
      vertex 46.3 40 12
    endloop
  endfacet
  facet normal 0 1 0
    outer loop
      vertex 46.3327 40 11.6683
      vertex 36 40 13
      vertex 46.3082 40 11.8334
    endloop
  endfacet
  facet normal 0 1 0
    outer loop
      vertex 46.3732 40 11.5065
      vertex 36 40 13
      vertex 46.3327 40 11.6683
    endloop
  endfacet
  facet normal 0 1 0
    outer loop
      vertex 36 40 7
      vertex 46.3732 40 11.5065
      vertex 46.4294 40 11.3494
    endloop
  endfacet
  facet normal 0 1 0
    outer loop
      vertex 36 40 7
      vertex 46.4294 40 11.3494
      vertex 46.5007 40 11.1986
    endloop
  endfacet
  facet normal 0 1 0
    outer loop
      vertex 36 40 7
      vertex 46.5007 40 11.1986
      vertex 46.5865 40 11.0555
    endloop
  endfacet
  facet normal 0 1 0
    outer loop
      vertex 36 40 7
      vertex 46.5865 40 11.0555
      vertex 46.6859 40 10.9215
    endloop
  endfacet
  facet normal 0 1 0
    outer loop
      vertex 36 40 7
      vertex 46.6859 40 10.9215
      vertex 46.7979 40 10.7979
    endloop
  endfacet
  facet normal 0 1 0
    outer loop
      vertex 36 40 7
      vertex 46.7979 40 10.7979
      vertex 46.9215 40 10.6859
    endloop
  endfacet
  facet normal 0 1 0
    outer loop
      vertex 36 40 7
      vertex 46.9215 40 10.6859
      vertex 47.0555 40 10.5865
    endloop
  endfacet
  facet normal 0 1 0
    outer loop
      vertex 36 40 7
      vertex 47.0555 40 10.5865
      vertex 47.1986 40 10.5007
    endloop
  endfacet
  facet normal 0 1 0
    outer loop
      vertex 36 40 7
      vertex 47.1986 40 10.5007
      vertex 47.3494 40 10.4294
    endloop
  endfacet
  facet normal 0 1 0
    outer loop
      vertex 36 40 7
      vertex 47.3494 40 10.4294
      vertex 47.5065 40 10.3732
    endloop
  endfacet
  facet normal 0 1 0
    outer loop
      vertex 36 40 7
      vertex 47.5065 40 10.3732
      vertex 47.6683 40 10.3327
    endloop
  endfacet
  facet normal 0 1 0
    outer loop
      vertex 46.3732 40 11.5065
      vertex 36 40 7
      vertex 36 40 13
    endloop
  endfacet
  facet normal 0 1 0
    outer loop
      vertex 47.8334 40 10.3082
      vertex 36 40 7
      vertex 47.6683 40 10.3327
    endloop
  endfacet
  facet normal 0 1 0
    outer loop
      vertex 60 40 0
      vertex 47.8334 40 10.3082
      vertex 48 40 10.3
    endloop
  endfacet
  facet normal 0 1 -0
    outer loop
      vertex 29.6683 40 26.6673
      vertex 0 40 35
      vertex 29.8334 40 26.6918
    endloop
  endfacet
  facet normal 0 1 0
    outer loop
      vertex 0 40 35
      vertex 12.1666 40 26.6918
      vertex 12 40 26.7
    endloop
  endfacet
  facet normal 0 1 -0
    outer loop
      vertex 29.5065 40 26.6268
      vertex 0 40 35
      vertex 29.6683 40 26.6673
    endloop
  endfacet
  facet normal 0 1 0
    outer loop
      vertex 0 40 35
      vertex 12.3317 40 26.6673
      vertex 12.1666 40 26.6918
    endloop
  endfacet
  facet normal 0 1 -0
    outer loop
      vertex 12.4935 40 26.6268
      vertex 0 40 35
      vertex 29.5065 40 26.6268
    endloop
  endfacet
  facet normal 0 1 0
    outer loop
      vertex 0 40 35
      vertex 12.4935 40 26.6268
      vertex 12.3317 40 26.6673
    endloop
  endfacet
  facet normal 0 1 -0
    outer loop
      vertex 29.3494 40 26.5706
      vertex 12.4935 40 26.6268
      vertex 29.5065 40 26.6268
    endloop
  endfacet
  facet normal 0 1 0
    outer loop
      vertex 29.3494 40 26.5706
      vertex 12.6506 40 26.5706
      vertex 12.4935 40 26.6268
    endloop
  endfacet
  facet normal 0 1 -0
    outer loop
      vertex 29.1986 40 26.4993
      vertex 12.6506 40 26.5706
      vertex 29.3494 40 26.5706
    endloop
  endfacet
  facet normal 0 1 0
    outer loop
      vertex 29.1986 40 26.4993
      vertex 12.8014 40 26.4993
      vertex 12.6506 40 26.5706
    endloop
  endfacet
  facet normal 0 1 -0
    outer loop
      vertex 29.0555 40 26.4135
      vertex 12.8014 40 26.4993
      vertex 29.1986 40 26.4993
    endloop
  endfacet
  facet normal 0 1 0
    outer loop
      vertex 29.0555 40 26.4135
      vertex 12.9445 40 26.4135
      vertex 12.8014 40 26.4993
    endloop
  endfacet
  facet normal 0 1 -0
    outer loop
      vertex 28.9215 40 26.3141
      vertex 12.9445 40 26.4135
      vertex 29.0555 40 26.4135
    endloop
  endfacet
  facet normal 0 1 0
    outer loop
      vertex 28.9215 40 26.3141
      vertex 13.0785 40 26.3141
      vertex 12.9445 40 26.4135
    endloop
  endfacet
  facet normal 0 1 -0
    outer loop
      vertex 28.7979 40 26.2021
      vertex 13.0785 40 26.3141
      vertex 28.9215 40 26.3141
    endloop
  endfacet
  facet normal 0 1 0
    outer loop
      vertex 28.7979 40 26.2021
      vertex 13.2021 40 26.2021
      vertex 13.0785 40 26.3141
    endloop
  endfacet
  facet normal 0 1 -0
    outer loop
      vertex 28.6859 40 26.0785
      vertex 13.2021 40 26.2021
      vertex 28.7979 40 26.2021
    endloop
  endfacet
  facet normal 0 1 0
    outer loop
      vertex 28.6859 40 26.0785
      vertex 13.3141 40 26.0785
      vertex 13.2021 40 26.2021
    endloop
  endfacet
  facet normal 0 1 -0
    outer loop
      vertex 28.5865 40 25.9445
      vertex 13.3141 40 26.0785
      vertex 28.6859 40 26.0785
    endloop
  endfacet
  facet normal 0 1 0
    outer loop
      vertex 28.5865 40 25.9445
      vertex 13.4135 40 25.9445
      vertex 13.3141 40 26.0785
    endloop
  endfacet
  facet normal 0 1 -0
    outer loop
      vertex 28.5007 40 25.8014
      vertex 13.4135 40 25.9445
      vertex 28.5865 40 25.9445
    endloop
  endfacet
  facet normal 0 1 0
    outer loop
      vertex 28.5007 40 25.8014
      vertex 13.4993 40 25.8014
      vertex 13.4135 40 25.9445
    endloop
  endfacet
  facet normal 0 1 -0
    outer loop
      vertex 28.4294 40 25.6506
      vertex 13.4993 40 25.8014
      vertex 28.5007 40 25.8014
    endloop
  endfacet
  facet normal 0 1 0
    outer loop
      vertex 28.4294 40 25.6506
      vertex 13.5706 40 25.6506
      vertex 13.4993 40 25.8014
    endloop
  endfacet
  facet normal 0 1 -0
    outer loop
      vertex 28.3732 40 25.4935
      vertex 13.5706 40 25.6506
      vertex 28.4294 40 25.6506
    endloop
  endfacet
  facet normal 0 1 0
    outer loop
      vertex 28.3732 40 25.4935
      vertex 13.6268 40 25.4935
      vertex 13.5706 40 25.6506
    endloop
  endfacet
  facet normal 0 1 -0
    outer loop
      vertex 28.3327 40 25.3317
      vertex 13.6268 40 25.4935
      vertex 28.3732 40 25.4935
    endloop
  endfacet
  facet normal 0 1 0
    outer loop
      vertex 28.3327 40 25.3317
      vertex 13.6673 40 25.3317
      vertex 13.6268 40 25.4935
    endloop
  endfacet
  facet normal 0 1 -0
    outer loop
      vertex 28.3082 40 25.1666
      vertex 13.6673 40 25.3317
      vertex 28.3327 40 25.3317
    endloop
  endfacet
  facet normal 0 1 0
    outer loop
      vertex 28.3082 40 25.1666
      vertex 13.6918 40 25.1666
      vertex 13.6673 40 25.3317
    endloop
  endfacet
  facet normal 0 1 -0
    outer loop
      vertex 28.3 40 25
      vertex 13.6918 40 25.1666
      vertex 28.3082 40 25.1666
    endloop
  endfacet
  facet normal 0 1 0
    outer loop
      vertex 28.3 40 25
      vertex 13.7 40 25
      vertex 13.6918 40 25.1666
    endloop
  endfacet
  facet normal 0 1 0
    outer loop
      vertex 28.3082 40 24.8334
      vertex 13.7 40 25
      vertex 28.3 40 25
    endloop
  endfacet
  facet normal 0 1 0
    outer loop
      vertex 28.3082 40 24.8334
      vertex 13.6918 40 24.8334
      vertex 13.7 40 25
    endloop
  endfacet
  facet normal 0 1 0
    outer loop
      vertex 28.3327 40 24.6683
      vertex 13.6918 40 24.8334
      vertex 28.3082 40 24.8334
    endloop
  endfacet
  facet normal 0 1 0
    outer loop
      vertex 28.3327 40 24.6683
      vertex 13.6673 40 24.6683
      vertex 13.6918 40 24.8334
    endloop
  endfacet
  facet normal 0 1 0
    outer loop
      vertex 28.3732 40 24.5065
      vertex 13.6673 40 24.6683
      vertex 28.3327 40 24.6683
    endloop
  endfacet
  facet normal 0 1 0
    outer loop
      vertex 28.3732 40 24.5065
      vertex 13.6268 40 24.5065
      vertex 13.6673 40 24.6683
    endloop
  endfacet
  facet normal 0 1 0
    outer loop
      vertex 28.4294 40 24.3494
      vertex 13.6268 40 24.5065
      vertex 28.3732 40 24.5065
    endloop
  endfacet
  facet normal 0 1 0
    outer loop
      vertex 28.4294 40 24.3494
      vertex 13.5706 40 24.3494
      vertex 13.6268 40 24.5065
    endloop
  endfacet
  facet normal 0 1 0
    outer loop
      vertex 28.5007 40 24.1986
      vertex 13.5706 40 24.3494
      vertex 28.4294 40 24.3494
    endloop
  endfacet
  facet normal 0 1 0
    outer loop
      vertex 28.5007 40 24.1986
      vertex 13.4993 40 24.1986
      vertex 13.5706 40 24.3494
    endloop
  endfacet
  facet normal 0 1 0
    outer loop
      vertex 28.5865 40 24.0555
      vertex 13.4993 40 24.1986
      vertex 28.5007 40 24.1986
    endloop
  endfacet
  facet normal 0 1 0
    outer loop
      vertex 28.5865 40 24.0555
      vertex 13.4135 40 24.0555
      vertex 13.4993 40 24.1986
    endloop
  endfacet
  facet normal 0 1 0
    outer loop
      vertex 28.6859 40 23.9215
      vertex 13.4135 40 24.0555
      vertex 28.5865 40 24.0555
    endloop
  endfacet
  facet normal 0 1 0
    outer loop
      vertex 28.6859 40 23.9215
      vertex 13.3141 40 23.9215
      vertex 13.4135 40 24.0555
    endloop
  endfacet
  facet normal 0 1 0
    outer loop
      vertex 29.3494 40 23.4294
      vertex 29.3494 40 13.5706
      vertex 29.1986 40 23.5007
    endloop
  endfacet
  facet normal 0 1 0
    outer loop
      vertex 29.1986 40 13.4993
      vertex 29.1986 40 23.5007
      vertex 29.3494 40 13.5706
    endloop
  endfacet
  facet normal 0 1 0
    outer loop
      vertex 29.3494 40 13.5706
      vertex 29.3494 40 23.4294
      vertex 29.5065 40 13.6268
    endloop
  endfacet
  facet normal 0 1 0
    outer loop
      vertex 29.1986 40 23.5007
      vertex 29.1986 40 13.4993
      vertex 29.0555 40 23.5865
    endloop
  endfacet
  facet normal 0 1 0
    outer loop
      vertex 29.5065 40 23.3732
      vertex 29.5065 40 13.6268
      vertex 29.3494 40 23.4294
    endloop
  endfacet
  facet normal 0 1 0
    outer loop
      vertex 13.3141 40 23.9215
      vertex 12 40 13.7
      vertex 13.2021 40 23.7979
    endloop
  endfacet
  facet normal 0 1 0
    outer loop
      vertex 29.5065 40 13.6268
      vertex 29.5065 40 23.3732
      vertex 29.6683 40 13.6673
    endloop
  endfacet
  facet normal 0 1 0
    outer loop
      vertex 13.2021 40 23.7979
      vertex 12 40 13.7
      vertex 13.0785 40 23.6859
    endloop
  endfacet
  facet normal 0 1 0
    outer loop
      vertex 29.6683 40 23.3327
      vertex 29.6683 40 13.6673
      vertex 29.5065 40 23.3732
    endloop
  endfacet
  facet normal 0 1 0
    outer loop
      vertex 13.0785 40 23.6859
      vertex 12 40 13.7
      vertex 12.9445 40 23.5865
    endloop
  endfacet
  facet normal 0 1 0
    outer loop
      vertex 29.6683 40 13.6673
      vertex 29.6683 40 23.3327
      vertex 29.8334 40 13.6918
    endloop
  endfacet
  facet normal 0 1 0
    outer loop
      vertex 12.9445 40 23.5865
      vertex 12 40 13.7
      vertex 12.8014 40 23.5007
    endloop
  endfacet
  facet normal 0 1 0
    outer loop
      vertex 29.8334 40 23.3082
      vertex 29.8334 40 13.6918
      vertex 29.6683 40 23.3327
    endloop
  endfacet
  facet normal 0 1 0
    outer loop
      vertex 12.8014 40 23.5007
      vertex 12 40 13.7
      vertex 12.6506 40 23.4294
    endloop
  endfacet
  facet normal 0 1 0
    outer loop
      vertex 29.8334 40 13.6918
      vertex 29.8334 40 23.3082
      vertex 30 40 13.7
    endloop
  endfacet
  facet normal 0 1 0
    outer loop
      vertex 12.6506 40 23.4294
      vertex 12 40 13.7
      vertex 12.4935 40 23.3732
    endloop
  endfacet
  facet normal 0 1 -0
    outer loop
      vertex 30 40 13.7
      vertex 29.8334 40 23.3082
      vertex 30 40 23.3
    endloop
  endfacet
  facet normal 0 1 0
    outer loop
      vertex 12.4935 40 23.3732
      vertex 12 40 13.7
      vertex 12.3317 40 23.3327
    endloop
  endfacet
  facet normal 0 1 0
    outer loop
      vertex 47.6683 40 26.6673
      vertex 60 40 35
      vertex 47.8334 40 26.6918
    endloop
  endfacet
  facet normal 0 1 0
    outer loop
      vertex 60 40 35
      vertex 30.1666 40 26.6918
      vertex 30 40 26.7
    endloop
  endfacet
  facet normal 0 1 0
    outer loop
      vertex 47.5065 40 26.6268
      vertex 60 40 35
      vertex 47.6683 40 26.6673
    endloop
  endfacet
  facet normal 0 1 0
    outer loop
      vertex 60 40 35
      vertex 30.3317 40 26.6673
      vertex 30.1666 40 26.6918
    endloop
  endfacet
  facet normal 0 1 0
    outer loop
      vertex 30.4935 40 26.6268
      vertex 60 40 35
      vertex 47.5065 40 26.6268
    endloop
  endfacet
  facet normal 0 1 0
    outer loop
      vertex 60 40 35
      vertex 30.4935 40 26.6268
      vertex 30.3317 40 26.6673
    endloop
  endfacet
  facet normal 0 1 -0
    outer loop
      vertex 47.3494 40 26.5706
      vertex 30.4935 40 26.6268
      vertex 47.5065 40 26.6268
    endloop
  endfacet
  facet normal 0 1 0
    outer loop
      vertex 47.3494 40 26.5706
      vertex 30.6506 40 26.5706
      vertex 30.4935 40 26.6268
    endloop
  endfacet
  facet normal 0 1 -0
    outer loop
      vertex 47.1986 40 26.4993
      vertex 30.6506 40 26.5706
      vertex 47.3494 40 26.5706
    endloop
  endfacet
  facet normal 0 1 0
    outer loop
      vertex 47.1986 40 26.4993
      vertex 30.8014 40 26.4993
      vertex 30.6506 40 26.5706
    endloop
  endfacet
  facet normal 0 1 -0
    outer loop
      vertex 47.0555 40 26.4135
      vertex 30.8014 40 26.4993
      vertex 47.1986 40 26.4993
    endloop
  endfacet
  facet normal 0 1 0
    outer loop
      vertex 47.0555 40 26.4135
      vertex 30.9445 40 26.4135
      vertex 30.8014 40 26.4993
    endloop
  endfacet
  facet normal 0 1 -0
    outer loop
      vertex 46.9215 40 26.3141
      vertex 30.9445 40 26.4135
      vertex 47.0555 40 26.4135
    endloop
  endfacet
  facet normal 0 1 0
    outer loop
      vertex 46.9215 40 26.3141
      vertex 31.0785 40 26.3141
      vertex 30.9445 40 26.4135
    endloop
  endfacet
  facet normal 0 1 -0
    outer loop
      vertex 46.7979 40 26.2021
      vertex 31.0785 40 26.3141
      vertex 46.9215 40 26.3141
    endloop
  endfacet
  facet normal 0 1 0
    outer loop
      vertex 46.7979 40 26.2021
      vertex 31.2021 40 26.2021
      vertex 31.0785 40 26.3141
    endloop
  endfacet
  facet normal 0 1 -0
    outer loop
      vertex 46.6859 40 26.0785
      vertex 31.2021 40 26.2021
      vertex 46.7979 40 26.2021
    endloop
  endfacet
  facet normal 0 1 0
    outer loop
      vertex 46.6859 40 26.0785
      vertex 31.3141 40 26.0785
      vertex 31.2021 40 26.2021
    endloop
  endfacet
  facet normal 0 1 -0
    outer loop
      vertex 46.5865 40 25.9445
      vertex 31.3141 40 26.0785
      vertex 46.6859 40 26.0785
    endloop
  endfacet
  facet normal 0 1 0
    outer loop
      vertex 46.5865 40 25.9445
      vertex 31.4135 40 25.9445
      vertex 31.3141 40 26.0785
    endloop
  endfacet
  facet normal 0 1 -0
    outer loop
      vertex 46.5007 40 25.8014
      vertex 31.4135 40 25.9445
      vertex 46.5865 40 25.9445
    endloop
  endfacet
  facet normal 0 1 0
    outer loop
      vertex 46.5007 40 25.8014
      vertex 31.4993 40 25.8014
      vertex 31.4135 40 25.9445
    endloop
  endfacet
  facet normal 0 1 -0
    outer loop
      vertex 46.4294 40 25.6506
      vertex 31.4993 40 25.8014
      vertex 46.5007 40 25.8014
    endloop
  endfacet
  facet normal 0 1 0
    outer loop
      vertex 46.4294 40 25.6506
      vertex 31.5706 40 25.6506
      vertex 31.4993 40 25.8014
    endloop
  endfacet
  facet normal 0 1 -0
    outer loop
      vertex 46.3732 40 25.4935
      vertex 31.5706 40 25.6506
      vertex 46.4294 40 25.6506
    endloop
  endfacet
  facet normal 0 1 0
    outer loop
      vertex 46.3732 40 25.4935
      vertex 31.6268 40 25.4935
      vertex 31.5706 40 25.6506
    endloop
  endfacet
  facet normal 0 1 -0
    outer loop
      vertex 46.3327 40 25.3317
      vertex 31.6268 40 25.4935
      vertex 46.3732 40 25.4935
    endloop
  endfacet
  facet normal 0 1 0
    outer loop
      vertex 46.3327 40 25.3317
      vertex 31.6673 40 25.3317
      vertex 31.6268 40 25.4935
    endloop
  endfacet
  facet normal 0 1 -0
    outer loop
      vertex 46.3082 40 25.1666
      vertex 31.6673 40 25.3317
      vertex 46.3327 40 25.3317
    endloop
  endfacet
  facet normal 0 1 0
    outer loop
      vertex 46.3082 40 25.1666
      vertex 31.6918 40 25.1666
      vertex 31.6673 40 25.3317
    endloop
  endfacet
  facet normal 0 1 -0
    outer loop
      vertex 46.3 40 25
      vertex 31.6918 40 25.1666
      vertex 46.3082 40 25.1666
    endloop
  endfacet
  facet normal 0 1 0
    outer loop
      vertex 46.3 40 25
      vertex 31.7 40 25
      vertex 31.6918 40 25.1666
    endloop
  endfacet
  facet normal 0 1 0
    outer loop
      vertex 46.3082 40 24.8334
      vertex 31.7 40 25
      vertex 46.3 40 25
    endloop
  endfacet
  facet normal 0 1 0
    outer loop
      vertex 46.3082 40 24.8334
      vertex 31.6918 40 24.8334
      vertex 31.7 40 25
    endloop
  endfacet
  facet normal 0 1 0
    outer loop
      vertex 46.3327 40 24.6683
      vertex 31.6918 40 24.8334
      vertex 46.3082 40 24.8334
    endloop
  endfacet
  facet normal 0 1 0
    outer loop
      vertex 46.3327 40 24.6683
      vertex 31.6673 40 24.6683
      vertex 31.6918 40 24.8334
    endloop
  endfacet
  facet normal 0 1 0
    outer loop
      vertex 46.3732 40 24.5065
      vertex 31.6673 40 24.6683
      vertex 46.3327 40 24.6683
    endloop
  endfacet
  facet normal 0 1 0
    outer loop
      vertex 46.3732 40 24.5065
      vertex 31.6268 40 24.5065
      vertex 31.6673 40 24.6683
    endloop
  endfacet
  facet normal 0 1 0
    outer loop
      vertex 46.4294 40 24.3494
      vertex 31.6268 40 24.5065
      vertex 46.3732 40 24.5065
    endloop
  endfacet
  facet normal 0 1 0
    outer loop
      vertex 46.4294 40 24.3494
      vertex 31.5706 40 24.3494
      vertex 31.6268 40 24.5065
    endloop
  endfacet
  facet normal 0 1 0
    outer loop
      vertex 46.5007 40 24.1986
      vertex 31.5706 40 24.3494
      vertex 46.4294 40 24.3494
    endloop
  endfacet
  facet normal 0 1 0
    outer loop
      vertex 46.5007 40 24.1986
      vertex 31.4993 40 24.1986
      vertex 31.5706 40 24.3494
    endloop
  endfacet
  facet normal 0 1 0
    outer loop
      vertex 46.5865 40 24.0555
      vertex 31.4993 40 24.1986
      vertex 46.5007 40 24.1986
    endloop
  endfacet
  facet normal 0 1 0
    outer loop
      vertex 46.5865 40 24.0555
      vertex 31.4135 40 24.0555
      vertex 31.4993 40 24.1986
    endloop
  endfacet
  facet normal 0 1 0
    outer loop
      vertex 46.6859 40 23.9215
      vertex 31.4135 40 24.0555
      vertex 46.5865 40 24.0555
    endloop
  endfacet
  facet normal 0 1 0
    outer loop
      vertex 46.6859 40 23.9215
      vertex 31.3141 40 23.9215
      vertex 31.4135 40 24.0555
    endloop
  endfacet
  facet normal 0 1 0
    outer loop
      vertex 47.3494 40 23.4294
      vertex 47.3494 40 13.5706
      vertex 47.1986 40 23.5007
    endloop
  endfacet
  facet normal 0 1 0
    outer loop
      vertex 47.1986 40 13.4993
      vertex 47.1986 40 23.5007
      vertex 47.3494 40 13.5706
    endloop
  endfacet
  facet normal 0 1 0
    outer loop
      vertex 47.3494 40 13.5706
      vertex 47.3494 40 23.4294
      vertex 47.5065 40 13.6268
    endloop
  endfacet
  facet normal 0 1 0
    outer loop
      vertex 47.1986 40 23.5007
      vertex 47.1986 40 13.4993
      vertex 47.0555 40 23.5865
    endloop
  endfacet
  facet normal 0 1 0
    outer loop
      vertex 47.5065 40 23.3732
      vertex 47.5065 40 13.6268
      vertex 47.3494 40 23.4294
    endloop
  endfacet
  facet normal 0 1 0
    outer loop
      vertex 31.3141 40 23.9215
      vertex 30 40 13.7
      vertex 31.2021 40 23.7979
    endloop
  endfacet
  facet normal 0 1 0
    outer loop
      vertex 47.5065 40 13.6268
      vertex 47.5065 40 23.3732
      vertex 47.6683 40 13.6673
    endloop
  endfacet
  facet normal 0 1 0
    outer loop
      vertex 31.2021 40 23.7979
      vertex 30 40 13.7
      vertex 31.0785 40 23.6859
    endloop
  endfacet
  facet normal 0 1 0
    outer loop
      vertex 47.6683 40 23.3327
      vertex 47.6683 40 13.6673
      vertex 47.5065 40 23.3732
    endloop
  endfacet
  facet normal 0 1 0
    outer loop
      vertex 31.0785 40 23.6859
      vertex 30 40 13.7
      vertex 30.9445 40 23.5865
    endloop
  endfacet
  facet normal 0 1 0
    outer loop
      vertex 47.6683 40 13.6673
      vertex 47.6683 40 23.3327
      vertex 47.8334 40 13.6918
    endloop
  endfacet
  facet normal 0 1 0
    outer loop
      vertex 30.9445 40 23.5865
      vertex 30 40 13.7
      vertex 30.8014 40 23.5007
    endloop
  endfacet
  facet normal 0 1 0
    outer loop
      vertex 47.8334 40 23.3082
      vertex 47.8334 40 13.6918
      vertex 47.6683 40 23.3327
    endloop
  endfacet
  facet normal 0 1 0
    outer loop
      vertex 30.8014 40 23.5007
      vertex 30 40 13.7
      vertex 30.6506 40 23.4294
    endloop
  endfacet
  facet normal 0 1 0
    outer loop
      vertex 47.8334 40 13.6918
      vertex 47.8334 40 23.3082
      vertex 48 40 13.7
    endloop
  endfacet
  facet normal 0 1 0
    outer loop
      vertex 30.6506 40 23.4294
      vertex 30 40 13.7
      vertex 30.4935 40 23.3732
    endloop
  endfacet
  facet normal 0 1 -0
    outer loop
      vertex 48 40 13.7
      vertex 47.8334 40 23.3082
      vertex 48 40 23.3
    endloop
  endfacet
  facet normal 0 1 0
    outer loop
      vertex 30.4935 40 23.3732
      vertex 30 40 13.7
      vertex 30.3317 40 23.3327
    endloop
  endfacet
  facet normal 0 1 0
    outer loop
      vertex 47.8334 40 26.6918
      vertex 60 40 35
      vertex 48 40 26.7
    endloop
  endfacet
  facet normal 0 1 0
    outer loop
      vertex 60 40 35
      vertex 48.1666 40 26.6918
      vertex 48 40 26.7
    endloop
  endfacet
  facet normal 0 1 0
    outer loop
      vertex 60 40 35
      vertex 48.3317 40 26.6673
      vertex 48.1666 40 26.6918
    endloop
  endfacet
  facet normal 0 1 0
    outer loop
      vertex 60 40 35
      vertex 48.4935 40 26.6268
      vertex 48.3317 40 26.6673
    endloop
  endfacet
  facet normal 0 1 0
    outer loop
      vertex 60 40 35
      vertex 48.6506 40 26.5706
      vertex 48.4935 40 26.6268
    endloop
  endfacet
  facet normal 0 1 0
    outer loop
      vertex 60 40 35
      vertex 48.8014 40 26.4993
      vertex 48.6506 40 26.5706
    endloop
  endfacet
  facet normal 0 1 0
    outer loop
      vertex 60 40 35
      vertex 48.9445 40 26.4135
      vertex 48.8014 40 26.4993
    endloop
  endfacet
  facet normal 0 1 0
    outer loop
      vertex 60 40 35
      vertex 49.0785 40 26.3141
      vertex 48.9445 40 26.4135
    endloop
  endfacet
  facet normal 0 1 0
    outer loop
      vertex 60 40 35
      vertex 49.2021 40 26.2021
      vertex 49.0785 40 26.3141
    endloop
  endfacet
  facet normal 0 1 0
    outer loop
      vertex 60 40 35
      vertex 49.3141 40 26.0785
      vertex 49.2021 40 26.2021
    endloop
  endfacet
  facet normal 0 1 0
    outer loop
      vertex 60 40 35
      vertex 49.4135 40 25.9445
      vertex 49.3141 40 26.0785
    endloop
  endfacet
  facet normal 0 1 0
    outer loop
      vertex 60 40 35
      vertex 49.4993 40 25.8014
      vertex 49.4135 40 25.9445
    endloop
  endfacet
  facet normal 0 1 0
    outer loop
      vertex 60 40 35
      vertex 49.5706 40 25.6506
      vertex 49.4993 40 25.8014
    endloop
  endfacet
  facet normal 0 1 0
    outer loop
      vertex 60 40 35
      vertex 49.6268 40 25.4935
      vertex 49.5706 40 25.6506
    endloop
  endfacet
  facet normal 0 1 0
    outer loop
      vertex 60 40 35
      vertex 49.6673 40 25.3317
      vertex 49.6268 40 25.4935
    endloop
  endfacet
  facet normal 0 1 0
    outer loop
      vertex 60 40 35
      vertex 49.6918 40 25.1666
      vertex 49.6673 40 25.3317
    endloop
  endfacet
  facet normal 0 1 0
    outer loop
      vertex 60 40 35
      vertex 49.7 40 25
      vertex 49.6918 40 25.1666
    endloop
  endfacet
  facet normal 0 1 0
    outer loop
      vertex 60 40 35
      vertex 49.6918 40 24.8334
      vertex 49.7 40 25
    endloop
  endfacet
  facet normal 0 1 0
    outer loop
      vertex 60 40 35
      vertex 49.6673 40 24.6683
      vertex 49.6918 40 24.8334
    endloop
  endfacet
  facet normal 0 1 0
    outer loop
      vertex 60 40 35
      vertex 49.6268 40 24.5065
      vertex 49.6673 40 24.6683
    endloop
  endfacet
  facet normal 0 1 0
    outer loop
      vertex 60 40 35
      vertex 49.5706 40 24.3494
      vertex 49.6268 40 24.5065
    endloop
  endfacet
  facet normal 0 1 0
    outer loop
      vertex 49.5706 40 12.6506
      vertex 49.5706 40 24.3494
      vertex 60 40 35
    endloop
  endfacet
  facet normal 0 1 0
    outer loop
      vertex 49.5706 40 24.3494
      vertex 49.5706 40 12.6506
      vertex 49.4993 40 24.1986
    endloop
  endfacet
  facet normal -0 1 0
    outer loop
      vertex 49.4993 40 12.8014
      vertex 49.4993 40 24.1986
      vertex 49.5706 40 12.6506
    endloop
  endfacet
  facet normal 0 1 0
    outer loop
      vertex 49.4993 40 24.1986
      vertex 49.4993 40 12.8014
      vertex 49.4135 40 24.0555
    endloop
  endfacet
  facet normal 0 1 0
    outer loop
      vertex 30.1666 40 23.3082
      vertex 30 40 13.7
      vertex 30 40 23.3
    endloop
  endfacet
  facet normal 0 1 0
    outer loop
      vertex 30.3317 40 23.3327
      vertex 30 40 13.7
      vertex 30.1666 40 23.3082
    endloop
  endfacet
  facet normal 0 1 0
    outer loop
      vertex 48.1666 40 23.3082
      vertex 48 40 13.7
      vertex 48 40 23.3
    endloop
  endfacet
  facet normal 0 1 0
    outer loop
      vertex 48.1666 40 13.6918
      vertex 48.1666 40 23.3082
      vertex 48.3317 40 23.3327
    endloop
  endfacet
  facet normal 0 1 0
    outer loop
      vertex 48.3317 40 13.6673
      vertex 48.3317 40 23.3327
      vertex 48.4935 40 23.3732
    endloop
  endfacet
  facet normal 0 1 0
    outer loop
      vertex 48.4935 40 13.6268
      vertex 48.4935 40 23.3732
      vertex 48.6506 40 23.4294
    endloop
  endfacet
  facet normal 0 1 0
    outer loop
      vertex 48.6506 40 13.5706
      vertex 48.6506 40 23.4294
      vertex 48.8014 40 23.5007
    endloop
  endfacet
  facet normal 0 1 0
    outer loop
      vertex 48.8014 40 13.4993
      vertex 48.8014 40 23.5007
      vertex 48.9445 40 23.5865
    endloop
  endfacet
  facet normal 0 1 0
    outer loop
      vertex 48.9445 40 13.4135
      vertex 48.9445 40 23.5865
      vertex 49.0785 40 23.6859
    endloop
  endfacet
  facet normal 0 1 0
    outer loop
      vertex 49.0785 40 13.3141
      vertex 49.0785 40 23.6859
      vertex 49.2021 40 23.7979
    endloop
  endfacet
  facet normal -0 1 0
    outer loop
      vertex 49.4135 40 12.9445
      vertex 49.4135 40 24.0555
      vertex 49.4993 40 12.8014
    endloop
  endfacet
  facet normal 0 1 0
    outer loop
      vertex 48.1666 40 23.3082
      vertex 48.1666 40 13.6918
      vertex 48 40 13.7
    endloop
  endfacet
  facet normal 0 1 0
    outer loop
      vertex 48.3317 40 23.3327
      vertex 48.3317 40 13.6673
      vertex 48.1666 40 13.6918
    endloop
  endfacet
  facet normal 0 1 0
    outer loop
      vertex 48.4935 40 23.3732
      vertex 48.4935 40 13.6268
      vertex 48.3317 40 13.6673
    endloop
  endfacet
  facet normal 0 1 0
    outer loop
      vertex 48.6506 40 23.4294
      vertex 48.6506 40 13.5706
      vertex 48.4935 40 13.6268
    endloop
  endfacet
  facet normal 0 1 0
    outer loop
      vertex 48.8014 40 23.5007
      vertex 48.8014 40 13.4993
      vertex 48.6506 40 13.5706
    endloop
  endfacet
  facet normal 0 1 0
    outer loop
      vertex 48.9445 40 23.5865
      vertex 48.9445 40 13.4135
      vertex 48.8014 40 13.4993
    endloop
  endfacet
  facet normal 0 1 0
    outer loop
      vertex 49.0785 40 23.6859
      vertex 49.0785 40 13.3141
      vertex 48.9445 40 13.4135
    endloop
  endfacet
  facet normal 0 1 0
    outer loop
      vertex 49.2021 40 23.7979
      vertex 49.2021 40 13.2021
      vertex 49.0785 40 13.3141
    endloop
  endfacet
  facet normal 0 1 0
    outer loop
      vertex 49.2021 40 23.7979
      vertex 49.3141 40 13.0785
      vertex 49.2021 40 13.2021
    endloop
  endfacet
  facet normal 0 1 0
    outer loop
      vertex 49.3141 40 23.9215
      vertex 49.3141 40 13.0785
      vertex 49.2021 40 23.7979
    endloop
  endfacet
  facet normal -0 1 0
    outer loop
      vertex 49.3141 40 13.0785
      vertex 49.3141 40 23.9215
      vertex 49.4135 40 12.9445
    endloop
  endfacet
  facet normal 0 1 0
    outer loop
      vertex 49.4135 40 24.0555
      vertex 49.4135 40 12.9445
      vertex 49.3141 40 23.9215
    endloop
  endfacet
  facet normal 0 1 0
    outer loop
      vertex 60 40 35
      vertex 49.6268 40 12.4935
      vertex 49.5706 40 12.6506
    endloop
  endfacet
  facet normal 0 1 -0
    outer loop
      vertex 60 40 0
      vertex 49.6268 40 12.4935
      vertex 60 40 35
    endloop
  endfacet
  facet normal 0 1 0
    outer loop
      vertex 49.6268 40 12.4935
      vertex 60 40 0
      vertex 49.6673 40 12.3317
    endloop
  endfacet
  facet normal 0 1 0
    outer loop
      vertex 49.6673 40 12.3317
      vertex 60 40 0
      vertex 49.6918 40 12.1666
    endloop
  endfacet
  facet normal 0 1 0
    outer loop
      vertex 49.6918 40 12.1666
      vertex 60 40 0
      vertex 49.7 40 12
    endloop
  endfacet
  facet normal 0 1 0
    outer loop
      vertex 49.7 40 12
      vertex 60 40 0
      vertex 49.6918 40 11.8334
    endloop
  endfacet
  facet normal 0 1 0
    outer loop
      vertex 49.6918 40 11.8334
      vertex 60 40 0
      vertex 49.6673 40 11.6683
    endloop
  endfacet
  facet normal 0 1 0
    outer loop
      vertex 49.6673 40 11.6683
      vertex 60 40 0
      vertex 49.6268 40 11.5065
    endloop
  endfacet
  facet normal 0 1 0
    outer loop
      vertex 60 40 0
      vertex 48 40 10.3
      vertex 48.1666 40 10.3082
    endloop
  endfacet
  facet normal 0 1 0
    outer loop
      vertex 60 40 0
      vertex 48.1666 40 10.3082
      vertex 48.3317 40 10.3327
    endloop
  endfacet
  facet normal 0 1 0
    outer loop
      vertex 60 40 0
      vertex 48.3317 40 10.3327
      vertex 48.4935 40 10.3732
    endloop
  endfacet
  facet normal 0 1 0
    outer loop
      vertex 36 40 7
      vertex 60 40 0
      vertex 24 40 7
    endloop
  endfacet
  facet normal 0 1 0
    outer loop
      vertex 47.8334 40 10.3082
      vertex 60 40 0
      vertex 36 40 7
    endloop
  endfacet
  facet normal 0 1 0
    outer loop
      vertex 48.6506 40 10.4294
      vertex 60 40 0
      vertex 48.4935 40 10.3732
    endloop
  endfacet
  facet normal 0 1 0
    outer loop
      vertex 48.8014 40 10.5007
      vertex 60 40 0
      vertex 48.6506 40 10.4294
    endloop
  endfacet
  facet normal 0 1 0
    outer loop
      vertex 48.9445 40 10.5865
      vertex 60 40 0
      vertex 48.8014 40 10.5007
    endloop
  endfacet
  facet normal 0 1 0
    outer loop
      vertex 49.0785 40 10.6859
      vertex 60 40 0
      vertex 48.9445 40 10.5865
    endloop
  endfacet
  facet normal 0 1 0
    outer loop
      vertex 49.2021 40 10.7979
      vertex 60 40 0
      vertex 49.0785 40 10.6859
    endloop
  endfacet
  facet normal 0 1 0
    outer loop
      vertex 49.3141 40 10.9215
      vertex 60 40 0
      vertex 49.2021 40 10.7979
    endloop
  endfacet
  facet normal 0 1 0
    outer loop
      vertex 49.4135 40 11.0555
      vertex 60 40 0
      vertex 49.3141 40 10.9215
    endloop
  endfacet
  facet normal 0 1 0
    outer loop
      vertex 49.4993 40 11.1986
      vertex 60 40 0
      vertex 49.4135 40 11.0555
    endloop
  endfacet
  facet normal 0 1 0
    outer loop
      vertex 49.5706 40 11.3494
      vertex 60 40 0
      vertex 49.4993 40 11.1986
    endloop
  endfacet
  facet normal 0 1 0
    outer loop
      vertex 49.6268 40 11.5065
      vertex 60 40 0
      vertex 49.5706 40 11.3494
    endloop
  endfacet
  facet normal 0 1 0
    outer loop
      vertex 60 40 35
      vertex 30 40 26.7
      vertex 0 40 35
    endloop
  endfacet
  facet normal 0 1 -0
    outer loop
      vertex 29.8334 40 26.6918
      vertex 0 40 35
      vertex 30 40 26.7
    endloop
  endfacet
  facet normal 0 1 -0
    outer loop
      vertex 11.8334 40 26.6918
      vertex 0 40 35
      vertex 12 40 26.7
    endloop
  endfacet
  facet normal 0 1 -0
    outer loop
      vertex 11.6683 40 26.6673
      vertex 0 40 35
      vertex 11.8334 40 26.6918
    endloop
  endfacet
  facet normal 0 1 -0
    outer loop
      vertex 11.5065 40 26.6268
      vertex 0 40 35
      vertex 11.6683 40 26.6673
    endloop
  endfacet
  facet normal 0 1 -0
    outer loop
      vertex 11.3494 40 26.5706
      vertex 0 40 35
      vertex 11.5065 40 26.6268
    endloop
  endfacet
  facet normal 0 1 -0
    outer loop
      vertex 11.1986 40 26.4993
      vertex 0 40 35
      vertex 11.3494 40 26.5706
    endloop
  endfacet
  facet normal 0 1 -0
    outer loop
      vertex 11.0555 40 26.4135
      vertex 0 40 35
      vertex 11.1986 40 26.4993
    endloop
  endfacet
  facet normal 0 1 -0
    outer loop
      vertex 10.9215 40 26.3141
      vertex 0 40 35
      vertex 11.0555 40 26.4135
    endloop
  endfacet
  facet normal 0 1 -0
    outer loop
      vertex 10.7979 40 26.2021
      vertex 0 40 35
      vertex 10.9215 40 26.3141
    endloop
  endfacet
  facet normal 0 1 -0
    outer loop
      vertex 10.6859 40 26.0785
      vertex 0 40 35
      vertex 10.7979 40 26.2021
    endloop
  endfacet
  facet normal 0 1 -0
    outer loop
      vertex 10.5865 40 25.9445
      vertex 0 40 35
      vertex 10.6859 40 26.0785
    endloop
  endfacet
  facet normal 0 1 -0
    outer loop
      vertex 10.5007 40 25.8014
      vertex 0 40 35
      vertex 10.5865 40 25.9445
    endloop
  endfacet
  facet normal 0 1 -0
    outer loop
      vertex 10.4294 40 25.6506
      vertex 0 40 35
      vertex 10.5007 40 25.8014
    endloop
  endfacet
  facet normal 0 1 -0
    outer loop
      vertex 10.3732 40 25.4935
      vertex 0 40 35
      vertex 10.4294 40 25.6506
    endloop
  endfacet
  facet normal 0 1 -0
    outer loop
      vertex 10.3327 40 25.3317
      vertex 0 40 35
      vertex 10.3732 40 25.4935
    endloop
  endfacet
  facet normal 0 1 -0
    outer loop
      vertex 10.3082 40 25.1666
      vertex 0 40 35
      vertex 10.3327 40 25.3317
    endloop
  endfacet
  facet normal 0 1 -0
    outer loop
      vertex 10.3 40 25
      vertex 0 40 35
      vertex 10.3082 40 25.1666
    endloop
  endfacet
  facet normal 0 1 0
    outer loop
      vertex 10.3082 40 24.8334
      vertex 0 40 35
      vertex 10.3 40 25
    endloop
  endfacet
  facet normal 0 1 0
    outer loop
      vertex 10.3327 40 24.6683
      vertex 0 40 35
      vertex 10.3082 40 24.8334
    endloop
  endfacet
  facet normal 0 1 0
    outer loop
      vertex 10.3732 40 24.5065
      vertex 0 40 35
      vertex 10.3327 40 24.6683
    endloop
  endfacet
  facet normal 0 1 0
    outer loop
      vertex 10.4294 40 24.3494
      vertex 0 40 35
      vertex 10.3732 40 24.5065
    endloop
  endfacet
  facet normal 0 1 0
    outer loop
      vertex 10.4294 40 12.6506
      vertex 10.4294 40 24.3494
      vertex 10.5007 40 24.1986
    endloop
  endfacet
  facet normal 0 1 0
    outer loop
      vertex 10.5007 40 12.8014
      vertex 10.5007 40 24.1986
      vertex 10.5865 40 24.0555
    endloop
  endfacet
  facet normal 0 1 0
    outer loop
      vertex 10.5865 40 12.9445
      vertex 10.5865 40 24.0555
      vertex 10.6859 40 23.9215
    endloop
  endfacet
  facet normal 0 1 0
    outer loop
      vertex 10.6859 40 13.0785
      vertex 10.6859 40 23.9215
      vertex 10.7979 40 23.7979
    endloop
  endfacet
  facet normal 0 1 0
    outer loop
      vertex 12.3317 40 23.3327
      vertex 12 40 13.7
      vertex 12.1666 40 23.3082
    endloop
  endfacet
  facet normal 0 1 0
    outer loop
      vertex 12.1666 40 23.3082
      vertex 12 40 13.7
      vertex 12 40 23.3
    endloop
  endfacet
  facet normal 0 1 0
    outer loop
      vertex 12 40 23.3
      vertex 12 40 13.7
      vertex 11.8334 40 23.3082
    endloop
  endfacet
  facet normal 0 1 0
    outer loop
      vertex 11.8334 40 13.6918
      vertex 11.8334 40 23.3082
      vertex 12 40 13.7
    endloop
  endfacet
  facet normal 0 1 0
    outer loop
      vertex 11.8334 40 23.3082
      vertex 11.8334 40 13.6918
      vertex 11.6683 40 23.3327
    endloop
  endfacet
  facet normal 0 1 0
    outer loop
      vertex 11.6683 40 13.6673
      vertex 11.6683 40 23.3327
      vertex 11.8334 40 13.6918
    endloop
  endfacet
  facet normal 0 1 0
    outer loop
      vertex 11.6683 40 23.3327
      vertex 11.6683 40 13.6673
      vertex 11.5065 40 23.3732
    endloop
  endfacet
  facet normal 0 1 0
    outer loop
      vertex 11.5065 40 13.6268
      vertex 11.5065 40 23.3732
      vertex 11.6683 40 13.6673
    endloop
  endfacet
  facet normal 0 1 0
    outer loop
      vertex 11.5065 40 23.3732
      vertex 11.5065 40 13.6268
      vertex 11.3494 40 23.4294
    endloop
  endfacet
  facet normal 0 1 0
    outer loop
      vertex 11.3494 40 13.5706
      vertex 11.3494 40 23.4294
      vertex 11.5065 40 13.6268
    endloop
  endfacet
  facet normal 0 1 0
    outer loop
      vertex 11.3494 40 23.4294
      vertex 11.3494 40 13.5706
      vertex 11.1986 40 23.5007
    endloop
  endfacet
  facet normal 0 1 0
    outer loop
      vertex 11.1986 40 13.4993
      vertex 11.1986 40 23.5007
      vertex 11.3494 40 13.5706
    endloop
  endfacet
  facet normal 0 1 0
    outer loop
      vertex 11.1986 40 23.5007
      vertex 11.1986 40 13.4993
      vertex 11.0555 40 23.5865
    endloop
  endfacet
  facet normal 0 1 0
    outer loop
      vertex 11.0555 40 13.4135
      vertex 11.0555 40 23.5865
      vertex 11.1986 40 13.4993
    endloop
  endfacet
  facet normal 0 1 0
    outer loop
      vertex 11.0555 40 23.5865
      vertex 11.0555 40 13.4135
      vertex 10.9215 40 23.6859
    endloop
  endfacet
  facet normal 0 1 0
    outer loop
      vertex 10.9215 40 13.3141
      vertex 10.9215 40 23.6859
      vertex 11.0555 40 13.4135
    endloop
  endfacet
  facet normal 0 1 0
    outer loop
      vertex 10.9215 40 23.6859
      vertex 10.9215 40 13.3141
      vertex 10.7979 40 23.7979
    endloop
  endfacet
  facet normal 0 1 0
    outer loop
      vertex 10.7979 40 13.2021
      vertex 10.7979 40 23.7979
      vertex 10.9215 40 13.3141
    endloop
  endfacet
  facet normal 0 1 0
    outer loop
      vertex 10.6859 40 13.0785
      vertex 10.7979 40 23.7979
      vertex 10.7979 40 13.2021
    endloop
  endfacet
  facet normal 0 1 0
    outer loop
      vertex 10.6859 40 23.9215
      vertex 10.6859 40 13.0785
      vertex 10.5865 40 12.9445
    endloop
  endfacet
  facet normal 0 1 0
    outer loop
      vertex 10.5865 40 24.0555
      vertex 10.5865 40 12.9445
      vertex 10.5007 40 12.8014
    endloop
  endfacet
  facet normal 0 1 0
    outer loop
      vertex 10.5007 40 24.1986
      vertex 10.5007 40 12.8014
      vertex 10.4294 40 12.6506
    endloop
  endfacet
  facet normal 0 1 0
    outer loop
      vertex 10.4294 40 24.3494
      vertex 10.4294 40 12.6506
      vertex 0 40 35
    endloop
  endfacet
  facet normal 0 1 -0
    outer loop
      vertex 10.3732 40 12.4935
      vertex 0 40 35
      vertex 10.4294 40 12.6506
    endloop
  endfacet
  facet normal 0 1 0
    outer loop
      vertex 0 40 0
      vertex 10.3732 40 12.4935
      vertex 10.3327 40 12.3317
    endloop
  endfacet
  facet normal 0 1 0
    outer loop
      vertex 0 40 0
      vertex 10.3327 40 12.3317
      vertex 10.3082 40 12.1666
    endloop
  endfacet
  facet normal 0 1 0
    outer loop
      vertex 0 40 0
      vertex 10.3082 40 12.1666
      vertex 10.3 40 12
    endloop
  endfacet
  facet normal 0 1 0
    outer loop
      vertex 0 40 0
      vertex 10.3 40 12
      vertex 10.3082 40 11.8334
    endloop
  endfacet
  facet normal 0 1 0
    outer loop
      vertex 0 40 0
      vertex 10.3082 40 11.8334
      vertex 10.3327 40 11.6683
    endloop
  endfacet
  facet normal 0 1 0
    outer loop
      vertex 0 40 0
      vertex 10.3327 40 11.6683
      vertex 10.3732 40 11.5065
    endloop
  endfacet
  facet normal 0 1 0
    outer loop
      vertex 0 40 0
      vertex 10.3732 40 11.5065
      vertex 10.4294 40 11.3494
    endloop
  endfacet
  facet normal 0 1 0
    outer loop
      vertex 12.1666 40 10.3082
      vertex 0 40 0
      vertex 12 40 10.3
    endloop
  endfacet
  facet normal 0 1 0
    outer loop
      vertex 12 40 10.3
      vertex 0 40 0
      vertex 11.8334 40 10.3082
    endloop
  endfacet
  facet normal 0 1 0
    outer loop
      vertex 11.8334 40 10.3082
      vertex 0 40 0
      vertex 11.6683 40 10.3327
    endloop
  endfacet
  facet normal 0 1 0
    outer loop
      vertex 10.3732 40 12.4935
      vertex 0 40 0
      vertex 0 40 35
    endloop
  endfacet
  facet normal 0 1 0
    outer loop
      vertex 10.5007 40 11.1986
      vertex 0 40 0
      vertex 10.4294 40 11.3494
    endloop
  endfacet
  facet normal 0 1 0
    outer loop
      vertex 10.5865 40 11.0555
      vertex 0 40 0
      vertex 10.5007 40 11.1986
    endloop
  endfacet
  facet normal 0 1 0
    outer loop
      vertex 10.6859 40 10.9215
      vertex 0 40 0
      vertex 10.5865 40 11.0555
    endloop
  endfacet
  facet normal 0 1 0
    outer loop
      vertex 10.7979 40 10.7979
      vertex 0 40 0
      vertex 10.6859 40 10.9215
    endloop
  endfacet
  facet normal 0 1 0
    outer loop
      vertex 10.9215 40 10.6859
      vertex 0 40 0
      vertex 10.7979 40 10.7979
    endloop
  endfacet
  facet normal 0 1 0
    outer loop
      vertex 11.0555 40 10.5865
      vertex 0 40 0
      vertex 10.9215 40 10.6859
    endloop
  endfacet
  facet normal 0 1 0
    outer loop
      vertex 11.1986 40 10.5007
      vertex 0 40 0
      vertex 11.0555 40 10.5865
    endloop
  endfacet
  facet normal 0 1 0
    outer loop
      vertex 11.3494 40 10.4294
      vertex 0 40 0
      vertex 11.1986 40 10.5007
    endloop
  endfacet
  facet normal 0 1 0
    outer loop
      vertex 11.5065 40 10.3732
      vertex 0 40 0
      vertex 11.3494 40 10.4294
    endloop
  endfacet
  facet normal 0 1 0
    outer loop
      vertex 11.6683 40 10.3327
      vertex 0 40 0
      vertex 11.5065 40 10.3732
    endloop
  endfacet
  facet normal 0 1 0
    outer loop
      vertex 0 40 0
      vertex 24 40 7
      vertex 60 40 0
    endloop
  endfacet
  facet normal 0 1 0
    outer loop
      vertex 31.3141 40 13.0785
      vertex 36 40 13
      vertex 31.3723 40 13
    endloop
  endfacet
  facet normal 0 -1 0
    outer loop
      vertex 2 0 0
      vertex 58 0 4.01
      vertex 2 0 4.01
    endloop
  endfacet
  facet normal 0 -1 -0
    outer loop
      vertex 58 0 4.01
      vertex 2 0 0
      vertex 58 0 0
    endloop
  endfacet
  facet normal 0.803252 -0.595639 0
    outer loop
      vertex 59.546 0.731214 4.01
      vertex 59.6629 0.88886 0.864169
      vertex 59.6629 0.88886 4.01
    endloop
  endfacet
  facet normal 0.803252 -0.595639 0
    outer loop
      vertex 59.6629 0.88886 0.864169
      vertex 59.546 0.731214 4.01
      vertex 59.546 0.731214 0.710902
    endloop
  endfacet
  facet normal -1 0 0
    outer loop
      vertex 0 40 0
      vertex 0 36 35
      vertex 0 40 35
    endloop
  endfacet
  facet normal -1 0 0
    outer loop
      vertex 0 40 0
      vertex 0 4.12457 4.01
      vertex 0 36 35
    endloop
  endfacet
  facet normal -1 0 0
    outer loop
      vertex 0 40 0
      vertex 0 2 1.94444
      vertex 0 4.12457 4.01
    endloop
  endfacet
  facet normal -1 0 -0
    outer loop
      vertex 0 2 1.94444
      vertex 0 40 0
      vertex 0 0 0
    endloop
  endfacet
  facet normal -1 -0 0
    outer loop
      vertex 0 4.12457 4.01
      vertex 0 2 1.94444
      vertex 0 2 4.01
    endloop
  endfacet
  facet normal 0.998803 -0.0489135 0
    outer loop
      vertex 59.9904 1.80397 4.01
      vertex 60 2 1.94444
      vertex 60 2 4.01
    endloop
  endfacet
  facet normal 0.998803 -0.0489135 0
    outer loop
      vertex 60 2 1.94444
      vertex 59.9904 1.80397 4.01
      vertex 59.9904 1.80397 1.75386
    endloop
  endfacet
  facet normal 0.242965 -0.970035 0
    outer loop
      vertex 58.3902 0.0384302 4.01
      vertex 58.5806 0.0861197 0.0837274
      vertex 58.5806 0.0861197 4.01
    endloop
  endfacet
  facet normal 0.242965 -0.970035 0
    outer loop
      vertex 58.5806 0.0861197 0.0837274
      vertex 58.3902 0.0384302 4.01
      vertex 58.3902 0.0384302 0.0373627
    endloop
  endfacet
  facet normal 0.336889 -0.941544 0
    outer loop
      vertex 58.5806 0.0861197 4.01
      vertex 58.7654 0.152242 0.148013
      vertex 58.7654 0.152242 4.01
    endloop
  endfacet
  facet normal 0.336889 -0.941544 0
    outer loop
      vertex 58.7654 0.152242 0.148013
      vertex 58.5806 0.0861197 4.01
      vertex 58.5806 0.0861197 0.0837274
    endloop
  endfacet
  facet normal -0.970032 -0.242977 -0
    outer loop
      vertex 0.0861197 1.41943 4.01
      vertex 0.0384302 1.60982 1.5651
      vertex 0.0861197 1.41943 1.38
    endloop
  endfacet
  facet normal -0.970032 -0.242977 0
    outer loop
      vertex 0.0384302 1.60982 1.5651
      vertex 0.0861197 1.41943 4.01
      vertex 0.0384302 1.60982 4.01
    endloop
  endfacet
  facet normal 0.989176 -0.146733 0
    outer loop
      vertex 59.9616 1.60982 4.01
      vertex 59.9904 1.80397 1.75386
      vertex 59.9904 1.80397 4.01
    endloop
  endfacet
  facet normal 0.989176 -0.146733 0
    outer loop
      vertex 59.9904 1.80397 1.75386
      vertex 59.9616 1.60982 4.01
      vertex 59.9616 1.60982 1.5651
    endloop
  endfacet
  facet normal 0.671629 -0.740887 0
    outer loop
      vertex 59.2688 0.453979 4.01
      vertex 59.4142 0.585787 0.569515
      vertex 59.4142 0.585787 4.01
    endloop
  endfacet
  facet normal 0.671629 -0.740887 0
    outer loop
      vertex 59.4142 0.585787 0.569515
      vertex 59.2688 0.453979 4.01
      vertex 59.2688 0.453979 0.441369
    endloop
  endfacet
  facet normal -0.903984 -0.427566 -0
    outer loop
      vertex 0.236158 1.05721 4.01
      vertex 0.152242 1.23463 1.20034
      vertex 0.236158 1.05721 1.02784
    endloop
  endfacet
  facet normal -0.903984 -0.427566 0
    outer loop
      vertex 0.152242 1.23463 1.20034
      vertex 0.236158 1.05721 4.01
      vertex 0.152242 1.23463 4.01
    endloop
  endfacet
  facet normal 0.85774 -0.514084 0
    outer loop
      vertex 59.6629 0.88886 4.01
      vertex 59.7638 1.05721 1.02784
      vertex 59.7638 1.05721 4.01
    endloop
  endfacet
  facet normal 0.85774 -0.514084 0
    outer loop
      vertex 59.7638 1.05721 1.02784
      vertex 59.6629 0.88886 4.01
      vertex 59.6629 0.88886 0.864169
    endloop
  endfacet
  facet normal 0.903819 -0.427916 0
    outer loop
      vertex 59.7638 1.05721 4.01
      vertex 59.8478 1.23463 1.20034
      vertex 59.8478 1.23463 4.01
    endloop
  endfacet
  facet normal 0.903819 -0.427916 0
    outer loop
      vertex 59.8478 1.23463 1.20034
      vertex 59.7638 1.05721 4.01
      vertex 59.7638 1.05721 1.02784
    endloop
  endfacet
  facet normal -0.0490719 -0.998795 0
    outer loop
      vertex 1.80397 0.00963116 0.00936363
      vertex 2 0 4.01
      vertex 1.80397 0.00963116 4.01
    endloop
  endfacet
  facet normal -0.0490719 -0.998795 -0
    outer loop
      vertex 2 0 4.01
      vertex 1.80397 0.00963116 0.00936363
      vertex 2 0 0
    endloop
  endfacet
  facet normal -0.595699 -0.803208 0
    outer loop
      vertex 0.731214 0.453979 0.441369
      vertex 0.88886 0.337061 4.01
      vertex 0.731214 0.453979 4.01
    endloop
  endfacet
  facet normal -0.595699 -0.803208 -0
    outer loop
      vertex 0.88886 0.337061 4.01
      vertex 0.731214 0.453979 0.441369
      vertex 0.88886 0.337061 0.327698
    endloop
  endfacet
  facet normal -0.740949 -0.671561 -0
    outer loop
      vertex 0.585787 0.585787 4.01
      vertex 0.453979 0.731214 0.710902
      vertex 0.585787 0.585787 0.569515
    endloop
  endfacet
  facet normal -0.740949 -0.671561 0
    outer loop
      vertex 0.453979 0.731214 0.710902
      vertex 0.585787 0.585787 4.01
      vertex 0.453979 0.731214 4.01
    endloop
  endfacet
  facet normal -0.857733 -0.514095 -0
    outer loop
      vertex 0.337061 0.88886 4.01
      vertex 0.236158 1.05721 1.02784
      vertex 0.337061 0.88886 0.864169
    endloop
  endfacet
  facet normal -0.857733 -0.514095 0
    outer loop
      vertex 0.236158 1.05721 1.02784
      vertex 0.337061 0.88886 4.01
      vertex 0.236158 1.05721 4.01
    endloop
  endfacet
  facet normal 0.970019 -0.243027 0
    outer loop
      vertex 59.9139 1.41943 4.01
      vertex 59.9616 1.60982 1.5651
      vertex 59.9616 1.60982 4.01
    endloop
  endfacet
  facet normal 0.970019 -0.243027 0
    outer loop
      vertex 59.9616 1.60982 1.5651
      vertex 59.9139 1.41943 4.01
      vertex 59.9139 1.41943 1.38
    endloop
  endfacet
  facet normal 0.514207 -0.857666 0
    outer loop
      vertex 58.9428 0.236158 4.01
      vertex 59.1111 0.337061 0.327698
      vertex 59.1111 0.337061 4.01
    endloop
  endfacet
  facet normal 0.514207 -0.857666 0
    outer loop
      vertex 59.1111 0.337061 0.327698
      vertex 58.9428 0.236158 4.01
      vertex 58.9428 0.236158 0.229598
    endloop
  endfacet
  facet normal -0.998795 -0.0490719 -0
    outer loop
      vertex 0.00963116 1.80397 4.01
      vertex 0 2 1.94444
      vertex 0.00963116 1.80397 1.75386
    endloop
  endfacet
  facet normal -0.998795 -0.0490719 0
    outer loop
      vertex 0 2 1.94444
      vertex 0.00963116 1.80397 4.01
      vertex 0 2 4.01
    endloop
  endfacet
  facet normal -0.242977 -0.970032 0
    outer loop
      vertex 1.41943 0.0861197 0.0837274
      vertex 1.60982 0.0384302 4.01
      vertex 1.41943 0.0861197 4.01
    endloop
  endfacet
  facet normal -0.242977 -0.970032 -0
    outer loop
      vertex 1.60982 0.0384302 4.01
      vertex 1.41943 0.0861197 0.0837274
      vertex 1.60982 0.0384302 0.0373627
    endloop
  endfacet
  facet normal -0.146729 -0.989177 0
    outer loop
      vertex 1.60982 0.0384302 0.0373627
      vertex 1.80397 0.00963116 4.01
      vertex 1.60982 0.0384302 4.01
    endloop
  endfacet
  facet normal -0.146729 -0.989177 -0
    outer loop
      vertex 1.80397 0.00963116 4.01
      vertex 1.60982 0.0384302 0.0373627
      vertex 1.80397 0.00963116 0.00936363
    endloop
  endfacet
  facet normal 0.427605 -0.903966 0
    outer loop
      vertex 58.7654 0.152242 4.01
      vertex 58.9428 0.236158 0.229598
      vertex 58.9428 0.236158 4.01
    endloop
  endfacet
  facet normal 0.427605 -0.903966 0
    outer loop
      vertex 58.9428 0.236158 0.229598
      vertex 58.7654 0.152242 4.01
      vertex 58.7654 0.152242 0.148013
    endloop
  endfacet
  facet normal 0.94158 -0.336788 0
    outer loop
      vertex 59.8478 1.23463 4.01
      vertex 59.9139 1.41943 1.38
      vertex 59.9139 1.41943 4.01
    endloop
  endfacet
  facet normal 0.94158 -0.336788 0
    outer loop
      vertex 59.9139 1.41943 1.38
      vertex 59.8478 1.23463 4.01
      vertex 59.8478 1.23463 1.20034
    endloop
  endfacet
  facet normal 0.0490794 -0.998795 0
    outer loop
      vertex 58 0 4.01
      vertex 58.196 0.00963116 0.00936363
      vertex 58.196 0.00963116 4.01
    endloop
  endfacet
  facet normal 0.0490794 -0.998795 0
    outer loop
      vertex 58.196 0.00963116 0.00936363
      vertex 58 0 4.01
      vertex 58 0 0
    endloop
  endfacet
  facet normal 0.146692 -0.989182 0
    outer loop
      vertex 58.196 0.00963116 4.01
      vertex 58.3902 0.0384302 0.0373627
      vertex 58.3902 0.0384302 4.01
    endloop
  endfacet
  facet normal 0.146692 -0.989182 0
    outer loop
      vertex 58.3902 0.0384302 0.0373627
      vertex 58.196 0.00963116 4.01
      vertex 58.196 0.00963116 0.00936363
    endloop
  endfacet
  facet normal -0.514095 -0.857733 0
    outer loop
      vertex 0.88886 0.337061 0.327698
      vertex 1.05721 0.236158 4.01
      vertex 0.88886 0.337061 4.01
    endloop
  endfacet
  facet normal -0.514095 -0.857733 -0
    outer loop
      vertex 1.05721 0.236158 4.01
      vertex 0.88886 0.337061 0.327698
      vertex 1.05721 0.236158 0.229598
    endloop
  endfacet
  facet normal -0.427566 -0.903984 0
    outer loop
      vertex 1.05721 0.236158 0.229598
      vertex 1.23463 0.152242 4.01
      vertex 1.05721 0.236158 4.01
    endloop
  endfacet
  facet normal -0.427566 -0.903984 -0
    outer loop
      vertex 1.23463 0.152242 4.01
      vertex 1.05721 0.236158 0.229598
      vertex 1.23463 0.152242 0.148013
    endloop
  endfacet
  facet normal -0.803208 -0.595699 -0
    outer loop
      vertex 0.453979 0.731214 4.01
      vertex 0.337061 0.88886 0.864169
      vertex 0.453979 0.731214 0.710902
    endloop
  endfacet
  facet normal -0.803208 -0.595699 0
    outer loop
      vertex 0.337061 0.88886 0.864169
      vertex 0.453979 0.731214 4.01
      vertex 0.337061 0.88886 4.01
    endloop
  endfacet
  facet normal -0.941544 -0.336889 -0
    outer loop
      vertex 0.152242 1.23463 4.01
      vertex 0.0861197 1.41943 1.38
      vertex 0.152242 1.23463 1.20034
    endloop
  endfacet
  facet normal -0.941544 -0.336889 0
    outer loop
      vertex 0.0861197 1.41943 1.38
      vertex 0.152242 1.23463 4.01
      vertex 0.0861197 1.41943 4.01
    endloop
  endfacet
  facet normal -0.336889 -0.941544 0
    outer loop
      vertex 1.23463 0.152242 0.148013
      vertex 1.41943 0.0861197 4.01
      vertex 1.23463 0.152242 4.01
    endloop
  endfacet
  facet normal -0.336889 -0.941544 -0
    outer loop
      vertex 1.41943 0.0861197 4.01
      vertex 1.23463 0.152242 0.148013
      vertex 1.41943 0.0861197 0.0837274
    endloop
  endfacet
  facet normal 0.74097 -0.671538 0
    outer loop
      vertex 59.4142 0.585787 4.01
      vertex 59.546 0.731214 0.710902
      vertex 59.546 0.731214 4.01
    endloop
  endfacet
  facet normal 0.74097 -0.671538 0
    outer loop
      vertex 59.546 0.731214 0.710902
      vertex 59.4142 0.585787 4.01
      vertex 59.4142 0.585787 0.569515
    endloop
  endfacet
  facet normal -0.989177 -0.146729 -0
    outer loop
      vertex 0.0384302 1.60982 4.01
      vertex 0.00963116 1.80397 1.75386
      vertex 0.0384302 1.60982 1.5651
    endloop
  endfacet
  facet normal -0.989177 -0.146729 0
    outer loop
      vertex 0.00963116 1.80397 1.75386
      vertex 0.0384302 1.60982 4.01
      vertex 0.00963116 1.80397 4.01
    endloop
  endfacet
  facet normal 0 0 1
    outer loop
      vertex 10.0787 31.139 4.01
      vertex 49.9213 31.139 4.01
      vertex 10.1531 31.3469 4.01
    endloop
  endfacet
  facet normal 0 0 1
    outer loop
      vertex 50.0157 9.06064 4.01
      vertex 10.2392 8.22054 4.01
      vertex 10.25 8 4.01
    endloop
  endfacet
  facet normal 0 0 1
    outer loop
      vertex 49.9213 31.139 4.01
      vertex 10.0787 31.139 4.01
      vertex 50.0157 30.9394 4.01
    endloop
  endfacet
  facet normal 0 0 1
    outer loop
      vertex 50.0157 9.06064 4.01
      vertex 10.2068 8.43895 4.01
      vertex 10.2392 8.22054 4.01
    endloop
  endfacet
  facet normal 0 0 1
    outer loop
      vertex 9.98432 30.9394 4.01
      vertex 50.0157 30.9394 4.01
      vertex 10.0787 31.139 4.01
    endloop
  endfacet
  facet normal 0 0 1
    outer loop
      vertex 50.0157 9.06064 4.01
      vertex 10.1531 8.65314 4.01
      vertex 10.2068 8.43895 4.01
    endloop
  endfacet
  facet normal 0 0 1
    outer loop
      vertex 50.0157 30.9394 4.01
      vertex 9.98432 30.9394 4.01
      vertex 50.0157 9.06064 4.01
    endloop
  endfacet
  facet normal 0 0 1
    outer loop
      vertex 50.0157 9.06064 4.01
      vertex 10.0787 8.86104 4.01
      vertex 10.1531 8.65314 4.01
    endloop
  endfacet
  facet normal 0 0 1
    outer loop
      vertex 9.98432 9.06064 4.01
      vertex 50.0157 9.06064 4.01
      vertex 9.98432 30.9394 4.01
    endloop
  endfacet
  facet normal 0 0 1
    outer loop
      vertex 50.0157 9.06064 4.01
      vertex 9.98432 9.06064 4.01
      vertex 10.0787 8.86104 4.01
    endloop
  endfacet
  facet normal -0 0 1
    outer loop
      vertex 9.87081 30.75 4.01
      vertex 9.98432 9.06064 4.01
      vertex 9.98432 30.9394 4.01
    endloop
  endfacet
  facet normal 0 0 1
    outer loop
      vertex 9.87081 30.75 4.01
      vertex 9.87081 9.25003 4.01
      vertex 9.98432 9.06064 4.01
    endloop
  endfacet
  facet normal -0 0 1
    outer loop
      vertex 9.73927 30.5726 4.01
      vertex 9.87081 9.25003 4.01
      vertex 9.87081 30.75 4.01
    endloop
  endfacet
  facet normal 0 0 1
    outer loop
      vertex 9.73927 30.5726 4.01
      vertex 9.73927 9.42738 4.01
      vertex 9.87081 9.25003 4.01
    endloop
  endfacet
  facet normal -0 0 1
    outer loop
      vertex 9.59099 30.409 4.01
      vertex 9.73927 9.42738 4.01
      vertex 9.73927 30.5726 4.01
    endloop
  endfacet
  facet normal 0 0 1
    outer loop
      vertex 9.59099 30.409 4.01
      vertex 9.59099 9.59099 4.01
      vertex 9.73927 9.42738 4.01
    endloop
  endfacet
  facet normal -0 0 1
    outer loop
      vertex 9.42738 30.2607 4.01
      vertex 9.59099 9.59099 4.01
      vertex 9.59099 30.409 4.01
    endloop
  endfacet
  facet normal 0 0 1
    outer loop
      vertex 9.42738 30.2607 4.01
      vertex 9.42738 9.73927 4.01
      vertex 9.59099 9.59099 4.01
    endloop
  endfacet
  facet normal -0 0 1
    outer loop
      vertex 9.25003 30.1292 4.01
      vertex 9.42738 9.73927 4.01
      vertex 9.42738 30.2607 4.01
    endloop
  endfacet
  facet normal 0 0 1
    outer loop
      vertex 9.25003 30.1292 4.01
      vertex 9.25003 9.87081 4.01
      vertex 9.42738 9.73927 4.01
    endloop
  endfacet
  facet normal -0 0 1
    outer loop
      vertex 9.06064 30.0157 4.01
      vertex 9.25003 9.87081 4.01
      vertex 9.25003 30.1292 4.01
    endloop
  endfacet
  facet normal 0 0 1
    outer loop
      vertex 9.06064 30.0157 4.01
      vertex 9.06064 9.98432 4.01
      vertex 9.25003 9.87081 4.01
    endloop
  endfacet
  facet normal -0 0 1
    outer loop
      vertex 8.86104 29.9213 4.01
      vertex 9.06064 9.98432 4.01
      vertex 9.06064 30.0157 4.01
    endloop
  endfacet
  facet normal 0 0 1
    outer loop
      vertex 8.86104 29.9213 4.01
      vertex 8.86104 10.0787 4.01
      vertex 9.06064 9.98432 4.01
    endloop
  endfacet
  facet normal -0 0 1
    outer loop
      vertex 8.65314 29.8469 4.01
      vertex 8.86104 10.0787 4.01
      vertex 8.86104 29.9213 4.01
    endloop
  endfacet
  facet normal 0 0 1
    outer loop
      vertex 8.65314 29.8469 4.01
      vertex 8.65314 10.1531 4.01
      vertex 8.86104 10.0787 4.01
    endloop
  endfacet
  facet normal -0 0 1
    outer loop
      vertex 8.43895 29.7932 4.01
      vertex 8.65314 10.1531 4.01
      vertex 8.65314 29.8469 4.01
    endloop
  endfacet
  facet normal 0 0 1
    outer loop
      vertex 8.43895 29.7932 4.01
      vertex 8.43895 10.2068 4.01
      vertex 8.65314 10.1531 4.01
    endloop
  endfacet
  facet normal -0 0 1
    outer loop
      vertex 8.22054 29.7608 4.01
      vertex 8.43895 10.2068 4.01
      vertex 8.43895 29.7932 4.01
    endloop
  endfacet
  facet normal 0 0 1
    outer loop
      vertex 8.22054 29.7608 4.01
      vertex 8.22054 10.2392 4.01
      vertex 8.43895 10.2068 4.01
    endloop
  endfacet
  facet normal -0 0 1
    outer loop
      vertex 8 29.75 4.01
      vertex 8.22054 10.2392 4.01
      vertex 8.22054 29.7608 4.01
    endloop
  endfacet
  facet normal 0 0 1
    outer loop
      vertex 8 29.75 4.01
      vertex 8 10.25 4.01
      vertex 8.22054 10.2392 4.01
    endloop
  endfacet
  facet normal 0 0 1
    outer loop
      vertex 7.77946 29.7608 4.01
      vertex 8 10.25 4.01
      vertex 8 29.75 4.01
    endloop
  endfacet
  facet normal 0 0 1
    outer loop
      vertex 7.77946 29.7608 4.01
      vertex 7.77946 10.2392 4.01
      vertex 8 10.25 4.01
    endloop
  endfacet
  facet normal 0 0 1
    outer loop
      vertex 7.56105 29.7932 4.01
      vertex 7.77946 10.2392 4.01
      vertex 7.77946 29.7608 4.01
    endloop
  endfacet
  facet normal 0 0 1
    outer loop
      vertex 7.56105 29.7932 4.01
      vertex 7.56105 10.2068 4.01
      vertex 7.77946 10.2392 4.01
    endloop
  endfacet
  facet normal 0 0 1
    outer loop
      vertex 7.34686 29.8469 4.01
      vertex 7.56105 10.2068 4.01
      vertex 7.56105 29.7932 4.01
    endloop
  endfacet
  facet normal 0 0 1
    outer loop
      vertex 7.34686 29.8469 4.01
      vertex 7.34686 10.1531 4.01
      vertex 7.56105 10.2068 4.01
    endloop
  endfacet
  facet normal 0 0 1
    outer loop
      vertex 7.13896 29.9213 4.01
      vertex 7.34686 10.1531 4.01
      vertex 7.34686 29.8469 4.01
    endloop
  endfacet
  facet normal 0 0 1
    outer loop
      vertex 7.13896 29.9213 4.01
      vertex 7.13896 10.0787 4.01
      vertex 7.34686 10.1531 4.01
    endloop
  endfacet
  facet normal 0 0 1
    outer loop
      vertex 6.93936 30.0157 4.01
      vertex 7.13896 10.0787 4.01
      vertex 7.13896 29.9213 4.01
    endloop
  endfacet
  facet normal 0 0 1
    outer loop
      vertex 6.93936 30.0157 4.01
      vertex 6.93936 9.98432 4.01
      vertex 7.13896 10.0787 4.01
    endloop
  endfacet
  facet normal 0 0 1
    outer loop
      vertex 6.74997 30.1292 4.01
      vertex 6.93936 9.98432 4.01
      vertex 6.93936 30.0157 4.01
    endloop
  endfacet
  facet normal 0 0 1
    outer loop
      vertex 6.74997 30.1292 4.01
      vertex 6.74997 9.87081 4.01
      vertex 6.93936 9.98432 4.01
    endloop
  endfacet
  facet normal 0 0 1
    outer loop
      vertex 6.57261 30.2607 4.01
      vertex 6.74997 9.87081 4.01
      vertex 6.74997 30.1292 4.01
    endloop
  endfacet
  facet normal 0 0 1
    outer loop
      vertex 6.57261 30.2607 4.01
      vertex 6.57261 9.73927 4.01
      vertex 6.74997 9.87081 4.01
    endloop
  endfacet
  facet normal 0 0 1
    outer loop
      vertex 6.40901 30.409 4.01
      vertex 6.57261 9.73927 4.01
      vertex 6.57261 30.2607 4.01
    endloop
  endfacet
  facet normal 0 0 1
    outer loop
      vertex 6.40901 30.409 4.01
      vertex 6.40901 9.59099 4.01
      vertex 6.57261 9.73927 4.01
    endloop
  endfacet
  facet normal 0 0 1
    outer loop
      vertex 6.26073 30.5726 4.01
      vertex 6.40901 9.59099 4.01
      vertex 6.40901 30.409 4.01
    endloop
  endfacet
  facet normal 0 0 1
    outer loop
      vertex 6.26073 30.5726 4.01
      vertex 6.26073 9.42738 4.01
      vertex 6.40901 9.59099 4.01
    endloop
  endfacet
  facet normal 0 0 1
    outer loop
      vertex 6.12919 30.75 4.01
      vertex 6.26073 9.42738 4.01
      vertex 6.26073 30.5726 4.01
    endloop
  endfacet
  facet normal 0 0 1
    outer loop
      vertex 6.12919 30.75 4.01
      vertex 6.12919 9.25003 4.01
      vertex 6.26073 9.42738 4.01
    endloop
  endfacet
  facet normal 0 0 1
    outer loop
      vertex 6.01568 30.9394 4.01
      vertex 6.12919 9.25003 4.01
      vertex 6.12919 30.75 4.01
    endloop
  endfacet
  facet normal 0 0 1
    outer loop
      vertex 6.01568 30.9394 4.01
      vertex 6.01568 9.06064 4.01
      vertex 6.12919 9.25003 4.01
    endloop
  endfacet
  facet normal 0 0 1
    outer loop
      vertex 5.92127 31.139 4.01
      vertex 6.01568 9.06064 4.01
      vertex 6.01568 30.9394 4.01
    endloop
  endfacet
  facet normal 0 0 1
    outer loop
      vertex 5.92127 31.139 4.01
      vertex 5.92127 8.86104 4.01
      vertex 6.01568 9.06064 4.01
    endloop
  endfacet
  facet normal 0 0 1
    outer loop
      vertex 5.84688 31.3469 4.01
      vertex 5.92127 8.86104 4.01
      vertex 5.92127 31.139 4.01
    endloop
  endfacet
  facet normal 0 0 1
    outer loop
      vertex 5.84688 31.3469 4.01
      vertex 5.84688 8.65314 4.01
      vertex 5.92127 8.86104 4.01
    endloop
  endfacet
  facet normal 0 0 1
    outer loop
      vertex 4 36 4.01
      vertex 5.84688 31.3469 4.01
      vertex 5.79323 31.561 4.01
    endloop
  endfacet
  facet normal 0 0 1
    outer loop
      vertex 5.84688 31.3469 4.01
      vertex 4 4.12457 4.01
      vertex 5.84688 8.65314 4.01
    endloop
  endfacet
  facet normal 0 0 1
    outer loop
      vertex 4 36 4.01
      vertex 5.79323 31.561 4.01
      vertex 5.76083 31.7795 4.01
    endloop
  endfacet
  facet normal 0 0 1
    outer loop
      vertex 5.84688 8.65314 4.01
      vertex 4 4.12457 4.01
      vertex 5.79323 8.43895 4.01
    endloop
  endfacet
  facet normal 0 0 1
    outer loop
      vertex 4 36 4.01
      vertex 5.76083 31.7795 4.01
      vertex 5.75 32 4.01
    endloop
  endfacet
  facet normal 0 0 1
    outer loop
      vertex 5.79323 8.43895 4.01
      vertex 4 4.12457 4.01
      vertex 5.76083 8.22054 4.01
    endloop
  endfacet
  facet normal 0 0 1
    outer loop
      vertex 54.1531 31.3469 4.01
      vertex 56 36 4.01
      vertex 54.2068 31.561 4.01
    endloop
  endfacet
  facet normal 0 0 1
    outer loop
      vertex 56 4.12457 4.01
      vertex 54.2392 8.22054 4.01
      vertex 54.25 8 4.01
    endloop
  endfacet
  facet normal 0 0 1
    outer loop
      vertex 56 36 4.01
      vertex 54.1531 31.3469 4.01
      vertex 56 4.12457 4.01
    endloop
  endfacet
  facet normal 0 0 1
    outer loop
      vertex 56 4.12457 4.01
      vertex 54.2068 8.43895 4.01
      vertex 54.2392 8.22054 4.01
    endloop
  endfacet
  facet normal -0 0 1
    outer loop
      vertex 54.1531 8.65314 4.01
      vertex 56 4.12457 4.01
      vertex 54.1531 31.3469 4.01
    endloop
  endfacet
  facet normal 0 0 1
    outer loop
      vertex 56 4.12457 4.01
      vertex 54.1531 8.65314 4.01
      vertex 54.2068 8.43895 4.01
    endloop
  endfacet
  facet normal -0 0 1
    outer loop
      vertex 54.0787 31.139 4.01
      vertex 54.1531 8.65314 4.01
      vertex 54.1531 31.3469 4.01
    endloop
  endfacet
  facet normal 0 0 1
    outer loop
      vertex 54.0787 31.139 4.01
      vertex 54.0787 8.86104 4.01
      vertex 54.1531 8.65314 4.01
    endloop
  endfacet
  facet normal -0 0 1
    outer loop
      vertex 53.9843 30.9394 4.01
      vertex 54.0787 8.86104 4.01
      vertex 54.0787 31.139 4.01
    endloop
  endfacet
  facet normal 0 0 1
    outer loop
      vertex 53.9843 30.9394 4.01
      vertex 53.9843 9.06064 4.01
      vertex 54.0787 8.86104 4.01
    endloop
  endfacet
  facet normal -0 0 1
    outer loop
      vertex 53.8708 30.75 4.01
      vertex 53.9843 9.06064 4.01
      vertex 53.9843 30.9394 4.01
    endloop
  endfacet
  facet normal 0 0 1
    outer loop
      vertex 53.8708 30.75 4.01
      vertex 53.8708 9.25003 4.01
      vertex 53.9843 9.06064 4.01
    endloop
  endfacet
  facet normal -0 0 1
    outer loop
      vertex 53.7393 30.5726 4.01
      vertex 53.8708 9.25003 4.01
      vertex 53.8708 30.75 4.01
    endloop
  endfacet
  facet normal 0 0 1
    outer loop
      vertex 53.7393 30.5726 4.01
      vertex 53.7393 9.42738 4.01
      vertex 53.8708 9.25003 4.01
    endloop
  endfacet
  facet normal -0 0 1
    outer loop
      vertex 53.591 30.409 4.01
      vertex 53.7393 9.42738 4.01
      vertex 53.7393 30.5726 4.01
    endloop
  endfacet
  facet normal 0 0 1
    outer loop
      vertex 53.591 30.409 4.01
      vertex 53.591 9.59099 4.01
      vertex 53.7393 9.42738 4.01
    endloop
  endfacet
  facet normal -0 0 1
    outer loop
      vertex 53.4274 30.2607 4.01
      vertex 53.591 9.59099 4.01
      vertex 53.591 30.409 4.01
    endloop
  endfacet
  facet normal 0 0 1
    outer loop
      vertex 53.4274 30.2607 4.01
      vertex 53.4274 9.73927 4.01
      vertex 53.591 9.59099 4.01
    endloop
  endfacet
  facet normal -0 0 1
    outer loop
      vertex 53.25 30.1292 4.01
      vertex 53.4274 9.73927 4.01
      vertex 53.4274 30.2607 4.01
    endloop
  endfacet
  facet normal 0 0 1
    outer loop
      vertex 53.25 30.1292 4.01
      vertex 53.25 9.87081 4.01
      vertex 53.4274 9.73927 4.01
    endloop
  endfacet
  facet normal -0 0 1
    outer loop
      vertex 53.0606 30.0157 4.01
      vertex 53.25 9.87081 4.01
      vertex 53.25 30.1292 4.01
    endloop
  endfacet
  facet normal 0 0 1
    outer loop
      vertex 53.0606 30.0157 4.01
      vertex 53.0606 9.98432 4.01
      vertex 53.25 9.87081 4.01
    endloop
  endfacet
  facet normal -0 0 1
    outer loop
      vertex 52.861 29.9213 4.01
      vertex 53.0606 9.98432 4.01
      vertex 53.0606 30.0157 4.01
    endloop
  endfacet
  facet normal 0 0 1
    outer loop
      vertex 52.861 29.9213 4.01
      vertex 52.861 10.0787 4.01
      vertex 53.0606 9.98432 4.01
    endloop
  endfacet
  facet normal -0 0 1
    outer loop
      vertex 52.6531 29.8469 4.01
      vertex 52.861 10.0787 4.01
      vertex 52.861 29.9213 4.01
    endloop
  endfacet
  facet normal 0 0 1
    outer loop
      vertex 52.6531 29.8469 4.01
      vertex 52.6531 10.1531 4.01
      vertex 52.861 10.0787 4.01
    endloop
  endfacet
  facet normal -0 0 1
    outer loop
      vertex 52.439 29.7932 4.01
      vertex 52.6531 10.1531 4.01
      vertex 52.6531 29.8469 4.01
    endloop
  endfacet
  facet normal 0 0 1
    outer loop
      vertex 52.439 29.7932 4.01
      vertex 52.439 10.2068 4.01
      vertex 52.6531 10.1531 4.01
    endloop
  endfacet
  facet normal -0 0 1
    outer loop
      vertex 52.2205 29.7608 4.01
      vertex 52.439 10.2068 4.01
      vertex 52.439 29.7932 4.01
    endloop
  endfacet
  facet normal 0 0 1
    outer loop
      vertex 52.2205 29.7608 4.01
      vertex 52.2205 10.2392 4.01
      vertex 52.439 10.2068 4.01
    endloop
  endfacet
  facet normal -0 0 1
    outer loop
      vertex 52 29.75 4.01
      vertex 52.2205 10.2392 4.01
      vertex 52.2205 29.7608 4.01
    endloop
  endfacet
  facet normal 0 0 1
    outer loop
      vertex 52 29.75 4.01
      vertex 52 10.25 4.01
      vertex 52.2205 10.2392 4.01
    endloop
  endfacet
  facet normal 0 0 1
    outer loop
      vertex 51.7795 29.7608 4.01
      vertex 52 10.25 4.01
      vertex 52 29.75 4.01
    endloop
  endfacet
  facet normal 0 0 1
    outer loop
      vertex 51.7795 29.7608 4.01
      vertex 51.7795 10.2392 4.01
      vertex 52 10.25 4.01
    endloop
  endfacet
  facet normal 0 0 1
    outer loop
      vertex 51.561 29.7932 4.01
      vertex 51.7795 10.2392 4.01
      vertex 51.7795 29.7608 4.01
    endloop
  endfacet
  facet normal 0 0 1
    outer loop
      vertex 51.561 29.7932 4.01
      vertex 51.561 10.2068 4.01
      vertex 51.7795 10.2392 4.01
    endloop
  endfacet
  facet normal 0 0 1
    outer loop
      vertex 51.3469 29.8469 4.01
      vertex 51.561 10.2068 4.01
      vertex 51.561 29.7932 4.01
    endloop
  endfacet
  facet normal 0 0 1
    outer loop
      vertex 51.3469 29.8469 4.01
      vertex 51.3469 10.1531 4.01
      vertex 51.561 10.2068 4.01
    endloop
  endfacet
  facet normal 0 0 1
    outer loop
      vertex 51.139 29.9213 4.01
      vertex 51.3469 10.1531 4.01
      vertex 51.3469 29.8469 4.01
    endloop
  endfacet
  facet normal 0 0 1
    outer loop
      vertex 51.139 29.9213 4.01
      vertex 51.139 10.0787 4.01
      vertex 51.3469 10.1531 4.01
    endloop
  endfacet
  facet normal 0 0 1
    outer loop
      vertex 50.9394 30.0157 4.01
      vertex 51.139 10.0787 4.01
      vertex 51.139 29.9213 4.01
    endloop
  endfacet
  facet normal 0 0 1
    outer loop
      vertex 50.9394 30.0157 4.01
      vertex 50.9394 9.98432 4.01
      vertex 51.139 10.0787 4.01
    endloop
  endfacet
  facet normal 0 0 1
    outer loop
      vertex 50.75 30.1292 4.01
      vertex 50.9394 9.98432 4.01
      vertex 50.9394 30.0157 4.01
    endloop
  endfacet
  facet normal 0 0 1
    outer loop
      vertex 50.75 30.1292 4.01
      vertex 50.75 9.87081 4.01
      vertex 50.9394 9.98432 4.01
    endloop
  endfacet
  facet normal 0 0 1
    outer loop
      vertex 50.5726 30.2607 4.01
      vertex 50.75 9.87081 4.01
      vertex 50.75 30.1292 4.01
    endloop
  endfacet
  facet normal 0 0 1
    outer loop
      vertex 50.5726 30.2607 4.01
      vertex 50.5726 9.73927 4.01
      vertex 50.75 9.87081 4.01
    endloop
  endfacet
  facet normal 0 0 1
    outer loop
      vertex 50.409 30.409 4.01
      vertex 50.5726 9.73927 4.01
      vertex 50.5726 30.2607 4.01
    endloop
  endfacet
  facet normal 0 0 1
    outer loop
      vertex 50.409 30.409 4.01
      vertex 50.409 9.59099 4.01
      vertex 50.5726 9.73927 4.01
    endloop
  endfacet
  facet normal 0 0 1
    outer loop
      vertex 50.2607 30.5726 4.01
      vertex 50.409 9.59099 4.01
      vertex 50.409 30.409 4.01
    endloop
  endfacet
  facet normal 0 0 1
    outer loop
      vertex 50.2607 30.5726 4.01
      vertex 50.2607 9.42738 4.01
      vertex 50.409 9.59099 4.01
    endloop
  endfacet
  facet normal 0 0 1
    outer loop
      vertex 50.1292 30.75 4.01
      vertex 50.2607 9.42738 4.01
      vertex 50.2607 30.5726 4.01
    endloop
  endfacet
  facet normal 0 0 1
    outer loop
      vertex 50.1292 30.75 4.01
      vertex 50.1292 9.25003 4.01
      vertex 50.2607 9.42738 4.01
    endloop
  endfacet
  facet normal 0 0 1
    outer loop
      vertex 50.0157 30.9394 4.01
      vertex 50.1292 9.25003 4.01
      vertex 50.1292 30.75 4.01
    endloop
  endfacet
  facet normal 0 0 1
    outer loop
      vertex 50.0157 30.9394 4.01
      vertex 50.0157 9.06064 4.01
      vertex 50.1292 9.25003 4.01
    endloop
  endfacet
  facet normal 0 0 1
    outer loop
      vertex 49.7932 31.561 4.01
      vertex 10.2068 31.561 4.01
      vertex 49.8469 31.3469 4.01
    endloop
  endfacet
  facet normal 0 0 1
    outer loop
      vertex 10.1531 31.3469 4.01
      vertex 49.8469 31.3469 4.01
      vertex 10.2068 31.561 4.01
    endloop
  endfacet
  facet normal 0 0 1
    outer loop
      vertex 10.2068 31.561 4.01
      vertex 49.7932 31.561 4.01
      vertex 10.2392 31.7795 4.01
    endloop
  endfacet
  facet normal 0 0 1
    outer loop
      vertex 49.8469 31.3469 4.01
      vertex 10.1531 31.3469 4.01
      vertex 49.9213 31.139 4.01
    endloop
  endfacet
  facet normal 0 0 1
    outer loop
      vertex 49.7608 31.7795 4.01
      vertex 10.2392 31.7795 4.01
      vertex 49.7932 31.561 4.01
    endloop
  endfacet
  facet normal 0 0 1
    outer loop
      vertex 50.0157 9.06064 4.01
      vertex 10.25 8 4.01
      vertex 49.9213 8.86104 4.01
    endloop
  endfacet
  facet normal 0 0 1
    outer loop
      vertex 10.2392 31.7795 4.01
      vertex 49.7608 31.7795 4.01
      vertex 10.25 32 4.01
    endloop
  endfacet
  facet normal 0 0 1
    outer loop
      vertex 49.9213 8.86104 4.01
      vertex 10.25 8 4.01
      vertex 49.8469 8.65314 4.01
    endloop
  endfacet
  facet normal -0 0 1
    outer loop
      vertex 10.25 32 4.01
      vertex 49.7608 31.7795 4.01
      vertex 49.75 32 4.01
    endloop
  endfacet
  facet normal 0 0 1
    outer loop
      vertex 49.8469 8.65314 4.01
      vertex 10.25 8 4.01
      vertex 49.7932 8.43895 4.01
    endloop
  endfacet
  facet normal 0 0 1
    outer loop
      vertex 54.2392 31.7795 4.01
      vertex 56 36 4.01
      vertex 54.25 32 4.01
    endloop
  endfacet
  facet normal 0 0 1
    outer loop
      vertex 56 36 4.01
      vertex 54.2392 32.2205 4.01
      vertex 54.25 32 4.01
    endloop
  endfacet
  facet normal 0 0 1
    outer loop
      vertex 56 36 4.01
      vertex 54.2068 32.439 4.01
      vertex 54.2392 32.2205 4.01
    endloop
  endfacet
  facet normal 0 0 1
    outer loop
      vertex 56 36 4.01
      vertex 54.1531 32.6531 4.01
      vertex 54.2068 32.439 4.01
    endloop
  endfacet
  facet normal 0 0 1
    outer loop
      vertex 56 36 4.01
      vertex 54.0787 32.861 4.01
      vertex 54.1531 32.6531 4.01
    endloop
  endfacet
  facet normal 0 0 1
    outer loop
      vertex 56 36 4.01
      vertex 53.9843 33.0606 4.01
      vertex 54.0787 32.861 4.01
    endloop
  endfacet
  facet normal 0 0 1
    outer loop
      vertex 56 36 4.01
      vertex 53.8708 33.25 4.01
      vertex 53.9843 33.0606 4.01
    endloop
  endfacet
  facet normal 0 0 1
    outer loop
      vertex 56 36 4.01
      vertex 53.7393 33.4274 4.01
      vertex 53.8708 33.25 4.01
    endloop
  endfacet
  facet normal 0 0 1
    outer loop
      vertex 56 36 4.01
      vertex 53.591 33.591 4.01
      vertex 53.7393 33.4274 4.01
    endloop
  endfacet
  facet normal 0 0 1
    outer loop
      vertex 56 36 4.01
      vertex 53.4274 33.7393 4.01
      vertex 53.591 33.591 4.01
    endloop
  endfacet
  facet normal 0 0 1
    outer loop
      vertex 56 36 4.01
      vertex 53.25 33.8708 4.01
      vertex 53.4274 33.7393 4.01
    endloop
  endfacet
  facet normal 0 0 1
    outer loop
      vertex 56 36 4.01
      vertex 53.0606 33.9843 4.01
      vertex 53.25 33.8708 4.01
    endloop
  endfacet
  facet normal 0 0 1
    outer loop
      vertex 56 36 4.01
      vertex 52.861 34.0787 4.01
      vertex 53.0606 33.9843 4.01
    endloop
  endfacet
  facet normal 0 0 1
    outer loop
      vertex 56 36 4.01
      vertex 52.6531 34.1531 4.01
      vertex 52.861 34.0787 4.01
    endloop
  endfacet
  facet normal 0 0 1
    outer loop
      vertex 56 36 4.01
      vertex 52.439 34.2068 4.01
      vertex 52.6531 34.1531 4.01
    endloop
  endfacet
  facet normal 0 0 1
    outer loop
      vertex 56 36 4.01
      vertex 52.2205 34.2392 4.01
      vertex 52.439 34.2068 4.01
    endloop
  endfacet
  facet normal 0 0 1
    outer loop
      vertex 56 36 4.01
      vertex 52 34.25 4.01
      vertex 52.2205 34.2392 4.01
    endloop
  endfacet
  facet normal 0 0 1
    outer loop
      vertex 56 36 4.01
      vertex 51.7795 34.2392 4.01
      vertex 52 34.25 4.01
    endloop
  endfacet
  facet normal 0 0 1
    outer loop
      vertex 56 36 4.01
      vertex 51.561 34.2068 4.01
      vertex 51.7795 34.2392 4.01
    endloop
  endfacet
  facet normal 0 0 1
    outer loop
      vertex 56 36 4.01
      vertex 51.3469 34.1531 4.01
      vertex 51.561 34.2068 4.01
    endloop
  endfacet
  facet normal 0 0 1
    outer loop
      vertex 56 36 4.01
      vertex 51.139 34.0787 4.01
      vertex 51.3469 34.1531 4.01
    endloop
  endfacet
  facet normal 0 0 1
    outer loop
      vertex 49.7932 8.43895 4.01
      vertex 10.25 8 4.01
      vertex 49.7608 8.22054 4.01
    endloop
  endfacet
  facet normal 0 0 1
    outer loop
      vertex 49.7608 32.2205 4.01
      vertex 10.25 32 4.01
      vertex 49.75 32 4.01
    endloop
  endfacet
  facet normal 0 0 1
    outer loop
      vertex 10.2392 32.2205 4.01
      vertex 49.7608 32.2205 4.01
      vertex 49.7932 32.439 4.01
    endloop
  endfacet
  facet normal 0 0 1
    outer loop
      vertex 10.2068 32.439 4.01
      vertex 49.7932 32.439 4.01
      vertex 49.8469 32.6531 4.01
    endloop
  endfacet
  facet normal 0 0 1
    outer loop
      vertex 10.1531 32.6531 4.01
      vertex 49.8469 32.6531 4.01
      vertex 49.9213 32.861 4.01
    endloop
  endfacet
  facet normal 0 0 1
    outer loop
      vertex 10.0787 32.861 4.01
      vertex 49.9213 32.861 4.01
      vertex 50.0157 33.0606 4.01
    endloop
  endfacet
  facet normal 0 0 1
    outer loop
      vertex 9.98432 33.0606 4.01
      vertex 50.0157 33.0606 4.01
      vertex 50.1292 33.25 4.01
    endloop
  endfacet
  facet normal 0 0 1
    outer loop
      vertex 9.87081 33.25 4.01
      vertex 50.1292 33.25 4.01
      vertex 50.2607 33.4274 4.01
    endloop
  endfacet
  facet normal 0 0 1
    outer loop
      vertex 9.73927 33.4274 4.01
      vertex 50.2607 33.4274 4.01
      vertex 50.409 33.591 4.01
    endloop
  endfacet
  facet normal 0 0 1
    outer loop
      vertex 9.59099 33.591 4.01
      vertex 50.409 33.591 4.01
      vertex 50.5726 33.7393 4.01
    endloop
  endfacet
  facet normal 0 0 1
    outer loop
      vertex 9.42738 33.7393 4.01
      vertex 50.5726 33.7393 4.01
      vertex 50.75 33.8708 4.01
    endloop
  endfacet
  facet normal 0 0 1
    outer loop
      vertex 9.25003 33.8708 4.01
      vertex 50.75 33.8708 4.01
      vertex 50.9394 33.9843 4.01
    endloop
  endfacet
  facet normal 0 0 1
    outer loop
      vertex 9.06064 33.9843 4.01
      vertex 50.9394 33.9843 4.01
      vertex 51.139 34.0787 4.01
    endloop
  endfacet
  facet normal 0 0 1
    outer loop
      vertex 8.86104 34.0787 4.01
      vertex 51.139 34.0787 4.01
      vertex 56 36 4.01
    endloop
  endfacet
  facet normal 0 0 1
    outer loop
      vertex 49.7608 32.2205 4.01
      vertex 10.2392 32.2205 4.01
      vertex 10.25 32 4.01
    endloop
  endfacet
  facet normal 0 0 1
    outer loop
      vertex 49.7932 32.439 4.01
      vertex 10.2068 32.439 4.01
      vertex 10.2392 32.2205 4.01
    endloop
  endfacet
  facet normal 0 0 1
    outer loop
      vertex 49.8469 32.6531 4.01
      vertex 10.1531 32.6531 4.01
      vertex 10.2068 32.439 4.01
    endloop
  endfacet
  facet normal 0 0 1
    outer loop
      vertex 49.9213 32.861 4.01
      vertex 10.0787 32.861 4.01
      vertex 10.1531 32.6531 4.01
    endloop
  endfacet
  facet normal 0 0 1
    outer loop
      vertex 50.0157 33.0606 4.01
      vertex 9.98432 33.0606 4.01
      vertex 10.0787 32.861 4.01
    endloop
  endfacet
  facet normal 0 0 1
    outer loop
      vertex 50.1292 33.25 4.01
      vertex 9.87081 33.25 4.01
      vertex 9.98432 33.0606 4.01
    endloop
  endfacet
  facet normal 0 0 1
    outer loop
      vertex 50.2607 33.4274 4.01
      vertex 9.73927 33.4274 4.01
      vertex 9.87081 33.25 4.01
    endloop
  endfacet
  facet normal 0 0 1
    outer loop
      vertex 50.409 33.591 4.01
      vertex 9.59099 33.591 4.01
      vertex 9.73927 33.4274 4.01
    endloop
  endfacet
  facet normal 0 0 1
    outer loop
      vertex 50.5726 33.7393 4.01
      vertex 9.42738 33.7393 4.01
      vertex 9.59099 33.591 4.01
    endloop
  endfacet
  facet normal 0 0 1
    outer loop
      vertex 50.75 33.8708 4.01
      vertex 9.25003 33.8708 4.01
      vertex 9.42738 33.7393 4.01
    endloop
  endfacet
  facet normal 0 0 1
    outer loop
      vertex 50.9394 33.9843 4.01
      vertex 9.06064 33.9843 4.01
      vertex 9.25003 33.8708 4.01
    endloop
  endfacet
  facet normal 0 0 1
    outer loop
      vertex 51.139 34.0787 4.01
      vertex 8.86104 34.0787 4.01
      vertex 9.06064 33.9843 4.01
    endloop
  endfacet
  facet normal 0 0 1
    outer loop
      vertex 56 36 4.01
      vertex 8.65314 34.1531 4.01
      vertex 8.86104 34.0787 4.01
    endloop
  endfacet
  facet normal -0 0 1
    outer loop
      vertex 4 36 4.01
      vertex 8.65314 34.1531 4.01
      vertex 56 36 4.01
    endloop
  endfacet
  facet normal 0 0 1
    outer loop
      vertex 8.65314 34.1531 4.01
      vertex 4 36 4.01
      vertex 8.43895 34.2068 4.01
    endloop
  endfacet
  facet normal 0 0 1
    outer loop
      vertex 8.43895 34.2068 4.01
      vertex 4 36 4.01
      vertex 8.22054 34.2392 4.01
    endloop
  endfacet
  facet normal 0 0 1
    outer loop
      vertex 5.84688 31.3469 4.01
      vertex 4 36 4.01
      vertex 4 4.12457 4.01
    endloop
  endfacet
  facet normal 0 0 1
    outer loop
      vertex 5.76083 32.2205 4.01
      vertex 4 36 4.01
      vertex 5.75 32 4.01
    endloop
  endfacet
  facet normal 0 0 1
    outer loop
      vertex 5.79323 32.439 4.01
      vertex 4 36 4.01
      vertex 5.76083 32.2205 4.01
    endloop
  endfacet
  facet normal 0 0 1
    outer loop
      vertex 5.84688 32.6531 4.01
      vertex 4 36 4.01
      vertex 5.79323 32.439 4.01
    endloop
  endfacet
  facet normal 0 0 1
    outer loop
      vertex 5.92127 32.861 4.01
      vertex 4 36 4.01
      vertex 5.84688 32.6531 4.01
    endloop
  endfacet
  facet normal 0 0 1
    outer loop
      vertex 6.01568 33.0606 4.01
      vertex 4 36 4.01
      vertex 5.92127 32.861 4.01
    endloop
  endfacet
  facet normal 0 0 1
    outer loop
      vertex 6.12919 33.25 4.01
      vertex 4 36 4.01
      vertex 6.01568 33.0606 4.01
    endloop
  endfacet
  facet normal 0 0 1
    outer loop
      vertex 6.26073 33.4274 4.01
      vertex 4 36 4.01
      vertex 6.12919 33.25 4.01
    endloop
  endfacet
  facet normal 0 0 1
    outer loop
      vertex 6.40901 33.591 4.01
      vertex 4 36 4.01
      vertex 6.26073 33.4274 4.01
    endloop
  endfacet
  facet normal 0 0 1
    outer loop
      vertex 6.57261 33.7393 4.01
      vertex 4 36 4.01
      vertex 6.40901 33.591 4.01
    endloop
  endfacet
  facet normal 0 0 1
    outer loop
      vertex 6.74997 33.8708 4.01
      vertex 4 36 4.01
      vertex 6.57261 33.7393 4.01
    endloop
  endfacet
  facet normal 0 0 1
    outer loop
      vertex 6.93936 33.9843 4.01
      vertex 4 36 4.01
      vertex 6.74997 33.8708 4.01
    endloop
  endfacet
  facet normal 0 0 1
    outer loop
      vertex 7.13896 34.0787 4.01
      vertex 4 36 4.01
      vertex 6.93936 33.9843 4.01
    endloop
  endfacet
  facet normal 0 0 1
    outer loop
      vertex 7.34686 34.1531 4.01
      vertex 4 36 4.01
      vertex 7.13896 34.0787 4.01
    endloop
  endfacet
  facet normal 0 0 1
    outer loop
      vertex 7.56105 34.2068 4.01
      vertex 4 36 4.01
      vertex 7.34686 34.1531 4.01
    endloop
  endfacet
  facet normal 0 0 1
    outer loop
      vertex 7.77946 34.2392 4.01
      vertex 4 36 4.01
      vertex 7.56105 34.2068 4.01
    endloop
  endfacet
  facet normal 0 0 1
    outer loop
      vertex 8 34.25 4.01
      vertex 4 36 4.01
      vertex 7.77946 34.2392 4.01
    endloop
  endfacet
  facet normal 0 0 1
    outer loop
      vertex 8.22054 34.2392 4.01
      vertex 4 36 4.01
      vertex 8 34.25 4.01
    endloop
  endfacet
  facet normal -0 0 1
    outer loop
      vertex 56 4.12457 4.01
      vertex 60 2 4.01
      vertex 60 4.12457 4.01
    endloop
  endfacet
  facet normal 0 -0 1
    outer loop
      vertex 58 0 4.01
      vertex 60 2 4.01
      vertex 56 4.12457 4.01
    endloop
  endfacet
  facet normal 0 0 1
    outer loop
      vertex 60 2 4.01
      vertex 58 0 4.01
      vertex 59.9904 1.80397 4.01
    endloop
  endfacet
  facet normal 0 0 1
    outer loop
      vertex 59.9904 1.80397 4.01
      vertex 58 0 4.01
      vertex 59.9616 1.60982 4.01
    endloop
  endfacet
  facet normal 0 0 1
    outer loop
      vertex 59.9616 1.60982 4.01
      vertex 58 0 4.01
      vertex 59.9139 1.41943 4.01
    endloop
  endfacet
  facet normal 0 0 1
    outer loop
      vertex 59.9139 1.41943 4.01
      vertex 58 0 4.01
      vertex 59.8478 1.23463 4.01
    endloop
  endfacet
  facet normal 0 0 1
    outer loop
      vertex 59.8478 1.23463 4.01
      vertex 58 0 4.01
      vertex 59.7638 1.05721 4.01
    endloop
  endfacet
  facet normal 0 0 1
    outer loop
      vertex 59.7638 1.05721 4.01
      vertex 58 0 4.01
      vertex 59.6629 0.88886 4.01
    endloop
  endfacet
  facet normal 0 0 1
    outer loop
      vertex 59.6629 0.88886 4.01
      vertex 58 0 4.01
      vertex 59.546 0.731214 4.01
    endloop
  endfacet
  facet normal 0 0 1
    outer loop
      vertex 59.546 0.731214 4.01
      vertex 58 0 4.01
      vertex 59.4142 0.585787 4.01
    endloop
  endfacet
  facet normal 0 0 1
    outer loop
      vertex 59.4142 0.585787 4.01
      vertex 58 0 4.01
      vertex 59.2688 0.453979 4.01
    endloop
  endfacet
  facet normal 0 0 1
    outer loop
      vertex 59.2688 0.453979 4.01
      vertex 58 0 4.01
      vertex 59.1111 0.337061 4.01
    endloop
  endfacet
  facet normal 0 0 1
    outer loop
      vertex 59.1111 0.337061 4.01
      vertex 58 0 4.01
      vertex 58.9428 0.236158 4.01
    endloop
  endfacet
  facet normal 0 0 1
    outer loop
      vertex 58.9428 0.236158 4.01
      vertex 58 0 4.01
      vertex 58.7654 0.152242 4.01
    endloop
  endfacet
  facet normal 0 0 1
    outer loop
      vertex 58.7654 0.152242 4.01
      vertex 58 0 4.01
      vertex 58.5806 0.0861197 4.01
    endloop
  endfacet
  facet normal 0 0 1
    outer loop
      vertex 58.5806 0.0861197 4.01
      vertex 58 0 4.01
      vertex 58.3902 0.0384302 4.01
    endloop
  endfacet
  facet normal 0 0 1
    outer loop
      vertex 58.3902 0.0384302 4.01
      vertex 58 0 4.01
      vertex 58.196 0.00963116 4.01
    endloop
  endfacet
  facet normal 0 0 1
    outer loop
      vertex 54.2068 31.561 4.01
      vertex 56 36 4.01
      vertex 54.2392 31.7795 4.01
    endloop
  endfacet
  facet normal -0 0 1
    outer loop
      vertex 54.2392 7.77946 4.01
      vertex 56 4.12457 4.01
      vertex 54.25 8 4.01
    endloop
  endfacet
  facet normal -0 0 1
    outer loop
      vertex 54.2068 7.56105 4.01
      vertex 56 4.12457 4.01
      vertex 54.2392 7.77946 4.01
    endloop
  endfacet
  facet normal -0 0 1
    outer loop
      vertex 54.1531 7.34686 4.01
      vertex 56 4.12457 4.01
      vertex 54.2068 7.56105 4.01
    endloop
  endfacet
  facet normal -0 0 1
    outer loop
      vertex 54.0787 7.13896 4.01
      vertex 56 4.12457 4.01
      vertex 54.1531 7.34686 4.01
    endloop
  endfacet
  facet normal -0 0 1
    outer loop
      vertex 53.9843 6.93936 4.01
      vertex 56 4.12457 4.01
      vertex 54.0787 7.13896 4.01
    endloop
  endfacet
  facet normal -0 0 1
    outer loop
      vertex 53.8708 6.74997 4.01
      vertex 56 4.12457 4.01
      vertex 53.9843 6.93936 4.01
    endloop
  endfacet
  facet normal -0 0 1
    outer loop
      vertex 53.7393 6.57261 4.01
      vertex 56 4.12457 4.01
      vertex 53.8708 6.74997 4.01
    endloop
  endfacet
  facet normal -0 0 1
    outer loop
      vertex 53.591 6.40901 4.01
      vertex 56 4.12457 4.01
      vertex 53.7393 6.57261 4.01
    endloop
  endfacet
  facet normal -0 0 1
    outer loop
      vertex 53.4274 6.26073 4.01
      vertex 56 4.12457 4.01
      vertex 53.591 6.40901 4.01
    endloop
  endfacet
  facet normal -0 0 1
    outer loop
      vertex 53.25 6.12919 4.01
      vertex 56 4.12457 4.01
      vertex 53.4274 6.26073 4.01
    endloop
  endfacet
  facet normal -0 0 1
    outer loop
      vertex 53.0606 6.01568 4.01
      vertex 56 4.12457 4.01
      vertex 53.25 6.12919 4.01
    endloop
  endfacet
  facet normal -0 0 1
    outer loop
      vertex 52.861 5.92127 4.01
      vertex 56 4.12457 4.01
      vertex 53.0606 6.01568 4.01
    endloop
  endfacet
  facet normal -0 0 1
    outer loop
      vertex 52.6531 5.84688 4.01
      vertex 56 4.12457 4.01
      vertex 52.861 5.92127 4.01
    endloop
  endfacet
  facet normal -0 0 1
    outer loop
      vertex 52.439 5.79323 4.01
      vertex 56 4.12457 4.01
      vertex 52.6531 5.84688 4.01
    endloop
  endfacet
  facet normal -0 0 1
    outer loop
      vertex 52.2205 5.76083 4.01
      vertex 56 4.12457 4.01
      vertex 52.439 5.79323 4.01
    endloop
  endfacet
  facet normal -0 0 1
    outer loop
      vertex 52 5.75 4.01
      vertex 56 4.12457 4.01
      vertex 52.2205 5.76083 4.01
    endloop
  endfacet
  facet normal 0 0 1
    outer loop
      vertex 56 4.12457 4.01
      vertex 52 5.75 4.01
      vertex 58 0 4.01
    endloop
  endfacet
  facet normal 0 0 1
    outer loop
      vertex 51.7795 5.76083 4.01
      vertex 58 0 4.01
      vertex 52 5.75 4.01
    endloop
  endfacet
  facet normal 0 0 1
    outer loop
      vertex 51.561 5.79323 4.01
      vertex 58 0 4.01
      vertex 51.7795 5.76083 4.01
    endloop
  endfacet
  facet normal 0 0 1
    outer loop
      vertex 51.3469 5.84688 4.01
      vertex 58 0 4.01
      vertex 51.561 5.79323 4.01
    endloop
  endfacet
  facet normal 0 0 1
    outer loop
      vertex 51.139 5.92127 4.01
      vertex 58 0 4.01
      vertex 51.3469 5.84688 4.01
    endloop
  endfacet
  facet normal 0 0 1
    outer loop
      vertex 50.9394 6.01568 4.01
      vertex 58 0 4.01
      vertex 51.139 5.92127 4.01
    endloop
  endfacet
  facet normal 0 0 1
    outer loop
      vertex 50.75 6.12919 4.01
      vertex 58 0 4.01
      vertex 50.9394 6.01568 4.01
    endloop
  endfacet
  facet normal 0 0 1
    outer loop
      vertex 9.25003 6.12919 4.01
      vertex 50.75 6.12919 4.01
      vertex 50.5726 6.26073 4.01
    endloop
  endfacet
  facet normal 0 0 1
    outer loop
      vertex 49.7608 8.22054 4.01
      vertex 10.25 8 4.01
      vertex 49.75 8 4.01
    endloop
  endfacet
  facet normal 0 0 1
    outer loop
      vertex 49.75 8 4.01
      vertex 10.25 8 4.01
      vertex 49.7608 7.77946 4.01
    endloop
  endfacet
  facet normal 0 0 1
    outer loop
      vertex 10.2392 7.77946 4.01
      vertex 49.7608 7.77946 4.01
      vertex 10.25 8 4.01
    endloop
  endfacet
  facet normal 0 0 1
    outer loop
      vertex 49.7608 7.77946 4.01
      vertex 10.2392 7.77946 4.01
      vertex 49.7932 7.56105 4.01
    endloop
  endfacet
  facet normal 0 0 1
    outer loop
      vertex 10.2068 7.56105 4.01
      vertex 49.7932 7.56105 4.01
      vertex 10.2392 7.77946 4.01
    endloop
  endfacet
  facet normal 0 0 1
    outer loop
      vertex 49.7932 7.56105 4.01
      vertex 10.2068 7.56105 4.01
      vertex 49.8469 7.34686 4.01
    endloop
  endfacet
  facet normal 0 0 1
    outer loop
      vertex 10.1531 7.34686 4.01
      vertex 49.8469 7.34686 4.01
      vertex 10.2068 7.56105 4.01
    endloop
  endfacet
  facet normal 0 0 1
    outer loop
      vertex 49.8469 7.34686 4.01
      vertex 10.1531 7.34686 4.01
      vertex 49.9213 7.13896 4.01
    endloop
  endfacet
  facet normal 0 0 1
    outer loop
      vertex 10.0787 7.13896 4.01
      vertex 49.9213 7.13896 4.01
      vertex 10.1531 7.34686 4.01
    endloop
  endfacet
  facet normal 0 0 1
    outer loop
      vertex 49.9213 7.13896 4.01
      vertex 10.0787 7.13896 4.01
      vertex 50.0157 6.93936 4.01
    endloop
  endfacet
  facet normal 0 0 1
    outer loop
      vertex 9.98432 6.93936 4.01
      vertex 50.0157 6.93936 4.01
      vertex 10.0787 7.13896 4.01
    endloop
  endfacet
  facet normal 0 0 1
    outer loop
      vertex 50.0157 6.93936 4.01
      vertex 9.98432 6.93936 4.01
      vertex 50.1292 6.74997 4.01
    endloop
  endfacet
  facet normal 0 0 1
    outer loop
      vertex 9.87081 6.74997 4.01
      vertex 50.1292 6.74997 4.01
      vertex 9.98432 6.93936 4.01
    endloop
  endfacet
  facet normal 0 0 1
    outer loop
      vertex 50.1292 6.74997 4.01
      vertex 9.87081 6.74997 4.01
      vertex 50.2607 6.57261 4.01
    endloop
  endfacet
  facet normal 0 0 1
    outer loop
      vertex 9.73927 6.57261 4.01
      vertex 50.2607 6.57261 4.01
      vertex 9.87081 6.74997 4.01
    endloop
  endfacet
  facet normal 0 0 1
    outer loop
      vertex 50.2607 6.57261 4.01
      vertex 9.73927 6.57261 4.01
      vertex 50.409 6.40901 4.01
    endloop
  endfacet
  facet normal 0 0 1
    outer loop
      vertex 9.59099 6.40901 4.01
      vertex 50.409 6.40901 4.01
      vertex 9.73927 6.57261 4.01
    endloop
  endfacet
  facet normal 0 0 1
    outer loop
      vertex 50.409 6.40901 4.01
      vertex 9.59099 6.40901 4.01
      vertex 50.5726 6.26073 4.01
    endloop
  endfacet
  facet normal 0 0 1
    outer loop
      vertex 9.42738 6.26073 4.01
      vertex 50.5726 6.26073 4.01
      vertex 9.59099 6.40901 4.01
    endloop
  endfacet
  facet normal 0 0 1
    outer loop
      vertex 9.25003 6.12919 4.01
      vertex 50.5726 6.26073 4.01
      vertex 9.42738 6.26073 4.01
    endloop
  endfacet
  facet normal 0 0 1
    outer loop
      vertex 50.75 6.12919 4.01
      vertex 9.25003 6.12919 4.01
      vertex 58 0 4.01
    endloop
  endfacet
  facet normal 0 0 1
    outer loop
      vertex 2 0 4.01
      vertex 9.25003 6.12919 4.01
      vertex 9.06064 6.01568 4.01
    endloop
  endfacet
  facet normal 0 0 1
    outer loop
      vertex 2 0 4.01
      vertex 9.06064 6.01568 4.01
      vertex 8.86104 5.92127 4.01
    endloop
  endfacet
  facet normal 0 0 1
    outer loop
      vertex 2 0 4.01
      vertex 8.86104 5.92127 4.01
      vertex 8.65314 5.84688 4.01
    endloop
  endfacet
  facet normal 0 0 1
    outer loop
      vertex 2 0 4.01
      vertex 8.65314 5.84688 4.01
      vertex 8.43895 5.79323 4.01
    endloop
  endfacet
  facet normal 0 0 1
    outer loop
      vertex 2 0 4.01
      vertex 8.43895 5.79323 4.01
      vertex 8.22054 5.76083 4.01
    endloop
  endfacet
  facet normal 0 0 1
    outer loop
      vertex 2 0 4.01
      vertex 8.22054 5.76083 4.01
      vertex 8 5.75 4.01
    endloop
  endfacet
  facet normal 0 0 1
    outer loop
      vertex 4 4.12457 4.01
      vertex 8 5.75 4.01
      vertex 7.77946 5.76083 4.01
    endloop
  endfacet
  facet normal 0 0 1
    outer loop
      vertex 5.76083 8.22054 4.01
      vertex 4 4.12457 4.01
      vertex 5.75 8 4.01
    endloop
  endfacet
  facet normal 0 0 1
    outer loop
      vertex 5.75 8 4.01
      vertex 4 4.12457 4.01
      vertex 5.76083 7.77946 4.01
    endloop
  endfacet
  facet normal 0 0 1
    outer loop
      vertex 4 4.12457 4.01
      vertex 5.79323 7.56105 4.01
      vertex 5.76083 7.77946 4.01
    endloop
  endfacet
  facet normal 0 0 1
    outer loop
      vertex 4 4.12457 4.01
      vertex 5.84688 7.34686 4.01
      vertex 5.79323 7.56105 4.01
    endloop
  endfacet
  facet normal 0 0 1
    outer loop
      vertex 4 4.12457 4.01
      vertex 5.92127 7.13896 4.01
      vertex 5.84688 7.34686 4.01
    endloop
  endfacet
  facet normal 0 0 1
    outer loop
      vertex 4 4.12457 4.01
      vertex 6.01568 6.93936 4.01
      vertex 5.92127 7.13896 4.01
    endloop
  endfacet
  facet normal 0 0 1
    outer loop
      vertex 4 4.12457 4.01
      vertex 6.12919 6.74997 4.01
      vertex 6.01568 6.93936 4.01
    endloop
  endfacet
  facet normal 0 0 1
    outer loop
      vertex 4 4.12457 4.01
      vertex 6.26073 6.57261 4.01
      vertex 6.12919 6.74997 4.01
    endloop
  endfacet
  facet normal 0 0 1
    outer loop
      vertex 4 4.12457 4.01
      vertex 6.40901 6.40901 4.01
      vertex 6.26073 6.57261 4.01
    endloop
  endfacet
  facet normal 0 0 1
    outer loop
      vertex 4 4.12457 4.01
      vertex 6.57261 6.26073 4.01
      vertex 6.40901 6.40901 4.01
    endloop
  endfacet
  facet normal 0 0 1
    outer loop
      vertex 4 4.12457 4.01
      vertex 6.74997 6.12919 4.01
      vertex 6.57261 6.26073 4.01
    endloop
  endfacet
  facet normal 0 0 1
    outer loop
      vertex 4 4.12457 4.01
      vertex 6.93936 6.01568 4.01
      vertex 6.74997 6.12919 4.01
    endloop
  endfacet
  facet normal 0 0 1
    outer loop
      vertex 4 4.12457 4.01
      vertex 7.13896 5.92127 4.01
      vertex 6.93936 6.01568 4.01
    endloop
  endfacet
  facet normal 0 0 1
    outer loop
      vertex 4 4.12457 4.01
      vertex 7.34686 5.84688 4.01
      vertex 7.13896 5.92127 4.01
    endloop
  endfacet
  facet normal 0 0 1
    outer loop
      vertex 4 4.12457 4.01
      vertex 7.56105 5.79323 4.01
      vertex 7.34686 5.84688 4.01
    endloop
  endfacet
  facet normal 0 0 1
    outer loop
      vertex 4 4.12457 4.01
      vertex 7.77946 5.76083 4.01
      vertex 7.56105 5.79323 4.01
    endloop
  endfacet
  facet normal 0 0 1
    outer loop
      vertex 8 5.75 4.01
      vertex 4 4.12457 4.01
      vertex 2 0 4.01
    endloop
  endfacet
  facet normal 0 0 1
    outer loop
      vertex 9.25003 6.12919 4.01
      vertex 2 0 4.01
      vertex 58 0 4.01
    endloop
  endfacet
  facet normal -0 0 1
    outer loop
      vertex 0 2 4.01
      vertex 2 0 4.01
      vertex 4 4.12457 4.01
    endloop
  endfacet
  facet normal 0 0 1
    outer loop
      vertex 2 0 4.01
      vertex 0 2 4.01
      vertex 1.80397 0.00963116 4.01
    endloop
  endfacet
  facet normal 0 0 1
    outer loop
      vertex 1.80397 0.00963116 4.01
      vertex 0 2 4.01
      vertex 1.60982 0.0384302 4.01
    endloop
  endfacet
  facet normal 0 0 1
    outer loop
      vertex 1.60982 0.0384302 4.01
      vertex 0 2 4.01
      vertex 1.41943 0.0861197 4.01
    endloop
  endfacet
  facet normal 0 0 1
    outer loop
      vertex 1.41943 0.0861197 4.01
      vertex 0 2 4.01
      vertex 1.23463 0.152242 4.01
    endloop
  endfacet
  facet normal 0 0 1
    outer loop
      vertex 1.23463 0.152242 4.01
      vertex 0 2 4.01
      vertex 1.05721 0.236158 4.01
    endloop
  endfacet
  facet normal 0 0 1
    outer loop
      vertex 1.05721 0.236158 4.01
      vertex 0 2 4.01
      vertex 0.88886 0.337061 4.01
    endloop
  endfacet
  facet normal 0 0 1
    outer loop
      vertex 0.88886 0.337061 4.01
      vertex 0 2 4.01
      vertex 0.731214 0.453979 4.01
    endloop
  endfacet
  facet normal 0 0 1
    outer loop
      vertex 0.731214 0.453979 4.01
      vertex 0 2 4.01
      vertex 0.585787 0.585787 4.01
    endloop
  endfacet
  facet normal 0 0 1
    outer loop
      vertex 0.585787 0.585787 4.01
      vertex 0 2 4.01
      vertex 0.453979 0.731214 4.01
    endloop
  endfacet
  facet normal 0 0 1
    outer loop
      vertex 0.453979 0.731214 4.01
      vertex 0 2 4.01
      vertex 0.337061 0.88886 4.01
    endloop
  endfacet
  facet normal 0 0 1
    outer loop
      vertex 0.337061 0.88886 4.01
      vertex 0 2 4.01
      vertex 0.236158 1.05721 4.01
    endloop
  endfacet
  facet normal 0 0 1
    outer loop
      vertex 0.236158 1.05721 4.01
      vertex 0 2 4.01
      vertex 0.152242 1.23463 4.01
    endloop
  endfacet
  facet normal 0 0 1
    outer loop
      vertex 0.152242 1.23463 4.01
      vertex 0 2 4.01
      vertex 0.0861197 1.41943 4.01
    endloop
  endfacet
  facet normal 0 0 1
    outer loop
      vertex 0.0861197 1.41943 4.01
      vertex 0 2 4.01
      vertex 0.0384302 1.60982 4.01
    endloop
  endfacet
  facet normal 0 0 1
    outer loop
      vertex 0 2 4.01
      vertex 4 4.12457 4.01
      vertex 0 4.12457 4.01
    endloop
  endfacet
  facet normal 0 0 1
    outer loop
      vertex 0.0384302 1.60982 4.01
      vertex 0 2 4.01
      vertex 0.00963116 1.80397 4.01
    endloop
  endfacet
  facet normal 0 0 -1
    outer loop
      vertex 10.0787 8.86104 0
      vertex 49.9213 8.86104 0
      vertex 10.1531 8.65314 0
    endloop
  endfacet
  facet normal 0 0 -1
    outer loop
      vertex 50.0157 30.9394 0
      vertex 10.2392 31.7795 0
      vertex 10.25 32 0
    endloop
  endfacet
  facet normal 0 0 -1
    outer loop
      vertex 49.9213 8.86104 0
      vertex 10.0787 8.86104 0
      vertex 50.0157 9.06064 0
    endloop
  endfacet
  facet normal 0 0 -1
    outer loop
      vertex 50.0157 30.9394 0
      vertex 10.2068 31.561 0
      vertex 10.2392 31.7795 0
    endloop
  endfacet
  facet normal 0 0 -1
    outer loop
      vertex 9.98432 9.06064 0
      vertex 50.0157 9.06064 0
      vertex 10.0787 8.86104 0
    endloop
  endfacet
  facet normal 0 0 -1
    outer loop
      vertex 50.0157 30.9394 0
      vertex 10.1531 31.3469 0
      vertex 10.2068 31.561 0
    endloop
  endfacet
  facet normal 0 0 -1
    outer loop
      vertex 50.0157 9.06064 0
      vertex 9.98432 9.06064 0
      vertex 50.0157 30.9394 0
    endloop
  endfacet
  facet normal 0 0 -1
    outer loop
      vertex 50.0157 30.9394 0
      vertex 10.0787 31.139 0
      vertex 10.1531 31.3469 0
    endloop
  endfacet
  facet normal 0 0 -1
    outer loop
      vertex 9.98432 30.9394 0
      vertex 50.0157 30.9394 0
      vertex 9.98432 9.06064 0
    endloop
  endfacet
  facet normal 0 0 -1
    outer loop
      vertex 50.0157 30.9394 0
      vertex 9.98432 30.9394 0
      vertex 10.0787 31.139 0
    endloop
  endfacet
  facet normal 0 0 -1
    outer loop
      vertex 9.87081 9.25003 0
      vertex 9.98432 30.9394 0
      vertex 9.98432 9.06064 0
    endloop
  endfacet
  facet normal 0 0 -1
    outer loop
      vertex 9.87081 9.25003 0
      vertex 9.87081 30.75 0
      vertex 9.98432 30.9394 0
    endloop
  endfacet
  facet normal 0 0 -1
    outer loop
      vertex 9.73927 9.42738 0
      vertex 9.87081 30.75 0
      vertex 9.87081 9.25003 0
    endloop
  endfacet
  facet normal 0 0 -1
    outer loop
      vertex 9.73927 9.42738 0
      vertex 9.73927 30.5726 0
      vertex 9.87081 30.75 0
    endloop
  endfacet
  facet normal 0 0 -1
    outer loop
      vertex 9.59099 9.59099 0
      vertex 9.73927 30.5726 0
      vertex 9.73927 9.42738 0
    endloop
  endfacet
  facet normal 0 0 -1
    outer loop
      vertex 9.59099 9.59099 0
      vertex 9.59099 30.409 0
      vertex 9.73927 30.5726 0
    endloop
  endfacet
  facet normal 0 0 -1
    outer loop
      vertex 9.42738 9.73927 0
      vertex 9.59099 30.409 0
      vertex 9.59099 9.59099 0
    endloop
  endfacet
  facet normal 0 0 -1
    outer loop
      vertex 9.42738 9.73927 0
      vertex 9.42738 30.2607 0
      vertex 9.59099 30.409 0
    endloop
  endfacet
  facet normal 0 0 -1
    outer loop
      vertex 9.25003 9.87081 0
      vertex 9.42738 30.2607 0
      vertex 9.42738 9.73927 0
    endloop
  endfacet
  facet normal 0 0 -1
    outer loop
      vertex 9.25003 9.87081 0
      vertex 9.25003 30.1292 0
      vertex 9.42738 30.2607 0
    endloop
  endfacet
  facet normal 0 0 -1
    outer loop
      vertex 9.06064 9.98432 0
      vertex 9.25003 30.1292 0
      vertex 9.25003 9.87081 0
    endloop
  endfacet
  facet normal 0 0 -1
    outer loop
      vertex 9.06064 9.98432 0
      vertex 9.06064 30.0157 0
      vertex 9.25003 30.1292 0
    endloop
  endfacet
  facet normal 0 0 -1
    outer loop
      vertex 8.86104 10.0787 0
      vertex 9.06064 30.0157 0
      vertex 9.06064 9.98432 0
    endloop
  endfacet
  facet normal 0 0 -1
    outer loop
      vertex 8.86104 10.0787 0
      vertex 8.86104 29.9213 0
      vertex 9.06064 30.0157 0
    endloop
  endfacet
  facet normal 0 0 -1
    outer loop
      vertex 8.65314 10.1531 0
      vertex 8.86104 29.9213 0
      vertex 8.86104 10.0787 0
    endloop
  endfacet
  facet normal 0 0 -1
    outer loop
      vertex 8.65314 10.1531 0
      vertex 8.65314 29.8469 0
      vertex 8.86104 29.9213 0
    endloop
  endfacet
  facet normal 0 0 -1
    outer loop
      vertex 8.43895 10.2068 0
      vertex 8.65314 29.8469 0
      vertex 8.65314 10.1531 0
    endloop
  endfacet
  facet normal 0 0 -1
    outer loop
      vertex 8.43895 10.2068 0
      vertex 8.43895 29.7932 0
      vertex 8.65314 29.8469 0
    endloop
  endfacet
  facet normal 0 0 -1
    outer loop
      vertex 8.22054 10.2392 0
      vertex 8.43895 29.7932 0
      vertex 8.43895 10.2068 0
    endloop
  endfacet
  facet normal 0 0 -1
    outer loop
      vertex 8.22054 10.2392 0
      vertex 8.22054 29.7608 0
      vertex 8.43895 29.7932 0
    endloop
  endfacet
  facet normal 0 0 -1
    outer loop
      vertex 8 10.25 0
      vertex 8.22054 29.7608 0
      vertex 8.22054 10.2392 0
    endloop
  endfacet
  facet normal 0 0 -1
    outer loop
      vertex 8 10.25 0
      vertex 8 29.75 0
      vertex 8.22054 29.7608 0
    endloop
  endfacet
  facet normal 0 0 -1
    outer loop
      vertex 7.77946 10.2392 0
      vertex 8 29.75 0
      vertex 8 10.25 0
    endloop
  endfacet
  facet normal 0 0 -1
    outer loop
      vertex 7.77946 10.2392 0
      vertex 7.77946 29.7608 0
      vertex 8 29.75 0
    endloop
  endfacet
  facet normal 0 0 -1
    outer loop
      vertex 7.56105 10.2068 0
      vertex 7.77946 29.7608 0
      vertex 7.77946 10.2392 0
    endloop
  endfacet
  facet normal 0 0 -1
    outer loop
      vertex 7.56105 10.2068 0
      vertex 7.56105 29.7932 0
      vertex 7.77946 29.7608 0
    endloop
  endfacet
  facet normal 0 0 -1
    outer loop
      vertex 7.34686 10.1531 0
      vertex 7.56105 29.7932 0
      vertex 7.56105 10.2068 0
    endloop
  endfacet
  facet normal 0 0 -1
    outer loop
      vertex 7.34686 10.1531 0
      vertex 7.34686 29.8469 0
      vertex 7.56105 29.7932 0
    endloop
  endfacet
  facet normal 0 0 -1
    outer loop
      vertex 7.13896 10.0787 0
      vertex 7.34686 29.8469 0
      vertex 7.34686 10.1531 0
    endloop
  endfacet
  facet normal 0 0 -1
    outer loop
      vertex 7.13896 10.0787 0
      vertex 7.13896 29.9213 0
      vertex 7.34686 29.8469 0
    endloop
  endfacet
  facet normal 0 0 -1
    outer loop
      vertex 6.93936 9.98432 0
      vertex 7.13896 29.9213 0
      vertex 7.13896 10.0787 0
    endloop
  endfacet
  facet normal 0 0 -1
    outer loop
      vertex 6.93936 9.98432 0
      vertex 6.93936 30.0157 0
      vertex 7.13896 29.9213 0
    endloop
  endfacet
  facet normal 0 0 -1
    outer loop
      vertex 6.74997 9.87081 0
      vertex 6.93936 30.0157 0
      vertex 6.93936 9.98432 0
    endloop
  endfacet
  facet normal 0 0 -1
    outer loop
      vertex 6.74997 9.87081 0
      vertex 6.74997 30.1292 0
      vertex 6.93936 30.0157 0
    endloop
  endfacet
  facet normal 0 0 -1
    outer loop
      vertex 6.57261 9.73927 0
      vertex 6.74997 30.1292 0
      vertex 6.74997 9.87081 0
    endloop
  endfacet
  facet normal 0 0 -1
    outer loop
      vertex 6.57261 9.73927 0
      vertex 6.57261 30.2607 0
      vertex 6.74997 30.1292 0
    endloop
  endfacet
  facet normal 0 0 -1
    outer loop
      vertex 6.40901 9.59099 0
      vertex 6.57261 30.2607 0
      vertex 6.57261 9.73927 0
    endloop
  endfacet
  facet normal 0 0 -1
    outer loop
      vertex 6.40901 9.59099 0
      vertex 6.40901 30.409 0
      vertex 6.57261 30.2607 0
    endloop
  endfacet
  facet normal 0 0 -1
    outer loop
      vertex 6.26073 9.42738 0
      vertex 6.40901 30.409 0
      vertex 6.40901 9.59099 0
    endloop
  endfacet
  facet normal 0 0 -1
    outer loop
      vertex 6.26073 9.42738 0
      vertex 6.26073 30.5726 0
      vertex 6.40901 30.409 0
    endloop
  endfacet
  facet normal 0 0 -1
    outer loop
      vertex 6.12919 9.25003 0
      vertex 6.26073 30.5726 0
      vertex 6.26073 9.42738 0
    endloop
  endfacet
  facet normal 0 0 -1
    outer loop
      vertex 6.12919 9.25003 0
      vertex 6.12919 30.75 0
      vertex 6.26073 30.5726 0
    endloop
  endfacet
  facet normal 0 0 -1
    outer loop
      vertex 6.01568 9.06064 0
      vertex 6.12919 30.75 0
      vertex 6.12919 9.25003 0
    endloop
  endfacet
  facet normal 0 0 -1
    outer loop
      vertex 6.01568 9.06064 0
      vertex 6.01568 30.9394 0
      vertex 6.12919 30.75 0
    endloop
  endfacet
  facet normal 0 0 -1
    outer loop
      vertex 5.92127 8.86104 0
      vertex 6.01568 30.9394 0
      vertex 6.01568 9.06064 0
    endloop
  endfacet
  facet normal 0 0 -1
    outer loop
      vertex 5.92127 8.86104 0
      vertex 5.92127 31.139 0
      vertex 6.01568 30.9394 0
    endloop
  endfacet
  facet normal 0 0 -1
    outer loop
      vertex 0 0 0
      vertex 5.92127 8.86104 0
      vertex 5.84688 8.65314 0
    endloop
  endfacet
  facet normal -0 0 -1
    outer loop
      vertex 5.92127 8.86104 0
      vertex 0 0 0
      vertex 5.92127 31.139 0
    endloop
  endfacet
  facet normal 0 0 -1
    outer loop
      vertex 0 0 0
      vertex 5.84688 8.65314 0
      vertex 5.79323 8.43895 0
    endloop
  endfacet
  facet normal 0 0 -1
    outer loop
      vertex 0 40 0
      vertex 5.92127 31.139 0
      vertex 0 0 0
    endloop
  endfacet
  facet normal 0 0 -1
    outer loop
      vertex 0 0 0
      vertex 5.79323 8.43895 0
      vertex 5.76083 8.22054 0
    endloop
  endfacet
  facet normal 0 0 -1
    outer loop
      vertex 5.92127 31.139 0
      vertex 0 40 0
      vertex 5.84688 31.3469 0
    endloop
  endfacet
  facet normal 0 0 -1
    outer loop
      vertex 0 0 0
      vertex 5.76083 8.22054 0
      vertex 5.75 8 0
    endloop
  endfacet
  facet normal 0 0 -1
    outer loop
      vertex 5.84688 31.3469 0
      vertex 0 40 0
      vertex 5.79323 31.561 0
    endloop
  endfacet
  facet normal 0 0 -1
    outer loop
      vertex 54.1531 8.65314 0
      vertex 60 0 0
      vertex 54.2068 8.43895 0
    endloop
  endfacet
  facet normal 0 0 -1
    outer loop
      vertex 60 40 0
      vertex 54.2392 31.7795 0
      vertex 54.25 32 0
    endloop
  endfacet
  facet normal 0 0 -1
    outer loop
      vertex 54.0787 8.86104 0
      vertex 60 0 0
      vertex 54.1531 8.65314 0
    endloop
  endfacet
  facet normal 0 0 -1
    outer loop
      vertex 60 40 0
      vertex 54.2068 31.561 0
      vertex 54.2392 31.7795 0
    endloop
  endfacet
  facet normal 0 0 -1
    outer loop
      vertex 60 0 0
      vertex 54.0787 8.86104 0
      vertex 60 40 0
    endloop
  endfacet
  facet normal 0 0 -1
    outer loop
      vertex 60 40 0
      vertex 54.1531 31.3469 0
      vertex 54.2068 31.561 0
    endloop
  endfacet
  facet normal 0 0 -1
    outer loop
      vertex 54.0787 31.139 0
      vertex 60 40 0
      vertex 54.0787 8.86104 0
    endloop
  endfacet
  facet normal 0 0 -1
    outer loop
      vertex 60 40 0
      vertex 54.0787 31.139 0
      vertex 54.1531 31.3469 0
    endloop
  endfacet
  facet normal 0 0 -1
    outer loop
      vertex 53.9843 9.06064 0
      vertex 54.0787 31.139 0
      vertex 54.0787 8.86104 0
    endloop
  endfacet
  facet normal 0 0 -1
    outer loop
      vertex 53.9843 9.06064 0
      vertex 53.9843 30.9394 0
      vertex 54.0787 31.139 0
    endloop
  endfacet
  facet normal 0 0 -1
    outer loop
      vertex 53.8708 9.25003 0
      vertex 53.9843 30.9394 0
      vertex 53.9843 9.06064 0
    endloop
  endfacet
  facet normal 0 0 -1
    outer loop
      vertex 53.8708 9.25003 0
      vertex 53.8708 30.75 0
      vertex 53.9843 30.9394 0
    endloop
  endfacet
  facet normal 0 0 -1
    outer loop
      vertex 53.7393 9.42738 0
      vertex 53.8708 30.75 0
      vertex 53.8708 9.25003 0
    endloop
  endfacet
  facet normal 0 0 -1
    outer loop
      vertex 53.7393 9.42738 0
      vertex 53.7393 30.5726 0
      vertex 53.8708 30.75 0
    endloop
  endfacet
  facet normal 0 0 -1
    outer loop
      vertex 53.591 9.59099 0
      vertex 53.7393 30.5726 0
      vertex 53.7393 9.42738 0
    endloop
  endfacet
  facet normal 0 0 -1
    outer loop
      vertex 53.591 9.59099 0
      vertex 53.591 30.409 0
      vertex 53.7393 30.5726 0
    endloop
  endfacet
  facet normal 0 0 -1
    outer loop
      vertex 53.4274 9.73927 0
      vertex 53.591 30.409 0
      vertex 53.591 9.59099 0
    endloop
  endfacet
  facet normal 0 0 -1
    outer loop
      vertex 53.4274 9.73927 0
      vertex 53.4274 30.2607 0
      vertex 53.591 30.409 0
    endloop
  endfacet
  facet normal 0 0 -1
    outer loop
      vertex 53.25 9.87081 0
      vertex 53.4274 30.2607 0
      vertex 53.4274 9.73927 0
    endloop
  endfacet
  facet normal 0 0 -1
    outer loop
      vertex 53.25 9.87081 0
      vertex 53.25 30.1292 0
      vertex 53.4274 30.2607 0
    endloop
  endfacet
  facet normal 0 0 -1
    outer loop
      vertex 53.0606 9.98432 0
      vertex 53.25 30.1292 0
      vertex 53.25 9.87081 0
    endloop
  endfacet
  facet normal 0 0 -1
    outer loop
      vertex 53.0606 9.98432 0
      vertex 53.0606 30.0157 0
      vertex 53.25 30.1292 0
    endloop
  endfacet
  facet normal 0 0 -1
    outer loop
      vertex 52.861 10.0787 0
      vertex 53.0606 30.0157 0
      vertex 53.0606 9.98432 0
    endloop
  endfacet
  facet normal 0 0 -1
    outer loop
      vertex 52.861 10.0787 0
      vertex 52.861 29.9213 0
      vertex 53.0606 30.0157 0
    endloop
  endfacet
  facet normal 0 0 -1
    outer loop
      vertex 52.6531 10.1531 0
      vertex 52.861 29.9213 0
      vertex 52.861 10.0787 0
    endloop
  endfacet
  facet normal 0 0 -1
    outer loop
      vertex 52.6531 10.1531 0
      vertex 52.6531 29.8469 0
      vertex 52.861 29.9213 0
    endloop
  endfacet
  facet normal 0 0 -1
    outer loop
      vertex 52.439 10.2068 0
      vertex 52.6531 29.8469 0
      vertex 52.6531 10.1531 0
    endloop
  endfacet
  facet normal 0 0 -1
    outer loop
      vertex 52.439 10.2068 0
      vertex 52.439 29.7932 0
      vertex 52.6531 29.8469 0
    endloop
  endfacet
  facet normal 0 0 -1
    outer loop
      vertex 52.2205 10.2392 0
      vertex 52.439 29.7932 0
      vertex 52.439 10.2068 0
    endloop
  endfacet
  facet normal 0 0 -1
    outer loop
      vertex 52.2205 10.2392 0
      vertex 52.2205 29.7608 0
      vertex 52.439 29.7932 0
    endloop
  endfacet
  facet normal 0 0 -1
    outer loop
      vertex 52 10.25 0
      vertex 52.2205 29.7608 0
      vertex 52.2205 10.2392 0
    endloop
  endfacet
  facet normal 0 0 -1
    outer loop
      vertex 52 10.25 0
      vertex 52 29.75 0
      vertex 52.2205 29.7608 0
    endloop
  endfacet
  facet normal 0 0 -1
    outer loop
      vertex 51.7795 10.2392 0
      vertex 52 29.75 0
      vertex 52 10.25 0
    endloop
  endfacet
  facet normal 0 0 -1
    outer loop
      vertex 51.7795 10.2392 0
      vertex 51.7795 29.7608 0
      vertex 52 29.75 0
    endloop
  endfacet
  facet normal 0 0 -1
    outer loop
      vertex 51.561 10.2068 0
      vertex 51.7795 29.7608 0
      vertex 51.7795 10.2392 0
    endloop
  endfacet
  facet normal 0 0 -1
    outer loop
      vertex 51.561 10.2068 0
      vertex 51.561 29.7932 0
      vertex 51.7795 29.7608 0
    endloop
  endfacet
  facet normal 0 0 -1
    outer loop
      vertex 51.3469 10.1531 0
      vertex 51.561 29.7932 0
      vertex 51.561 10.2068 0
    endloop
  endfacet
  facet normal 0 0 -1
    outer loop
      vertex 51.3469 10.1531 0
      vertex 51.3469 29.8469 0
      vertex 51.561 29.7932 0
    endloop
  endfacet
  facet normal 0 0 -1
    outer loop
      vertex 51.139 10.0787 0
      vertex 51.3469 29.8469 0
      vertex 51.3469 10.1531 0
    endloop
  endfacet
  facet normal 0 0 -1
    outer loop
      vertex 51.139 10.0787 0
      vertex 51.139 29.9213 0
      vertex 51.3469 29.8469 0
    endloop
  endfacet
  facet normal 0 0 -1
    outer loop
      vertex 50.9394 9.98432 0
      vertex 51.139 29.9213 0
      vertex 51.139 10.0787 0
    endloop
  endfacet
  facet normal 0 0 -1
    outer loop
      vertex 50.9394 9.98432 0
      vertex 50.9394 30.0157 0
      vertex 51.139 29.9213 0
    endloop
  endfacet
  facet normal 0 0 -1
    outer loop
      vertex 50.75 9.87081 0
      vertex 50.9394 30.0157 0
      vertex 50.9394 9.98432 0
    endloop
  endfacet
  facet normal 0 0 -1
    outer loop
      vertex 50.75 9.87081 0
      vertex 50.75 30.1292 0
      vertex 50.9394 30.0157 0
    endloop
  endfacet
  facet normal 0 0 -1
    outer loop
      vertex 50.5726 9.73927 0
      vertex 50.75 30.1292 0
      vertex 50.75 9.87081 0
    endloop
  endfacet
  facet normal 0 0 -1
    outer loop
      vertex 50.5726 9.73927 0
      vertex 50.5726 30.2607 0
      vertex 50.75 30.1292 0
    endloop
  endfacet
  facet normal 0 0 -1
    outer loop
      vertex 50.409 9.59099 0
      vertex 50.5726 30.2607 0
      vertex 50.5726 9.73927 0
    endloop
  endfacet
  facet normal 0 0 -1
    outer loop
      vertex 50.409 9.59099 0
      vertex 50.409 30.409 0
      vertex 50.5726 30.2607 0
    endloop
  endfacet
  facet normal 0 0 -1
    outer loop
      vertex 50.2607 9.42738 0
      vertex 50.409 30.409 0
      vertex 50.409 9.59099 0
    endloop
  endfacet
  facet normal 0 0 -1
    outer loop
      vertex 50.2607 9.42738 0
      vertex 50.2607 30.5726 0
      vertex 50.409 30.409 0
    endloop
  endfacet
  facet normal 0 0 -1
    outer loop
      vertex 50.1292 9.25003 0
      vertex 50.2607 30.5726 0
      vertex 50.2607 9.42738 0
    endloop
  endfacet
  facet normal 0 0 -1
    outer loop
      vertex 50.1292 9.25003 0
      vertex 50.1292 30.75 0
      vertex 50.2607 30.5726 0
    endloop
  endfacet
  facet normal 0 0 -1
    outer loop
      vertex 50.0157 9.06064 0
      vertex 50.1292 30.75 0
      vertex 50.1292 9.25003 0
    endloop
  endfacet
  facet normal 0 0 -1
    outer loop
      vertex 50.0157 9.06064 0
      vertex 50.0157 30.9394 0
      vertex 50.1292 30.75 0
    endloop
  endfacet
  facet normal 0 0 -1
    outer loop
      vertex 49.7932 8.43895 0
      vertex 10.2068 8.43895 0
      vertex 49.8469 8.65314 0
    endloop
  endfacet
  facet normal 0 0 -1
    outer loop
      vertex 10.1531 8.65314 0
      vertex 49.8469 8.65314 0
      vertex 10.2068 8.43895 0
    endloop
  endfacet
  facet normal 0 0 -1
    outer loop
      vertex 10.2068 8.43895 0
      vertex 49.7932 8.43895 0
      vertex 10.2392 8.22054 0
    endloop
  endfacet
  facet normal 0 0 -1
    outer loop
      vertex 49.8469 8.65314 0
      vertex 10.1531 8.65314 0
      vertex 49.9213 8.86104 0
    endloop
  endfacet
  facet normal 0 0 -1
    outer loop
      vertex 49.7608 8.22054 0
      vertex 10.2392 8.22054 0
      vertex 49.7932 8.43895 0
    endloop
  endfacet
  facet normal 0 0 -1
    outer loop
      vertex 50.0157 30.9394 0
      vertex 10.25 32 0
      vertex 49.9213 31.139 0
    endloop
  endfacet
  facet normal 0 0 -1
    outer loop
      vertex 10.2392 8.22054 0
      vertex 49.7608 8.22054 0
      vertex 10.25 8 0
    endloop
  endfacet
  facet normal 0 0 -1
    outer loop
      vertex 49.9213 31.139 0
      vertex 10.25 32 0
      vertex 49.8469 31.3469 0
    endloop
  endfacet
  facet normal 0 0 -1
    outer loop
      vertex 10.25 8 0
      vertex 49.7608 8.22054 0
      vertex 49.75 8 0
    endloop
  endfacet
  facet normal 0 0 -1
    outer loop
      vertex 49.8469 31.3469 0
      vertex 10.25 32 0
      vertex 49.7932 31.561 0
    endloop
  endfacet
  facet normal 0 0 -1
    outer loop
      vertex 60 0 0
      vertex 54.2392 7.77946 0
      vertex 54.25 8 0
    endloop
  endfacet
  facet normal 0 0 -1
    outer loop
      vertex 60 0 0
      vertex 54.2068 7.56105 0
      vertex 54.2392 7.77946 0
    endloop
  endfacet
  facet normal 0 0 -1
    outer loop
      vertex 60 0 0
      vertex 54.1531 7.34686 0
      vertex 54.2068 7.56105 0
    endloop
  endfacet
  facet normal 0 0 -1
    outer loop
      vertex 60 0 0
      vertex 54.0787 7.13896 0
      vertex 54.1531 7.34686 0
    endloop
  endfacet
  facet normal 0 0 -1
    outer loop
      vertex 58 0 0
      vertex 53.9843 6.93936 0
      vertex 54.0787 7.13896 0
    endloop
  endfacet
  facet normal 0 0 -1
    outer loop
      vertex 58 0 0
      vertex 53.8708 6.74997 0
      vertex 53.9843 6.93936 0
    endloop
  endfacet
  facet normal 0 0 -1
    outer loop
      vertex 58 0 0
      vertex 53.7393 6.57261 0
      vertex 53.8708 6.74997 0
    endloop
  endfacet
  facet normal 0 0 -1
    outer loop
      vertex 58 0 0
      vertex 53.591 6.40901 0
      vertex 53.7393 6.57261 0
    endloop
  endfacet
  facet normal 0 0 -1
    outer loop
      vertex 58 0 0
      vertex 53.4274 6.26073 0
      vertex 53.591 6.40901 0
    endloop
  endfacet
  facet normal 0 0 -1
    outer loop
      vertex 58 0 0
      vertex 53.25 6.12919 0
      vertex 53.4274 6.26073 0
    endloop
  endfacet
  facet normal 0 0 -1
    outer loop
      vertex 58 0 0
      vertex 53.0606 6.01568 0
      vertex 53.25 6.12919 0
    endloop
  endfacet
  facet normal 0 0 -1
    outer loop
      vertex 58 0 0
      vertex 52.861 5.92127 0
      vertex 53.0606 6.01568 0
    endloop
  endfacet
  facet normal 0 0 -1
    outer loop
      vertex 58 0 0
      vertex 52.6531 5.84688 0
      vertex 52.861 5.92127 0
    endloop
  endfacet
  facet normal 0 0 -1
    outer loop
      vertex 58 0 0
      vertex 52.439 5.79323 0
      vertex 52.6531 5.84688 0
    endloop
  endfacet
  facet normal 0 0 -1
    outer loop
      vertex 58 0 0
      vertex 52.2205 5.76083 0
      vertex 52.439 5.79323 0
    endloop
  endfacet
  facet normal 0 0 -1
    outer loop
      vertex 58 0 0
      vertex 52 5.75 0
      vertex 52.2205 5.76083 0
    endloop
  endfacet
  facet normal 0 0 -1
    outer loop
      vertex 58 0 0
      vertex 51.7795 5.76083 0
      vertex 52 5.75 0
    endloop
  endfacet
  facet normal 0 0 -1
    outer loop
      vertex 58 0 0
      vertex 51.561 5.79323 0
      vertex 51.7795 5.76083 0
    endloop
  endfacet
  facet normal 0 0 -1
    outer loop
      vertex 58 0 0
      vertex 51.3469 5.84688 0
      vertex 51.561 5.79323 0
    endloop
  endfacet
  facet normal 0 0 -1
    outer loop
      vertex 58 0 0
      vertex 51.139 5.92127 0
      vertex 51.3469 5.84688 0
    endloop
  endfacet
  facet normal 0 0 -1
    outer loop
      vertex 58 0 0
      vertex 50.9394 6.01568 0
      vertex 51.139 5.92127 0
    endloop
  endfacet
  facet normal 0 0 -1
    outer loop
      vertex 58 0 0
      vertex 50.75 6.12919 0
      vertex 50.9394 6.01568 0
    endloop
  endfacet
  facet normal 0 0 -1
    outer loop
      vertex 9.25003 6.12919 0
      vertex 50.75 6.12919 0
      vertex 58 0 0
    endloop
  endfacet
  facet normal 0 0 -1
    outer loop
      vertex 49.7932 31.561 0
      vertex 10.25 32 0
      vertex 49.7608 31.7795 0
    endloop
  endfacet
  facet normal 0 0 -1
    outer loop
      vertex 49.7608 7.77946 0
      vertex 10.25 8 0
      vertex 49.75 8 0
    endloop
  endfacet
  facet normal 0 0 -1
    outer loop
      vertex 10.2392 7.77946 0
      vertex 49.7608 7.77946 0
      vertex 49.7932 7.56105 0
    endloop
  endfacet
  facet normal 0 0 -1
    outer loop
      vertex 10.2068 7.56105 0
      vertex 49.7932 7.56105 0
      vertex 49.8469 7.34686 0
    endloop
  endfacet
  facet normal 0 0 -1
    outer loop
      vertex 10.1531 7.34686 0
      vertex 49.8469 7.34686 0
      vertex 49.9213 7.13896 0
    endloop
  endfacet
  facet normal 0 0 -1
    outer loop
      vertex 10.0787 7.13896 0
      vertex 49.9213 7.13896 0
      vertex 50.0157 6.93936 0
    endloop
  endfacet
  facet normal 0 0 -1
    outer loop
      vertex 9.98432 6.93936 0
      vertex 50.0157 6.93936 0
      vertex 50.1292 6.74997 0
    endloop
  endfacet
  facet normal 0 0 -1
    outer loop
      vertex 9.87081 6.74997 0
      vertex 50.1292 6.74997 0
      vertex 50.2607 6.57261 0
    endloop
  endfacet
  facet normal 0 0 -1
    outer loop
      vertex 9.73927 6.57261 0
      vertex 50.2607 6.57261 0
      vertex 50.409 6.40901 0
    endloop
  endfacet
  facet normal 0 0 -1
    outer loop
      vertex 9.59099 6.40901 0
      vertex 50.409 6.40901 0
      vertex 50.5726 6.26073 0
    endloop
  endfacet
  facet normal 0 0 -1
    outer loop
      vertex 50.75 6.12919 0
      vertex 9.25003 6.12919 0
      vertex 50.5726 6.26073 0
    endloop
  endfacet
  facet normal 0 0 -1
    outer loop
      vertex 49.7608 7.77946 0
      vertex 10.2392 7.77946 0
      vertex 10.25 8 0
    endloop
  endfacet
  facet normal 0 0 -1
    outer loop
      vertex 49.7932 7.56105 0
      vertex 10.2068 7.56105 0
      vertex 10.2392 7.77946 0
    endloop
  endfacet
  facet normal 0 0 -1
    outer loop
      vertex 49.8469 7.34686 0
      vertex 10.1531 7.34686 0
      vertex 10.2068 7.56105 0
    endloop
  endfacet
  facet normal 0 0 -1
    outer loop
      vertex 49.9213 7.13896 0
      vertex 10.0787 7.13896 0
      vertex 10.1531 7.34686 0
    endloop
  endfacet
  facet normal 0 0 -1
    outer loop
      vertex 50.0157 6.93936 0
      vertex 9.98432 6.93936 0
      vertex 10.0787 7.13896 0
    endloop
  endfacet
  facet normal 0 0 -1
    outer loop
      vertex 50.1292 6.74997 0
      vertex 9.87081 6.74997 0
      vertex 9.98432 6.93936 0
    endloop
  endfacet
  facet normal 0 0 -1
    outer loop
      vertex 50.2607 6.57261 0
      vertex 9.73927 6.57261 0
      vertex 9.87081 6.74997 0
    endloop
  endfacet
  facet normal 0 0 -1
    outer loop
      vertex 50.409 6.40901 0
      vertex 9.59099 6.40901 0
      vertex 9.73927 6.57261 0
    endloop
  endfacet
  facet normal 0 0 -1
    outer loop
      vertex 50.5726 6.26073 0
      vertex 9.42738 6.26073 0
      vertex 9.59099 6.40901 0
    endloop
  endfacet
  facet normal -0 0 -1
    outer loop
      vertex 50.5726 6.26073 0
      vertex 9.25003 6.12919 0
      vertex 9.42738 6.26073 0
    endloop
  endfacet
  facet normal 0 0 -1
    outer loop
      vertex 2 0 0
      vertex 9.25003 6.12919 0
      vertex 58 0 0
    endloop
  endfacet
  facet normal 0 0 -1
    outer loop
      vertex 9.25003 6.12919 0
      vertex 2 0 0
      vertex 9.06064 6.01568 0
    endloop
  endfacet
  facet normal 0 0 -1
    outer loop
      vertex 9.06064 6.01568 0
      vertex 2 0 0
      vertex 8.86104 5.92127 0
    endloop
  endfacet
  facet normal 0 0 -1
    outer loop
      vertex 8.86104 5.92127 0
      vertex 2 0 0
      vertex 8.65314 5.84688 0
    endloop
  endfacet
  facet normal 0 0 -1
    outer loop
      vertex 8.65314 5.84688 0
      vertex 2 0 0
      vertex 8.43895 5.79323 0
    endloop
  endfacet
  facet normal 0 0 -1
    outer loop
      vertex 8.43895 5.79323 0
      vertex 2 0 0
      vertex 8.22054 5.76083 0
    endloop
  endfacet
  facet normal 0 0 -1
    outer loop
      vertex 8.22054 5.76083 0
      vertex 2 0 0
      vertex 8 5.75 0
    endloop
  endfacet
  facet normal -0 0 -1
    outer loop
      vertex 5.76083 7.77946 0
      vertex 0 0 0
      vertex 5.75 8 0
    endloop
  endfacet
  facet normal -0 0 -1
    outer loop
      vertex 5.79323 7.56105 0
      vertex 0 0 0
      vertex 5.76083 7.77946 0
    endloop
  endfacet
  facet normal -0 0 -1
    outer loop
      vertex 5.84688 7.34686 0
      vertex 0 0 0
      vertex 5.79323 7.56105 0
    endloop
  endfacet
  facet normal -0 0 -1
    outer loop
      vertex 5.92127 7.13896 0
      vertex 0 0 0
      vertex 5.84688 7.34686 0
    endloop
  endfacet
  facet normal 0 0 -1
    outer loop
      vertex 0 0 0
      vertex 5.92127 7.13896 0
      vertex 2 0 0
    endloop
  endfacet
  facet normal -0 0 -1
    outer loop
      vertex 6.01568 6.93936 0
      vertex 2 0 0
      vertex 5.92127 7.13896 0
    endloop
  endfacet
  facet normal -0 0 -1
    outer loop
      vertex 6.12919 6.74997 0
      vertex 2 0 0
      vertex 6.01568 6.93936 0
    endloop
  endfacet
  facet normal -0 0 -1
    outer loop
      vertex 6.26073 6.57261 0
      vertex 2 0 0
      vertex 6.12919 6.74997 0
    endloop
  endfacet
  facet normal -0 0 -1
    outer loop
      vertex 6.40901 6.40901 0
      vertex 2 0 0
      vertex 6.26073 6.57261 0
    endloop
  endfacet
  facet normal -0 0 -1
    outer loop
      vertex 6.57261 6.26073 0
      vertex 2 0 0
      vertex 6.40901 6.40901 0
    endloop
  endfacet
  facet normal -0 0 -1
    outer loop
      vertex 6.74997 6.12919 0
      vertex 2 0 0
      vertex 6.57261 6.26073 0
    endloop
  endfacet
  facet normal -0 0 -1
    outer loop
      vertex 6.93936 6.01568 0
      vertex 2 0 0
      vertex 6.74997 6.12919 0
    endloop
  endfacet
  facet normal -0 0 -1
    outer loop
      vertex 7.13896 5.92127 0
      vertex 2 0 0
      vertex 6.93936 6.01568 0
    endloop
  endfacet
  facet normal -0 0 -1
    outer loop
      vertex 7.34686 5.84688 0
      vertex 2 0 0
      vertex 7.13896 5.92127 0
    endloop
  endfacet
  facet normal -0 0 -1
    outer loop
      vertex 7.56105 5.79323 0
      vertex 2 0 0
      vertex 7.34686 5.84688 0
    endloop
  endfacet
  facet normal -0 0 -1
    outer loop
      vertex 7.77946 5.76083 0
      vertex 2 0 0
      vertex 7.56105 5.79323 0
    endloop
  endfacet
  facet normal -0 0 -1
    outer loop
      vertex 8 5.75 0
      vertex 2 0 0
      vertex 7.77946 5.76083 0
    endloop
  endfacet
  facet normal 0 0 -1
    outer loop
      vertex 54.0787 7.13896 0
      vertex 60 0 0
      vertex 58 0 0
    endloop
  endfacet
  facet normal 0 0 -1
    outer loop
      vertex 54.2392 8.22054 0
      vertex 60 0 0
      vertex 54.25 8 0
    endloop
  endfacet
  facet normal 0 0 -1
    outer loop
      vertex 54.2068 8.43895 0
      vertex 60 0 0
      vertex 54.2392 8.22054 0
    endloop
  endfacet
  facet normal 0 0 -1
    outer loop
      vertex 54.2392 32.2205 0
      vertex 60 40 0
      vertex 54.25 32 0
    endloop
  endfacet
  facet normal 0 0 -1
    outer loop
      vertex 54.2068 32.439 0
      vertex 60 40 0
      vertex 54.2392 32.2205 0
    endloop
  endfacet
  facet normal 0 0 -1
    outer loop
      vertex 54.1531 32.6531 0
      vertex 60 40 0
      vertex 54.2068 32.439 0
    endloop
  endfacet
  facet normal 0 0 -1
    outer loop
      vertex 54.0787 32.861 0
      vertex 60 40 0
      vertex 54.1531 32.6531 0
    endloop
  endfacet
  facet normal 0 0 -1
    outer loop
      vertex 53.9843 33.0606 0
      vertex 60 40 0
      vertex 54.0787 32.861 0
    endloop
  endfacet
  facet normal 0 0 -1
    outer loop
      vertex 53.8708 33.25 0
      vertex 60 40 0
      vertex 53.9843 33.0606 0
    endloop
  endfacet
  facet normal 0 0 -1
    outer loop
      vertex 53.7393 33.4274 0
      vertex 60 40 0
      vertex 53.8708 33.25 0
    endloop
  endfacet
  facet normal 0 0 -1
    outer loop
      vertex 53.591 33.591 0
      vertex 60 40 0
      vertex 53.7393 33.4274 0
    endloop
  endfacet
  facet normal 0 0 -1
    outer loop
      vertex 53.4274 33.7393 0
      vertex 60 40 0
      vertex 53.591 33.591 0
    endloop
  endfacet
  facet normal 0 0 -1
    outer loop
      vertex 53.25 33.8708 0
      vertex 60 40 0
      vertex 53.4274 33.7393 0
    endloop
  endfacet
  facet normal 0 0 -1
    outer loop
      vertex 53.0606 33.9843 0
      vertex 60 40 0
      vertex 53.25 33.8708 0
    endloop
  endfacet
  facet normal 0 0 -1
    outer loop
      vertex 52.861 34.0787 0
      vertex 60 40 0
      vertex 53.0606 33.9843 0
    endloop
  endfacet
  facet normal 0 0 -1
    outer loop
      vertex 52.6531 34.1531 0
      vertex 60 40 0
      vertex 52.861 34.0787 0
    endloop
  endfacet
  facet normal 0 0 -1
    outer loop
      vertex 52.439 34.2068 0
      vertex 60 40 0
      vertex 52.6531 34.1531 0
    endloop
  endfacet
  facet normal 0 0 -1
    outer loop
      vertex 52.2205 34.2392 0
      vertex 60 40 0
      vertex 52.439 34.2068 0
    endloop
  endfacet
  facet normal 0 0 -1
    outer loop
      vertex 52 34.25 0
      vertex 60 40 0
      vertex 52.2205 34.2392 0
    endloop
  endfacet
  facet normal 0 0 -1
    outer loop
      vertex 51.7795 34.2392 0
      vertex 60 40 0
      vertex 52 34.25 0
    endloop
  endfacet
  facet normal 0 0 -1
    outer loop
      vertex 51.561 34.2068 0
      vertex 60 40 0
      vertex 51.7795 34.2392 0
    endloop
  endfacet
  facet normal 0 0 -1
    outer loop
      vertex 51.3469 34.1531 0
      vertex 60 40 0
      vertex 51.561 34.2068 0
    endloop
  endfacet
  facet normal 0 0 -1
    outer loop
      vertex 51.139 34.0787 0
      vertex 60 40 0
      vertex 51.3469 34.1531 0
    endloop
  endfacet
  facet normal 0 0 -1
    outer loop
      vertex 50.9394 33.9843 0
      vertex 60 40 0
      vertex 51.139 34.0787 0
    endloop
  endfacet
  facet normal 0 0 -1
    outer loop
      vertex 9.06064 33.9843 0
      vertex 50.9394 33.9843 0
      vertex 50.75 33.8708 0
    endloop
  endfacet
  facet normal 0 0 -1
    outer loop
      vertex 49.7608 31.7795 0
      vertex 10.25 32 0
      vertex 49.75 32 0
    endloop
  endfacet
  facet normal 0 0 -1
    outer loop
      vertex 49.75 32 0
      vertex 10.25 32 0
      vertex 49.7608 32.2205 0
    endloop
  endfacet
  facet normal 0 0 -1
    outer loop
      vertex 10.2392 32.2205 0
      vertex 49.7608 32.2205 0
      vertex 10.25 32 0
    endloop
  endfacet
  facet normal 0 0 -1
    outer loop
      vertex 49.7608 32.2205 0
      vertex 10.2392 32.2205 0
      vertex 49.7932 32.439 0
    endloop
  endfacet
  facet normal 0 0 -1
    outer loop
      vertex 10.2068 32.439 0
      vertex 49.7932 32.439 0
      vertex 10.2392 32.2205 0
    endloop
  endfacet
  facet normal 0 0 -1
    outer loop
      vertex 49.7932 32.439 0
      vertex 10.2068 32.439 0
      vertex 49.8469 32.6531 0
    endloop
  endfacet
  facet normal 0 0 -1
    outer loop
      vertex 10.1531 32.6531 0
      vertex 49.8469 32.6531 0
      vertex 10.2068 32.439 0
    endloop
  endfacet
  facet normal 0 0 -1
    outer loop
      vertex 49.8469 32.6531 0
      vertex 10.1531 32.6531 0
      vertex 49.9213 32.861 0
    endloop
  endfacet
  facet normal 0 0 -1
    outer loop
      vertex 10.0787 32.861 0
      vertex 49.9213 32.861 0
      vertex 10.1531 32.6531 0
    endloop
  endfacet
  facet normal 0 0 -1
    outer loop
      vertex 49.9213 32.861 0
      vertex 10.0787 32.861 0
      vertex 50.0157 33.0606 0
    endloop
  endfacet
  facet normal 0 0 -1
    outer loop
      vertex 9.98432 33.0606 0
      vertex 50.0157 33.0606 0
      vertex 10.0787 32.861 0
    endloop
  endfacet
  facet normal 0 0 -1
    outer loop
      vertex 50.0157 33.0606 0
      vertex 9.98432 33.0606 0
      vertex 50.1292 33.25 0
    endloop
  endfacet
  facet normal 0 0 -1
    outer loop
      vertex 9.87081 33.25 0
      vertex 50.1292 33.25 0
      vertex 9.98432 33.0606 0
    endloop
  endfacet
  facet normal 0 0 -1
    outer loop
      vertex 50.1292 33.25 0
      vertex 9.87081 33.25 0
      vertex 50.2607 33.4274 0
    endloop
  endfacet
  facet normal 0 0 -1
    outer loop
      vertex 9.73927 33.4274 0
      vertex 50.2607 33.4274 0
      vertex 9.87081 33.25 0
    endloop
  endfacet
  facet normal 0 0 -1
    outer loop
      vertex 50.2607 33.4274 0
      vertex 9.73927 33.4274 0
      vertex 50.409 33.591 0
    endloop
  endfacet
  facet normal 0 0 -1
    outer loop
      vertex 9.59099 33.591 0
      vertex 50.409 33.591 0
      vertex 9.73927 33.4274 0
    endloop
  endfacet
  facet normal 0 0 -1
    outer loop
      vertex 50.409 33.591 0
      vertex 9.59099 33.591 0
      vertex 50.5726 33.7393 0
    endloop
  endfacet
  facet normal 0 0 -1
    outer loop
      vertex 9.42738 33.7393 0
      vertex 50.5726 33.7393 0
      vertex 9.59099 33.591 0
    endloop
  endfacet
  facet normal 0 0 -1
    outer loop
      vertex 50.5726 33.7393 0
      vertex 9.42738 33.7393 0
      vertex 50.75 33.8708 0
    endloop
  endfacet
  facet normal 0 0 -1
    outer loop
      vertex 9.25003 33.8708 0
      vertex 50.75 33.8708 0
      vertex 9.42738 33.7393 0
    endloop
  endfacet
  facet normal 0 0 -1
    outer loop
      vertex 9.06064 33.9843 0
      vertex 50.75 33.8708 0
      vertex 9.25003 33.8708 0
    endloop
  endfacet
  facet normal 0 0 -1
    outer loop
      vertex 50.9394 33.9843 0
      vertex 9.06064 33.9843 0
      vertex 60 40 0
    endloop
  endfacet
  facet normal 0 0 -1
    outer loop
      vertex 0 40 0
      vertex 9.06064 33.9843 0
      vertex 8.86104 34.0787 0
    endloop
  endfacet
  facet normal 0 0 -1
    outer loop
      vertex 0 40 0
      vertex 8.86104 34.0787 0
      vertex 8.65314 34.1531 0
    endloop
  endfacet
  facet normal 0 0 -1
    outer loop
      vertex 0 40 0
      vertex 8.65314 34.1531 0
      vertex 8.43895 34.2068 0
    endloop
  endfacet
  facet normal 0 0 -1
    outer loop
      vertex 0 40 0
      vertex 8.43895 34.2068 0
      vertex 8.22054 34.2392 0
    endloop
  endfacet
  facet normal 0 0 -1
    outer loop
      vertex 0 40 0
      vertex 8.22054 34.2392 0
      vertex 8 34.25 0
    endloop
  endfacet
  facet normal 0 0 -1
    outer loop
      vertex 0 40 0
      vertex 8 34.25 0
      vertex 7.77946 34.2392 0
    endloop
  endfacet
  facet normal 0 0 -1
    outer loop
      vertex 5.79323 31.561 0
      vertex 0 40 0
      vertex 5.76083 31.7795 0
    endloop
  endfacet
  facet normal 0 0 -1
    outer loop
      vertex 5.76083 31.7795 0
      vertex 0 40 0
      vertex 5.75 32 0
    endloop
  endfacet
  facet normal 0 0 -1
    outer loop
      vertex 5.75 32 0
      vertex 0 40 0
      vertex 5.76083 32.2205 0
    endloop
  endfacet
  facet normal 0 0 -1
    outer loop
      vertex 9.06064 33.9843 0
      vertex 0 40 0
      vertex 60 40 0
    endloop
  endfacet
  facet normal 0 0 -1
    outer loop
      vertex 7.56105 34.2068 0
      vertex 0 40 0
      vertex 7.77946 34.2392 0
    endloop
  endfacet
  facet normal 0 0 -1
    outer loop
      vertex 7.34686 34.1531 0
      vertex 0 40 0
      vertex 7.56105 34.2068 0
    endloop
  endfacet
  facet normal 0 0 -1
    outer loop
      vertex 7.13896 34.0787 0
      vertex 0 40 0
      vertex 7.34686 34.1531 0
    endloop
  endfacet
  facet normal 0 0 -1
    outer loop
      vertex 6.93936 33.9843 0
      vertex 0 40 0
      vertex 7.13896 34.0787 0
    endloop
  endfacet
  facet normal 0 0 -1
    outer loop
      vertex 6.74997 33.8708 0
      vertex 0 40 0
      vertex 6.93936 33.9843 0
    endloop
  endfacet
  facet normal 0 0 -1
    outer loop
      vertex 6.57261 33.7393 0
      vertex 0 40 0
      vertex 6.74997 33.8708 0
    endloop
  endfacet
  facet normal 0 0 -1
    outer loop
      vertex 6.40901 33.591 0
      vertex 0 40 0
      vertex 6.57261 33.7393 0
    endloop
  endfacet
  facet normal 0 0 -1
    outer loop
      vertex 6.26073 33.4274 0
      vertex 0 40 0
      vertex 6.40901 33.591 0
    endloop
  endfacet
  facet normal 0 0 -1
    outer loop
      vertex 6.12919 33.25 0
      vertex 0 40 0
      vertex 6.26073 33.4274 0
    endloop
  endfacet
  facet normal 0 0 -1
    outer loop
      vertex 6.01568 33.0606 0
      vertex 0 40 0
      vertex 6.12919 33.25 0
    endloop
  endfacet
  facet normal 0 0 -1
    outer loop
      vertex 5.92127 32.861 0
      vertex 0 40 0
      vertex 6.01568 33.0606 0
    endloop
  endfacet
  facet normal 0 0 -1
    outer loop
      vertex 5.84688 32.6531 0
      vertex 0 40 0
      vertex 5.92127 32.861 0
    endloop
  endfacet
  facet normal 0 0 -1
    outer loop
      vertex 5.79323 32.439 0
      vertex 0 40 0
      vertex 5.84688 32.6531 0
    endloop
  endfacet
  facet normal 0 0 -1
    outer loop
      vertex 5.76083 32.2205 0
      vertex 0 40 0
      vertex 5.79323 32.439 0
    endloop
  endfacet
  facet normal 0.904043 0 -0.427442
    outer loop
      vertex 10.5007 36 12.8014
      vertex 10.4294 40 12.6506
      vertex 10.5007 40 12.8014
    endloop
  endfacet
  facet normal 0.904043 0 -0.427442
    outer loop
      vertex 10.4294 40 12.6506
      vertex 10.5007 36 12.8014
      vertex 10.4294 36 12.6506
    endloop
  endfacet
  facet normal 0.595772 0 -0.803154
    outer loop
      vertex 10.9215 36 13.3141
      vertex 11.0555 40 13.4135
      vertex 11.0555 36 13.4135
    endloop
  endfacet
  facet normal 0.595772 0 -0.803154
    outer loop
      vertex 11.0555 40 13.4135
      vertex 10.9215 36 13.3141
      vertex 10.9215 40 13.3141
    endloop
  endfacet
  facet normal -0.989168 0 -0.146788
    outer loop
      vertex 13.6918 36 12.1666
      vertex 13.6673 40 12.3317
      vertex 13.6918 40 12.1666
    endloop
  endfacet
  facet normal -0.989168 -0 -0.146788
    outer loop
      vertex 13.6673 40 12.3317
      vertex 13.6918 36 12.1666
      vertex 13.6673 36 12.3317
    endloop
  endfacet
  facet normal -0.998791 0 -0.0491602
    outer loop
      vertex 13.7 36 12
      vertex 13.6918 40 12.1666
      vertex 13.7 40 12
    endloop
  endfacet
  facet normal -0.998791 -0 -0.0491602
    outer loop
      vertex 13.6918 40 12.1666
      vertex 13.7 36 12
      vertex 13.6918 36 12.1666
    endloop
  endfacet
  facet normal -0.970072 0 -0.242818
    outer loop
      vertex 13.6673 36 12.3317
      vertex 13.6268 40 12.4935
      vertex 13.6673 40 12.3317
    endloop
  endfacet
  facet normal -0.970072 -0 -0.242818
    outer loop
      vertex 13.6268 40 12.4935
      vertex 13.6673 36 12.3317
      vertex 13.6268 36 12.4935
    endloop
  endfacet
  facet normal -0.803154 0 -0.595772
    outer loop
      vertex 13.4135 36 12.9445
      vertex 13.3141 40 13.0785
      vertex 13.4135 40 12.9445
    endloop
  endfacet
  facet normal -0.803154 -0 -0.595772
    outer loop
      vertex 13.3141 40 13.0785
      vertex 13.4135 36 12.9445
      vertex 13.3141 36 13.0785
    endloop
  endfacet
  facet normal 0.242818 0 -0.970072
    outer loop
      vertex 11.5065 36 13.6268
      vertex 11.6683 40 13.6673
      vertex 11.6683 36 13.6673
    endloop
  endfacet
  facet normal 0.242818 0 -0.970072
    outer loop
      vertex 11.6683 40 13.6673
      vertex 11.5065 36 13.6268
      vertex 11.5065 40 13.6268
    endloop
  endfacet
  facet normal 0.803154 0 -0.595772
    outer loop
      vertex 10.6859 36 13.0785
      vertex 10.5865 40 12.9445
      vertex 10.6859 40 13.0785
    endloop
  endfacet
  facet normal 0.803154 0 -0.595772
    outer loop
      vertex 10.5865 40 12.9445
      vertex 10.6859 36 13.0785
      vertex 10.5865 36 12.9445
    endloop
  endfacet
  facet normal 0.427442 0 0.904043
    outer loop
      vertex 11.1986 40 10.5007
      vertex 11.3494 36 10.4294
      vertex 11.3494 40 10.4294
    endloop
  endfacet
  facet normal 0.427442 0 0.904043
    outer loop
      vertex 11.3494 36 10.4294
      vertex 11.1986 40 10.5007
      vertex 11.1986 36 10.5007
    endloop
  endfacet
  facet normal 0.941566 -0 0.33683
    outer loop
      vertex 10.3732 36 11.5065
      vertex 10.4294 40 11.3494
      vertex 10.3732 40 11.5065
    endloop
  endfacet
  facet normal 0.941566 0 0.33683
    outer loop
      vertex 10.4294 40 11.3494
      vertex 10.3732 36 11.5065
      vertex 10.4294 36 11.3494
    endloop
  endfacet
  facet normal -0.671478 0 0.741024
    outer loop
      vertex 13.0785 40 10.6859
      vertex 13.2021 36 10.7979
      vertex 13.2021 40 10.7979
    endloop
  endfacet
  facet normal -0.671478 0 0.741024
    outer loop
      vertex 13.2021 36 10.7979
      vertex 13.0785 40 10.6859
      vertex 13.0785 36 10.6859
    endloop
  endfacet
  facet normal 0.427442 0 -0.904043
    outer loop
      vertex 11.1986 36 13.4993
      vertex 11.3494 40 13.5706
      vertex 11.3494 36 13.5706
    endloop
  endfacet
  facet normal 0.427442 0 -0.904043
    outer loop
      vertex 11.3494 40 13.5706
      vertex 11.1986 36 13.4993
      vertex 11.1986 40 13.4993
    endloop
  endfacet
  facet normal -0.803154 0 0.595772
    outer loop
      vertex 13.3141 36 10.9215
      vertex 13.4135 40 11.0555
      vertex 13.3141 40 10.9215
    endloop
  endfacet
  facet normal -0.803154 0 0.595772
    outer loop
      vertex 13.4135 40 11.0555
      vertex 13.3141 36 10.9215
      vertex 13.4135 36 11.0555
    endloop
  endfacet
  facet normal -0.146788 0 0.989168
    outer loop
      vertex 12.1666 40 10.3082
      vertex 12.3317 36 10.3327
      vertex 12.3317 40 10.3327
    endloop
  endfacet
  facet normal -0.146788 0 0.989168
    outer loop
      vertex 12.3317 36 10.3327
      vertex 12.1666 40 10.3082
      vertex 12.1666 36 10.3082
    endloop
  endfacet
  facet normal -0.242818 0 0.970072
    outer loop
      vertex 12.3317 40 10.3327
      vertex 12.4935 36 10.3732
      vertex 12.4935 40 10.3732
    endloop
  endfacet
  facet normal -0.242818 0 0.970072
    outer loop
      vertex 12.4935 36 10.3732
      vertex 12.3317 40 10.3327
      vertex 12.3317 36 10.3327
    endloop
  endfacet
  facet normal -0.941566 0 -0.33683
    outer loop
      vertex 13.6268 36 12.4935
      vertex 13.5706 40 12.6506
      vertex 13.6268 40 12.4935
    endloop
  endfacet
  facet normal -0.941566 -0 -0.33683
    outer loop
      vertex 13.5706 40 12.6506
      vertex 13.6268 36 12.4935
      vertex 13.5706 36 12.6506
    endloop
  endfacet
  facet normal 0.514231 0 0.857652
    outer loop
      vertex 11.0555 40 10.5865
      vertex 11.1986 36 10.5007
      vertex 11.1986 40 10.5007
    endloop
  endfacet
  facet normal 0.514231 0 0.857652
    outer loop
      vertex 11.1986 36 10.5007
      vertex 11.0555 40 10.5865
      vertex 11.0555 36 10.5865
    endloop
  endfacet
  facet normal 0.970072 0 -0.242818
    outer loop
      vertex 10.3732 36 12.4935
      vertex 10.3327 40 12.3317
      vertex 10.3732 40 12.4935
    endloop
  endfacet
  facet normal 0.970072 0 -0.242818
    outer loop
      vertex 10.3327 40 12.3317
      vertex 10.3732 36 12.4935
      vertex 10.3327 36 12.3317
    endloop
  endfacet
  facet normal -0.595772 0 -0.803154
    outer loop
      vertex 12.9445 36 13.4135
      vertex 13.0785 40 13.3141
      vertex 13.0785 36 13.3141
    endloop
  endfacet
  facet normal -0.595772 0 -0.803154
    outer loop
      vertex 13.0785 40 13.3141
      vertex 12.9445 36 13.4135
      vertex 12.9445 40 13.4135
    endloop
  endfacet
  facet normal 0.941566 0 -0.33683
    outer loop
      vertex 10.4294 36 12.6506
      vertex 10.3732 40 12.4935
      vertex 10.4294 40 12.6506
    endloop
  endfacet
  facet normal 0.941566 0 -0.33683
    outer loop
      vertex 10.3732 40 12.4935
      vertex 10.4294 36 12.6506
      vertex 10.3732 36 12.4935
    endloop
  endfacet
  facet normal 0.33683 0 0.941566
    outer loop
      vertex 11.3494 40 10.4294
      vertex 11.5065 36 10.3732
      vertex 11.5065 40 10.3732
    endloop
  endfacet
  facet normal 0.33683 0 0.941566
    outer loop
      vertex 11.5065 36 10.3732
      vertex 11.3494 40 10.4294
      vertex 11.3494 36 10.4294
    endloop
  endfacet
  facet normal -0.427442 0 -0.904043
    outer loop
      vertex 12.6506 36 13.5706
      vertex 12.8014 40 13.4993
      vertex 12.8014 36 13.4993
    endloop
  endfacet
  facet normal -0.427442 0 -0.904043
    outer loop
      vertex 12.8014 40 13.4993
      vertex 12.6506 36 13.5706
      vertex 12.6506 40 13.5706
    endloop
  endfacet
  facet normal -0.998791 0 0.0491602
    outer loop
      vertex 13.6918 36 11.8334
      vertex 13.7 40 12
      vertex 13.6918 40 11.8334
    endloop
  endfacet
  facet normal -0.998791 0 0.0491602
    outer loop
      vertex 13.7 40 12
      vertex 13.6918 36 11.8334
      vertex 13.7 36 12
    endloop
  endfacet
  facet normal -0.514231 0 0.857652
    outer loop
      vertex 12.8014 40 10.5007
      vertex 12.9445 36 10.5865
      vertex 12.9445 40 10.5865
    endloop
  endfacet
  facet normal -0.514231 0 0.857652
    outer loop
      vertex 12.9445 36 10.5865
      vertex 12.8014 40 10.5007
      vertex 12.8014 36 10.5007
    endloop
  endfacet
  facet normal -0.33683 0 -0.941566
    outer loop
      vertex 12.4935 36 13.6268
      vertex 12.6506 40 13.5706
      vertex 12.6506 36 13.5706
    endloop
  endfacet
  facet normal -0.33683 0 -0.941566
    outer loop
      vertex 12.6506 40 13.5706
      vertex 12.4935 36 13.6268
      vertex 12.4935 40 13.6268
    endloop
  endfacet
  facet normal -0.514231 0 -0.857652
    outer loop
      vertex 12.8014 36 13.4993
      vertex 12.9445 40 13.4135
      vertex 12.9445 36 13.4135
    endloop
  endfacet
  facet normal -0.514231 0 -0.857652
    outer loop
      vertex 12.9445 40 13.4135
      vertex 12.8014 36 13.4993
      vertex 12.8014 40 13.4993
    endloop
  endfacet
  facet normal 0.904043 -0 0.427442
    outer loop
      vertex 10.4294 36 11.3494
      vertex 10.5007 40 11.1986
      vertex 10.4294 40 11.3494
    endloop
  endfacet
  facet normal 0.904043 0 0.427442
    outer loop
      vertex 10.5007 40 11.1986
      vertex 10.4294 36 11.3494
      vertex 10.5007 36 11.1986
    endloop
  endfacet
  facet normal -0.904043 0 -0.427442
    outer loop
      vertex 13.5706 36 12.6506
      vertex 13.4993 40 12.8014
      vertex 13.5706 40 12.6506
    endloop
  endfacet
  facet normal -0.904043 -0 -0.427442
    outer loop
      vertex 13.4993 40 12.8014
      vertex 13.5706 36 12.6506
      vertex 13.4993 36 12.8014
    endloop
  endfacet
  facet normal 0.970072 -0 0.242818
    outer loop
      vertex 10.3327 36 11.6683
      vertex 10.3732 40 11.5065
      vertex 10.3327 40 11.6683
    endloop
  endfacet
  facet normal 0.970072 0 0.242818
    outer loop
      vertex 10.3732 40 11.5065
      vertex 10.3327 36 11.6683
      vertex 10.3732 36 11.5065
    endloop
  endfacet
  facet normal 0.671478 0 0.741024
    outer loop
      vertex 10.7979 40 10.7979
      vertex 10.9215 36 10.6859
      vertex 10.9215 40 10.6859
    endloop
  endfacet
  facet normal 0.671478 0 0.741024
    outer loop
      vertex 10.9215 36 10.6859
      vertex 10.7979 40 10.7979
      vertex 10.7979 36 10.7979
    endloop
  endfacet
  facet normal 0.146788 0 0.989168
    outer loop
      vertex 11.6683 40 10.3327
      vertex 11.8334 36 10.3082
      vertex 11.8334 40 10.3082
    endloop
  endfacet
  facet normal 0.146788 0 0.989168
    outer loop
      vertex 11.8334 36 10.3082
      vertex 11.6683 40 10.3327
      vertex 11.6683 36 10.3327
    endloop
  endfacet
  facet normal -0.741024 0 0.671478
    outer loop
      vertex 13.2021 36 10.7979
      vertex 13.3141 40 10.9215
      vertex 13.2021 40 10.7979
    endloop
  endfacet
  facet normal -0.741024 0 0.671478
    outer loop
      vertex 13.3141 40 10.9215
      vertex 13.2021 36 10.7979
      vertex 13.3141 36 10.9215
    endloop
  endfacet
  facet normal 0.514231 0 -0.857652
    outer loop
      vertex 11.0555 36 13.4135
      vertex 11.1986 40 13.4993
      vertex 11.1986 36 13.4993
    endloop
  endfacet
  facet normal 0.514231 0 -0.857652
    outer loop
      vertex 11.1986 40 13.4993
      vertex 11.0555 36 13.4135
      vertex 11.0555 40 13.4135
    endloop
  endfacet
  facet normal -0.0491602 0 -0.998791
    outer loop
      vertex 12 36 13.7
      vertex 12.1666 40 13.6918
      vertex 12.1666 36 13.6918
    endloop
  endfacet
  facet normal -0.0491602 0 -0.998791
    outer loop
      vertex 12.1666 40 13.6918
      vertex 12 36 13.7
      vertex 12 40 13.7
    endloop
  endfacet
  facet normal 0.671478 0 -0.741024
    outer loop
      vertex 10.7979 36 13.2021
      vertex 10.9215 40 13.3141
      vertex 10.9215 36 13.3141
    endloop
  endfacet
  facet normal 0.671478 0 -0.741024
    outer loop
      vertex 10.9215 40 13.3141
      vertex 10.7979 36 13.2021
      vertex 10.7979 40 13.2021
    endloop
  endfacet
  facet normal 0.857652 -0 0.514231
    outer loop
      vertex 10.5007 36 11.1986
      vertex 10.5865 40 11.0555
      vertex 10.5007 40 11.1986
    endloop
  endfacet
  facet normal 0.857652 0 0.514231
    outer loop
      vertex 10.5865 40 11.0555
      vertex 10.5007 36 11.1986
      vertex 10.5865 36 11.0555
    endloop
  endfacet
  facet normal -0.857652 0 0.514231
    outer loop
      vertex 13.4135 36 11.0555
      vertex 13.4993 40 11.1986
      vertex 13.4135 40 11.0555
    endloop
  endfacet
  facet normal -0.857652 0 0.514231
    outer loop
      vertex 13.4993 40 11.1986
      vertex 13.4135 36 11.0555
      vertex 13.4993 36 11.1986
    endloop
  endfacet
  facet normal 0.989168 0 -0.146788
    outer loop
      vertex 10.3327 36 12.3317
      vertex 10.3082 40 12.1666
      vertex 10.3327 40 12.3317
    endloop
  endfacet
  facet normal 0.989168 0 -0.146788
    outer loop
      vertex 10.3082 40 12.1666
      vertex 10.3327 36 12.3317
      vertex 10.3082 36 12.1666
    endloop
  endfacet
  facet normal 0.0491602 0 -0.998791
    outer loop
      vertex 11.8334 36 13.6918
      vertex 12 40 13.7
      vertex 12 36 13.7
    endloop
  endfacet
  facet normal 0.0491602 0 -0.998791
    outer loop
      vertex 12 40 13.7
      vertex 11.8334 36 13.6918
      vertex 11.8334 40 13.6918
    endloop
  endfacet
  facet normal -0.427442 0 0.904043
    outer loop
      vertex 12.6506 40 10.4294
      vertex 12.8014 36 10.5007
      vertex 12.8014 40 10.5007
    endloop
  endfacet
  facet normal -0.427442 0 0.904043
    outer loop
      vertex 12.8014 36 10.5007
      vertex 12.6506 40 10.4294
      vertex 12.6506 36 10.4294
    endloop
  endfacet
  facet normal -0.989168 0 0.146788
    outer loop
      vertex 13.6673 36 11.6683
      vertex 13.6918 40 11.8334
      vertex 13.6673 40 11.6683
    endloop
  endfacet
  facet normal -0.989168 0 0.146788
    outer loop
      vertex 13.6918 40 11.8334
      vertex 13.6673 36 11.6683
      vertex 13.6918 36 11.8334
    endloop
  endfacet
  facet normal -0.970072 0 0.242818
    outer loop
      vertex 13.6268 36 11.5065
      vertex 13.6673 40 11.6683
      vertex 13.6268 40 11.5065
    endloop
  endfacet
  facet normal -0.970072 0 0.242818
    outer loop
      vertex 13.6673 40 11.6683
      vertex 13.6268 36 11.5065
      vertex 13.6673 36 11.6683
    endloop
  endfacet
  facet normal 0.595772 0 0.803154
    outer loop
      vertex 10.9215 40 10.6859
      vertex 11.0555 36 10.5865
      vertex 11.0555 40 10.5865
    endloop
  endfacet
  facet normal 0.595772 0 0.803154
    outer loop
      vertex 11.0555 36 10.5865
      vertex 10.9215 40 10.6859
      vertex 10.9215 36 10.6859
    endloop
  endfacet
  facet normal -0.857652 0 -0.514231
    outer loop
      vertex 13.4993 36 12.8014
      vertex 13.4135 40 12.9445
      vertex 13.4993 40 12.8014
    endloop
  endfacet
  facet normal -0.857652 -0 -0.514231
    outer loop
      vertex 13.4135 40 12.9445
      vertex 13.4993 36 12.8014
      vertex 13.4135 36 12.9445
    endloop
  endfacet
  facet normal 0.998791 -0 0.0491602
    outer loop
      vertex 10.3 36 12
      vertex 10.3082 40 11.8334
      vertex 10.3 40 12
    endloop
  endfacet
  facet normal 0.998791 0 0.0491602
    outer loop
      vertex 10.3082 40 11.8334
      vertex 10.3 36 12
      vertex 10.3082 36 11.8334
    endloop
  endfacet
  facet normal 0.33683 0 -0.941566
    outer loop
      vertex 11.3494 36 13.5706
      vertex 11.5065 40 13.6268
      vertex 11.5065 36 13.6268
    endloop
  endfacet
  facet normal 0.33683 0 -0.941566
    outer loop
      vertex 11.5065 40 13.6268
      vertex 11.3494 36 13.5706
      vertex 11.3494 40 13.5706
    endloop
  endfacet
  facet normal -0.33683 0 0.941566
    outer loop
      vertex 12.4935 40 10.3732
      vertex 12.6506 36 10.4294
      vertex 12.6506 40 10.4294
    endloop
  endfacet
  facet normal -0.33683 0 0.941566
    outer loop
      vertex 12.6506 36 10.4294
      vertex 12.4935 40 10.3732
      vertex 12.4935 36 10.3732
    endloop
  endfacet
  facet normal 0.741024 -0 0.671478
    outer loop
      vertex 10.6859 36 10.9215
      vertex 10.7979 40 10.7979
      vertex 10.6859 40 10.9215
    endloop
  endfacet
  facet normal 0.741024 0 0.671478
    outer loop
      vertex 10.7979 40 10.7979
      vertex 10.6859 36 10.9215
      vertex 10.7979 36 10.7979
    endloop
  endfacet
  facet normal 0.146788 0 -0.989168
    outer loop
      vertex 11.6683 36 13.6673
      vertex 11.8334 40 13.6918
      vertex 11.8334 36 13.6918
    endloop
  endfacet
  facet normal 0.146788 0 -0.989168
    outer loop
      vertex 11.8334 40 13.6918
      vertex 11.6683 36 13.6673
      vertex 11.6683 40 13.6673
    endloop
  endfacet
  facet normal 0.803154 -0 0.595772
    outer loop
      vertex 10.5865 36 11.0555
      vertex 10.6859 40 10.9215
      vertex 10.5865 40 11.0555
    endloop
  endfacet
  facet normal 0.803154 0 0.595772
    outer loop
      vertex 10.6859 40 10.9215
      vertex 10.5865 36 11.0555
      vertex 10.6859 36 10.9215
    endloop
  endfacet
  facet normal 0.989168 -0 0.146788
    outer loop
      vertex 10.3082 36 11.8334
      vertex 10.3327 40 11.6683
      vertex 10.3082 40 11.8334
    endloop
  endfacet
  facet normal 0.989168 0 0.146788
    outer loop
      vertex 10.3327 40 11.6683
      vertex 10.3082 36 11.8334
      vertex 10.3327 36 11.6683
    endloop
  endfacet
  facet normal 0.741024 0 -0.671478
    outer loop
      vertex 10.7979 36 13.2021
      vertex 10.6859 40 13.0785
      vertex 10.7979 40 13.2021
    endloop
  endfacet
  facet normal 0.741024 0 -0.671478
    outer loop
      vertex 10.6859 40 13.0785
      vertex 10.7979 36 13.2021
      vertex 10.6859 36 13.0785
    endloop
  endfacet
  facet normal -0.904043 0 0.427442
    outer loop
      vertex 13.4993 36 11.1986
      vertex 13.5706 40 11.3494
      vertex 13.4993 40 11.1986
    endloop
  endfacet
  facet normal -0.904043 0 0.427442
    outer loop
      vertex 13.5706 40 11.3494
      vertex 13.4993 36 11.1986
      vertex 13.5706 36 11.3494
    endloop
  endfacet
  facet normal -0.0491602 0 0.998791
    outer loop
      vertex 12 40 10.3
      vertex 12.1666 36 10.3082
      vertex 12.1666 40 10.3082
    endloop
  endfacet
  facet normal -0.0491602 0 0.998791
    outer loop
      vertex 12.1666 36 10.3082
      vertex 12 40 10.3
      vertex 12 36 10.3
    endloop
  endfacet
  facet normal -0.941566 0 0.33683
    outer loop
      vertex 13.5706 36 11.3494
      vertex 13.6268 40 11.5065
      vertex 13.5706 40 11.3494
    endloop
  endfacet
  facet normal -0.941566 0 0.33683
    outer loop
      vertex 13.6268 40 11.5065
      vertex 13.5706 36 11.3494
      vertex 13.6268 36 11.5065
    endloop
  endfacet
  facet normal -0.741024 0 -0.671478
    outer loop
      vertex 13.3141 36 13.0785
      vertex 13.2021 40 13.2021
      vertex 13.3141 40 13.0785
    endloop
  endfacet
  facet normal -0.741024 -0 -0.671478
    outer loop
      vertex 13.2021 40 13.2021
      vertex 13.3141 36 13.0785
      vertex 13.2021 36 13.2021
    endloop
  endfacet
  facet normal -0.671478 0 -0.741024
    outer loop
      vertex 13.0785 36 13.3141
      vertex 13.2021 40 13.2021
      vertex 13.2021 36 13.2021
    endloop
  endfacet
  facet normal -0.671478 0 -0.741024
    outer loop
      vertex 13.2021 40 13.2021
      vertex 13.0785 36 13.3141
      vertex 13.0785 40 13.3141
    endloop
  endfacet
  facet normal 0.242818 0 0.970072
    outer loop
      vertex 11.5065 40 10.3732
      vertex 11.6683 36 10.3327
      vertex 11.6683 40 10.3327
    endloop
  endfacet
  facet normal 0.242818 0 0.970072
    outer loop
      vertex 11.6683 36 10.3327
      vertex 11.5065 40 10.3732
      vertex 11.5065 36 10.3732
    endloop
  endfacet
  facet normal -0.595772 0 0.803154
    outer loop
      vertex 12.9445 40 10.5865
      vertex 13.0785 36 10.6859
      vertex 13.0785 40 10.6859
    endloop
  endfacet
  facet normal -0.595772 0 0.803154
    outer loop
      vertex 13.0785 36 10.6859
      vertex 12.9445 40 10.5865
      vertex 12.9445 36 10.5865
    endloop
  endfacet
  facet normal -0.146788 0 -0.989168
    outer loop
      vertex 12.1666 36 13.6918
      vertex 12.3317 40 13.6673
      vertex 12.3317 36 13.6673
    endloop
  endfacet
  facet normal -0.146788 0 -0.989168
    outer loop
      vertex 12.3317 40 13.6673
      vertex 12.1666 36 13.6918
      vertex 12.1666 40 13.6918
    endloop
  endfacet
  facet normal 0.857652 0 -0.514231
    outer loop
      vertex 10.5865 36 12.9445
      vertex 10.5007 40 12.8014
      vertex 10.5865 40 12.9445
    endloop
  endfacet
  facet normal 0.857652 0 -0.514231
    outer loop
      vertex 10.5007 40 12.8014
      vertex 10.5865 36 12.9445
      vertex 10.5007 36 12.8014
    endloop
  endfacet
  facet normal 0.0491602 0 0.998791
    outer loop
      vertex 11.8334 40 10.3082
      vertex 12 36 10.3
      vertex 12 40 10.3
    endloop
  endfacet
  facet normal 0.0491602 0 0.998791
    outer loop
      vertex 12 36 10.3
      vertex 11.8334 40 10.3082
      vertex 11.8334 36 10.3082
    endloop
  endfacet
  facet normal 0.998791 0 -0.0491602
    outer loop
      vertex 10.3082 36 12.1666
      vertex 10.3 40 12
      vertex 10.3082 40 12.1666
    endloop
  endfacet
  facet normal 0.998791 0 -0.0491602
    outer loop
      vertex 10.3 40 12
      vertex 10.3082 36 12.1666
      vertex 10.3 36 12
    endloop
  endfacet
  facet normal -0.242818 0 -0.970072
    outer loop
      vertex 12.3317 36 13.6673
      vertex 12.4935 40 13.6268
      vertex 12.4935 36 13.6268
    endloop
  endfacet
  facet normal -0.242818 0 -0.970072
    outer loop
      vertex 12.4935 40 13.6268
      vertex 12.3317 36 13.6673
      vertex 12.3317 40 13.6673
    endloop
  endfacet
  facet normal 0.904043 0 -0.427442
    outer loop
      vertex 10.5007 36 25.8014
      vertex 10.4294 40 25.6506
      vertex 10.5007 40 25.8014
    endloop
  endfacet
  facet normal 0.904043 0 -0.427442
    outer loop
      vertex 10.4294 40 25.6506
      vertex 10.5007 36 25.8014
      vertex 10.4294 36 25.6506
    endloop
  endfacet
  facet normal 0.595772 0 -0.803154
    outer loop
      vertex 10.9215 36 26.3141
      vertex 11.0555 40 26.4135
      vertex 11.0555 36 26.4135
    endloop
  endfacet
  facet normal 0.595772 0 -0.803154
    outer loop
      vertex 11.0555 40 26.4135
      vertex 10.9215 36 26.3141
      vertex 10.9215 40 26.3141
    endloop
  endfacet
  facet normal -0.989168 0 -0.146788
    outer loop
      vertex 13.6918 36 25.1666
      vertex 13.6673 40 25.3317
      vertex 13.6918 40 25.1666
    endloop
  endfacet
  facet normal -0.989168 -0 -0.146788
    outer loop
      vertex 13.6673 40 25.3317
      vertex 13.6918 36 25.1666
      vertex 13.6673 36 25.3317
    endloop
  endfacet
  facet normal -0.998791 0 -0.0491602
    outer loop
      vertex 13.7 36 25
      vertex 13.6918 40 25.1666
      vertex 13.7 40 25
    endloop
  endfacet
  facet normal -0.998791 -0 -0.0491602
    outer loop
      vertex 13.6918 40 25.1666
      vertex 13.7 36 25
      vertex 13.6918 36 25.1666
    endloop
  endfacet
  facet normal -0.970072 0 -0.242818
    outer loop
      vertex 13.6673 36 25.3317
      vertex 13.6268 40 25.4935
      vertex 13.6673 40 25.3317
    endloop
  endfacet
  facet normal -0.970072 -0 -0.242818
    outer loop
      vertex 13.6268 40 25.4935
      vertex 13.6673 36 25.3317
      vertex 13.6268 36 25.4935
    endloop
  endfacet
  facet normal -0.803154 0 -0.595772
    outer loop
      vertex 13.4135 36 25.9445
      vertex 13.3141 40 26.0785
      vertex 13.4135 40 25.9445
    endloop
  endfacet
  facet normal -0.803154 -0 -0.595772
    outer loop
      vertex 13.3141 40 26.0785
      vertex 13.4135 36 25.9445
      vertex 13.3141 36 26.0785
    endloop
  endfacet
  facet normal 0.242818 0 -0.970072
    outer loop
      vertex 11.5065 36 26.6268
      vertex 11.6683 40 26.6673
      vertex 11.6683 36 26.6673
    endloop
  endfacet
  facet normal 0.242818 0 -0.970072
    outer loop
      vertex 11.6683 40 26.6673
      vertex 11.5065 36 26.6268
      vertex 11.5065 40 26.6268
    endloop
  endfacet
  facet normal 0.803154 0 -0.595772
    outer loop
      vertex 10.6859 36 26.0785
      vertex 10.5865 40 25.9445
      vertex 10.6859 40 26.0785
    endloop
  endfacet
  facet normal 0.803154 0 -0.595772
    outer loop
      vertex 10.5865 40 25.9445
      vertex 10.6859 36 26.0785
      vertex 10.5865 36 25.9445
    endloop
  endfacet
  facet normal 0.427442 0 0.904043
    outer loop
      vertex 11.1986 40 23.5007
      vertex 11.3494 36 23.4294
      vertex 11.3494 40 23.4294
    endloop
  endfacet
  facet normal 0.427442 0 0.904043
    outer loop
      vertex 11.3494 36 23.4294
      vertex 11.1986 40 23.5007
      vertex 11.1986 36 23.5007
    endloop
  endfacet
  facet normal 0.941566 -0 0.33683
    outer loop
      vertex 10.3732 36 24.5065
      vertex 10.4294 40 24.3494
      vertex 10.3732 40 24.5065
    endloop
  endfacet
  facet normal 0.941566 0 0.33683
    outer loop
      vertex 10.4294 40 24.3494
      vertex 10.3732 36 24.5065
      vertex 10.4294 36 24.3494
    endloop
  endfacet
  facet normal -0.671478 0 0.741024
    outer loop
      vertex 13.0785 40 23.6859
      vertex 13.2021 36 23.7979
      vertex 13.2021 40 23.7979
    endloop
  endfacet
  facet normal -0.671478 0 0.741024
    outer loop
      vertex 13.2021 36 23.7979
      vertex 13.0785 40 23.6859
      vertex 13.0785 36 23.6859
    endloop
  endfacet
  facet normal 0.427442 0 -0.904043
    outer loop
      vertex 11.1986 36 26.4993
      vertex 11.3494 40 26.5706
      vertex 11.3494 36 26.5706
    endloop
  endfacet
  facet normal 0.427442 0 -0.904043
    outer loop
      vertex 11.3494 40 26.5706
      vertex 11.1986 36 26.4993
      vertex 11.1986 40 26.4993
    endloop
  endfacet
  facet normal -0.803154 0 0.595772
    outer loop
      vertex 13.3141 36 23.9215
      vertex 13.4135 40 24.0555
      vertex 13.3141 40 23.9215
    endloop
  endfacet
  facet normal -0.803154 0 0.595772
    outer loop
      vertex 13.4135 40 24.0555
      vertex 13.3141 36 23.9215
      vertex 13.4135 36 24.0555
    endloop
  endfacet
  facet normal -0.146788 0 0.989168
    outer loop
      vertex 12.1666 40 23.3082
      vertex 12.3317 36 23.3327
      vertex 12.3317 40 23.3327
    endloop
  endfacet
  facet normal -0.146788 0 0.989168
    outer loop
      vertex 12.3317 36 23.3327
      vertex 12.1666 40 23.3082
      vertex 12.1666 36 23.3082
    endloop
  endfacet
  facet normal -0.242818 0 0.970072
    outer loop
      vertex 12.3317 40 23.3327
      vertex 12.4935 36 23.3732
      vertex 12.4935 40 23.3732
    endloop
  endfacet
  facet normal -0.242818 0 0.970072
    outer loop
      vertex 12.4935 36 23.3732
      vertex 12.3317 40 23.3327
      vertex 12.3317 36 23.3327
    endloop
  endfacet
  facet normal -0.941566 0 -0.33683
    outer loop
      vertex 13.6268 36 25.4935
      vertex 13.5706 40 25.6506
      vertex 13.6268 40 25.4935
    endloop
  endfacet
  facet normal -0.941566 -0 -0.33683
    outer loop
      vertex 13.5706 40 25.6506
      vertex 13.6268 36 25.4935
      vertex 13.5706 36 25.6506
    endloop
  endfacet
  facet normal 0.514231 0 0.857652
    outer loop
      vertex 11.0555 40 23.5865
      vertex 11.1986 36 23.5007
      vertex 11.1986 40 23.5007
    endloop
  endfacet
  facet normal 0.514231 0 0.857652
    outer loop
      vertex 11.1986 36 23.5007
      vertex 11.0555 40 23.5865
      vertex 11.0555 36 23.5865
    endloop
  endfacet
  facet normal 0.970072 0 -0.242818
    outer loop
      vertex 10.3732 36 25.4935
      vertex 10.3327 40 25.3317
      vertex 10.3732 40 25.4935
    endloop
  endfacet
  facet normal 0.970072 0 -0.242818
    outer loop
      vertex 10.3327 40 25.3317
      vertex 10.3732 36 25.4935
      vertex 10.3327 36 25.3317
    endloop
  endfacet
  facet normal -0.595772 0 -0.803154
    outer loop
      vertex 12.9445 36 26.4135
      vertex 13.0785 40 26.3141
      vertex 13.0785 36 26.3141
    endloop
  endfacet
  facet normal -0.595772 0 -0.803154
    outer loop
      vertex 13.0785 40 26.3141
      vertex 12.9445 36 26.4135
      vertex 12.9445 40 26.4135
    endloop
  endfacet
  facet normal 0.941566 0 -0.33683
    outer loop
      vertex 10.4294 36 25.6506
      vertex 10.3732 40 25.4935
      vertex 10.4294 40 25.6506
    endloop
  endfacet
  facet normal 0.941566 0 -0.33683
    outer loop
      vertex 10.3732 40 25.4935
      vertex 10.4294 36 25.6506
      vertex 10.3732 36 25.4935
    endloop
  endfacet
  facet normal 0.33683 0 0.941566
    outer loop
      vertex 11.3494 40 23.4294
      vertex 11.5065 36 23.3732
      vertex 11.5065 40 23.3732
    endloop
  endfacet
  facet normal 0.33683 0 0.941566
    outer loop
      vertex 11.5065 36 23.3732
      vertex 11.3494 40 23.4294
      vertex 11.3494 36 23.4294
    endloop
  endfacet
  facet normal -0.427442 0 -0.904043
    outer loop
      vertex 12.6506 36 26.5706
      vertex 12.8014 40 26.4993
      vertex 12.8014 36 26.4993
    endloop
  endfacet
  facet normal -0.427442 0 -0.904043
    outer loop
      vertex 12.8014 40 26.4993
      vertex 12.6506 36 26.5706
      vertex 12.6506 40 26.5706
    endloop
  endfacet
  facet normal -0.998791 0 0.0491602
    outer loop
      vertex 13.6918 36 24.8334
      vertex 13.7 40 25
      vertex 13.6918 40 24.8334
    endloop
  endfacet
  facet normal -0.998791 0 0.0491602
    outer loop
      vertex 13.7 40 25
      vertex 13.6918 36 24.8334
      vertex 13.7 36 25
    endloop
  endfacet
  facet normal -0.514231 0 0.857652
    outer loop
      vertex 12.8014 40 23.5007
      vertex 12.9445 36 23.5865
      vertex 12.9445 40 23.5865
    endloop
  endfacet
  facet normal -0.514231 0 0.857652
    outer loop
      vertex 12.9445 36 23.5865
      vertex 12.8014 40 23.5007
      vertex 12.8014 36 23.5007
    endloop
  endfacet
  facet normal -0.33683 0 -0.941566
    outer loop
      vertex 12.4935 36 26.6268
      vertex 12.6506 40 26.5706
      vertex 12.6506 36 26.5706
    endloop
  endfacet
  facet normal -0.33683 0 -0.941566
    outer loop
      vertex 12.6506 40 26.5706
      vertex 12.4935 36 26.6268
      vertex 12.4935 40 26.6268
    endloop
  endfacet
  facet normal -0.514231 0 -0.857652
    outer loop
      vertex 12.8014 36 26.4993
      vertex 12.9445 40 26.4135
      vertex 12.9445 36 26.4135
    endloop
  endfacet
  facet normal -0.514231 0 -0.857652
    outer loop
      vertex 12.9445 40 26.4135
      vertex 12.8014 36 26.4993
      vertex 12.8014 40 26.4993
    endloop
  endfacet
  facet normal 0.904043 -0 0.427442
    outer loop
      vertex 10.4294 36 24.3494
      vertex 10.5007 40 24.1986
      vertex 10.4294 40 24.3494
    endloop
  endfacet
  facet normal 0.904043 0 0.427442
    outer loop
      vertex 10.5007 40 24.1986
      vertex 10.4294 36 24.3494
      vertex 10.5007 36 24.1986
    endloop
  endfacet
  facet normal -0.904043 0 -0.427442
    outer loop
      vertex 13.5706 36 25.6506
      vertex 13.4993 40 25.8014
      vertex 13.5706 40 25.6506
    endloop
  endfacet
  facet normal -0.904043 -0 -0.427442
    outer loop
      vertex 13.4993 40 25.8014
      vertex 13.5706 36 25.6506
      vertex 13.4993 36 25.8014
    endloop
  endfacet
  facet normal 0.970072 -0 0.242818
    outer loop
      vertex 10.3327 36 24.6683
      vertex 10.3732 40 24.5065
      vertex 10.3327 40 24.6683
    endloop
  endfacet
  facet normal 0.970072 0 0.242818
    outer loop
      vertex 10.3732 40 24.5065
      vertex 10.3327 36 24.6683
      vertex 10.3732 36 24.5065
    endloop
  endfacet
  facet normal 0.671478 0 0.741024
    outer loop
      vertex 10.7979 40 23.7979
      vertex 10.9215 36 23.6859
      vertex 10.9215 40 23.6859
    endloop
  endfacet
  facet normal 0.671478 0 0.741024
    outer loop
      vertex 10.9215 36 23.6859
      vertex 10.7979 40 23.7979
      vertex 10.7979 36 23.7979
    endloop
  endfacet
  facet normal 0.146788 0 0.989168
    outer loop
      vertex 11.6683 40 23.3327
      vertex 11.8334 36 23.3082
      vertex 11.8334 40 23.3082
    endloop
  endfacet
  facet normal 0.146788 0 0.989168
    outer loop
      vertex 11.8334 36 23.3082
      vertex 11.6683 40 23.3327
      vertex 11.6683 36 23.3327
    endloop
  endfacet
  facet normal -0.741024 0 0.671478
    outer loop
      vertex 13.2021 36 23.7979
      vertex 13.3141 40 23.9215
      vertex 13.2021 40 23.7979
    endloop
  endfacet
  facet normal -0.741024 0 0.671478
    outer loop
      vertex 13.3141 40 23.9215
      vertex 13.2021 36 23.7979
      vertex 13.3141 36 23.9215
    endloop
  endfacet
  facet normal 0.514231 0 -0.857652
    outer loop
      vertex 11.0555 36 26.4135
      vertex 11.1986 40 26.4993
      vertex 11.1986 36 26.4993
    endloop
  endfacet
  facet normal 0.514231 0 -0.857652
    outer loop
      vertex 11.1986 40 26.4993
      vertex 11.0555 36 26.4135
      vertex 11.0555 40 26.4135
    endloop
  endfacet
  facet normal -0.0491602 0 -0.998791
    outer loop
      vertex 12 36 26.7
      vertex 12.1666 40 26.6918
      vertex 12.1666 36 26.6918
    endloop
  endfacet
  facet normal -0.0491602 0 -0.998791
    outer loop
      vertex 12.1666 40 26.6918
      vertex 12 36 26.7
      vertex 12 40 26.7
    endloop
  endfacet
  facet normal 0.671478 0 -0.741024
    outer loop
      vertex 10.7979 36 26.2021
      vertex 10.9215 40 26.3141
      vertex 10.9215 36 26.3141
    endloop
  endfacet
  facet normal 0.671478 0 -0.741024
    outer loop
      vertex 10.9215 40 26.3141
      vertex 10.7979 36 26.2021
      vertex 10.7979 40 26.2021
    endloop
  endfacet
  facet normal 0.857652 -0 0.514231
    outer loop
      vertex 10.5007 36 24.1986
      vertex 10.5865 40 24.0555
      vertex 10.5007 40 24.1986
    endloop
  endfacet
  facet normal 0.857652 0 0.514231
    outer loop
      vertex 10.5865 40 24.0555
      vertex 10.5007 36 24.1986
      vertex 10.5865 36 24.0555
    endloop
  endfacet
  facet normal -0.857652 0 0.514231
    outer loop
      vertex 13.4135 36 24.0555
      vertex 13.4993 40 24.1986
      vertex 13.4135 40 24.0555
    endloop
  endfacet
  facet normal -0.857652 0 0.514231
    outer loop
      vertex 13.4993 40 24.1986
      vertex 13.4135 36 24.0555
      vertex 13.4993 36 24.1986
    endloop
  endfacet
  facet normal 0.989168 0 -0.146788
    outer loop
      vertex 10.3327 36 25.3317
      vertex 10.3082 40 25.1666
      vertex 10.3327 40 25.3317
    endloop
  endfacet
  facet normal 0.989168 0 -0.146788
    outer loop
      vertex 10.3082 40 25.1666
      vertex 10.3327 36 25.3317
      vertex 10.3082 36 25.1666
    endloop
  endfacet
  facet normal 0.0491602 0 -0.998791
    outer loop
      vertex 11.8334 36 26.6918
      vertex 12 40 26.7
      vertex 12 36 26.7
    endloop
  endfacet
  facet normal 0.0491602 0 -0.998791
    outer loop
      vertex 12 40 26.7
      vertex 11.8334 36 26.6918
      vertex 11.8334 40 26.6918
    endloop
  endfacet
  facet normal -0.427442 0 0.904043
    outer loop
      vertex 12.6506 40 23.4294
      vertex 12.8014 36 23.5007
      vertex 12.8014 40 23.5007
    endloop
  endfacet
  facet normal -0.427442 0 0.904043
    outer loop
      vertex 12.8014 36 23.5007
      vertex 12.6506 40 23.4294
      vertex 12.6506 36 23.4294
    endloop
  endfacet
  facet normal -0.989168 0 0.146788
    outer loop
      vertex 13.6673 36 24.6683
      vertex 13.6918 40 24.8334
      vertex 13.6673 40 24.6683
    endloop
  endfacet
  facet normal -0.989168 0 0.146788
    outer loop
      vertex 13.6918 40 24.8334
      vertex 13.6673 36 24.6683
      vertex 13.6918 36 24.8334
    endloop
  endfacet
  facet normal -0.970072 0 0.242818
    outer loop
      vertex 13.6268 36 24.5065
      vertex 13.6673 40 24.6683
      vertex 13.6268 40 24.5065
    endloop
  endfacet
  facet normal -0.970072 0 0.242818
    outer loop
      vertex 13.6673 40 24.6683
      vertex 13.6268 36 24.5065
      vertex 13.6673 36 24.6683
    endloop
  endfacet
  facet normal 0.595772 0 0.803154
    outer loop
      vertex 10.9215 40 23.6859
      vertex 11.0555 36 23.5865
      vertex 11.0555 40 23.5865
    endloop
  endfacet
  facet normal 0.595772 0 0.803154
    outer loop
      vertex 11.0555 36 23.5865
      vertex 10.9215 40 23.6859
      vertex 10.9215 36 23.6859
    endloop
  endfacet
  facet normal -0.857652 0 -0.514231
    outer loop
      vertex 13.4993 36 25.8014
      vertex 13.4135 40 25.9445
      vertex 13.4993 40 25.8014
    endloop
  endfacet
  facet normal -0.857652 -0 -0.514231
    outer loop
      vertex 13.4135 40 25.9445
      vertex 13.4993 36 25.8014
      vertex 13.4135 36 25.9445
    endloop
  endfacet
  facet normal 0.998791 -0 0.0491602
    outer loop
      vertex 10.3 36 25
      vertex 10.3082 40 24.8334
      vertex 10.3 40 25
    endloop
  endfacet
  facet normal 0.998791 0 0.0491602
    outer loop
      vertex 10.3082 40 24.8334
      vertex 10.3 36 25
      vertex 10.3082 36 24.8334
    endloop
  endfacet
  facet normal 0.33683 0 -0.941566
    outer loop
      vertex 11.3494 36 26.5706
      vertex 11.5065 40 26.6268
      vertex 11.5065 36 26.6268
    endloop
  endfacet
  facet normal 0.33683 0 -0.941566
    outer loop
      vertex 11.5065 40 26.6268
      vertex 11.3494 36 26.5706
      vertex 11.3494 40 26.5706
    endloop
  endfacet
  facet normal -0.33683 0 0.941566
    outer loop
      vertex 12.4935 40 23.3732
      vertex 12.6506 36 23.4294
      vertex 12.6506 40 23.4294
    endloop
  endfacet
  facet normal -0.33683 0 0.941566
    outer loop
      vertex 12.6506 36 23.4294
      vertex 12.4935 40 23.3732
      vertex 12.4935 36 23.3732
    endloop
  endfacet
  facet normal 0.741024 -0 0.671478
    outer loop
      vertex 10.6859 36 23.9215
      vertex 10.7979 40 23.7979
      vertex 10.6859 40 23.9215
    endloop
  endfacet
  facet normal 0.741024 0 0.671478
    outer loop
      vertex 10.7979 40 23.7979
      vertex 10.6859 36 23.9215
      vertex 10.7979 36 23.7979
    endloop
  endfacet
  facet normal 0.146788 0 -0.989168
    outer loop
      vertex 11.6683 36 26.6673
      vertex 11.8334 40 26.6918
      vertex 11.8334 36 26.6918
    endloop
  endfacet
  facet normal 0.146788 0 -0.989168
    outer loop
      vertex 11.8334 40 26.6918
      vertex 11.6683 36 26.6673
      vertex 11.6683 40 26.6673
    endloop
  endfacet
  facet normal 0.803154 -0 0.595772
    outer loop
      vertex 10.5865 36 24.0555
      vertex 10.6859 40 23.9215
      vertex 10.5865 40 24.0555
    endloop
  endfacet
  facet normal 0.803154 0 0.595772
    outer loop
      vertex 10.6859 40 23.9215
      vertex 10.5865 36 24.0555
      vertex 10.6859 36 23.9215
    endloop
  endfacet
  facet normal 0.989168 -0 0.146788
    outer loop
      vertex 10.3082 36 24.8334
      vertex 10.3327 40 24.6683
      vertex 10.3082 40 24.8334
    endloop
  endfacet
  facet normal 0.989168 0 0.146788
    outer loop
      vertex 10.3327 40 24.6683
      vertex 10.3082 36 24.8334
      vertex 10.3327 36 24.6683
    endloop
  endfacet
  facet normal 0.741024 0 -0.671478
    outer loop
      vertex 10.7979 36 26.2021
      vertex 10.6859 40 26.0785
      vertex 10.7979 40 26.2021
    endloop
  endfacet
  facet normal 0.741024 0 -0.671478
    outer loop
      vertex 10.6859 40 26.0785
      vertex 10.7979 36 26.2021
      vertex 10.6859 36 26.0785
    endloop
  endfacet
  facet normal -0.904043 0 0.427442
    outer loop
      vertex 13.4993 36 24.1986
      vertex 13.5706 40 24.3494
      vertex 13.4993 40 24.1986
    endloop
  endfacet
  facet normal -0.904043 0 0.427442
    outer loop
      vertex 13.5706 40 24.3494
      vertex 13.4993 36 24.1986
      vertex 13.5706 36 24.3494
    endloop
  endfacet
  facet normal -0.0491602 0 0.998791
    outer loop
      vertex 12 40 23.3
      vertex 12.1666 36 23.3082
      vertex 12.1666 40 23.3082
    endloop
  endfacet
  facet normal -0.0491602 0 0.998791
    outer loop
      vertex 12.1666 36 23.3082
      vertex 12 40 23.3
      vertex 12 36 23.3
    endloop
  endfacet
  facet normal -0.941566 0 0.33683
    outer loop
      vertex 13.5706 36 24.3494
      vertex 13.6268 40 24.5065
      vertex 13.5706 40 24.3494
    endloop
  endfacet
  facet normal -0.941566 0 0.33683
    outer loop
      vertex 13.6268 40 24.5065
      vertex 13.5706 36 24.3494
      vertex 13.6268 36 24.5065
    endloop
  endfacet
  facet normal -0.741024 0 -0.671478
    outer loop
      vertex 13.3141 36 26.0785
      vertex 13.2021 40 26.2021
      vertex 13.3141 40 26.0785
    endloop
  endfacet
  facet normal -0.741024 -0 -0.671478
    outer loop
      vertex 13.2021 40 26.2021
      vertex 13.3141 36 26.0785
      vertex 13.2021 36 26.2021
    endloop
  endfacet
  facet normal -0.671478 0 -0.741024
    outer loop
      vertex 13.0785 36 26.3141
      vertex 13.2021 40 26.2021
      vertex 13.2021 36 26.2021
    endloop
  endfacet
  facet normal -0.671478 0 -0.741024
    outer loop
      vertex 13.2021 40 26.2021
      vertex 13.0785 36 26.3141
      vertex 13.0785 40 26.3141
    endloop
  endfacet
  facet normal 0.242818 0 0.970072
    outer loop
      vertex 11.5065 40 23.3732
      vertex 11.6683 36 23.3327
      vertex 11.6683 40 23.3327
    endloop
  endfacet
  facet normal 0.242818 0 0.970072
    outer loop
      vertex 11.6683 36 23.3327
      vertex 11.5065 40 23.3732
      vertex 11.5065 36 23.3732
    endloop
  endfacet
  facet normal -0.595772 0 0.803154
    outer loop
      vertex 12.9445 40 23.5865
      vertex 13.0785 36 23.6859
      vertex 13.0785 40 23.6859
    endloop
  endfacet
  facet normal -0.595772 0 0.803154
    outer loop
      vertex 13.0785 36 23.6859
      vertex 12.9445 40 23.5865
      vertex 12.9445 36 23.5865
    endloop
  endfacet
  facet normal -0.146788 0 -0.989168
    outer loop
      vertex 12.1666 36 26.6918
      vertex 12.3317 40 26.6673
      vertex 12.3317 36 26.6673
    endloop
  endfacet
  facet normal -0.146788 0 -0.989168
    outer loop
      vertex 12.3317 40 26.6673
      vertex 12.1666 36 26.6918
      vertex 12.1666 40 26.6918
    endloop
  endfacet
  facet normal 0.857652 0 -0.514231
    outer loop
      vertex 10.5865 36 25.9445
      vertex 10.5007 40 25.8014
      vertex 10.5865 40 25.9445
    endloop
  endfacet
  facet normal 0.857652 0 -0.514231
    outer loop
      vertex 10.5007 40 25.8014
      vertex 10.5865 36 25.9445
      vertex 10.5007 36 25.8014
    endloop
  endfacet
  facet normal 0.0491602 0 0.998791
    outer loop
      vertex 11.8334 40 23.3082
      vertex 12 36 23.3
      vertex 12 40 23.3
    endloop
  endfacet
  facet normal 0.0491602 0 0.998791
    outer loop
      vertex 12 36 23.3
      vertex 11.8334 40 23.3082
      vertex 11.8334 36 23.3082
    endloop
  endfacet
  facet normal 0.998791 0 -0.0491602
    outer loop
      vertex 10.3082 36 25.1666
      vertex 10.3 40 25
      vertex 10.3082 40 25.1666
    endloop
  endfacet
  facet normal 0.998791 0 -0.0491602
    outer loop
      vertex 10.3 40 25
      vertex 10.3082 36 25.1666
      vertex 10.3 36 25
    endloop
  endfacet
  facet normal -0.242818 0 -0.970072
    outer loop
      vertex 12.3317 36 26.6673
      vertex 12.4935 40 26.6268
      vertex 12.4935 36 26.6268
    endloop
  endfacet
  facet normal -0.242818 0 -0.970072
    outer loop
      vertex 12.4935 40 26.6268
      vertex 12.3317 36 26.6673
      vertex 12.3317 40 26.6673
    endloop
  endfacet
  facet normal 0.595772 0 -0.803154
    outer loop
      vertex 28.9215 36 13.3141
      vertex 29.0555 40 13.4135
      vertex 29.0555 36 13.4135
    endloop
  endfacet
  facet normal 0.595772 0 -0.803154
    outer loop
      vertex 29.0555 40 13.4135
      vertex 28.9215 36 13.3141
      vertex 28.9215 40 13.3141
    endloop
  endfacet
  facet normal -0.803303 0 -0.59557
    outer loop
      vertex 31.3723 36 13
      vertex 31.3141 40 13.0785
      vertex 31.3723 40 13
    endloop
  endfacet
  facet normal -0.803303 -0 -0.59557
    outer loop
      vertex 31.3141 40 13.0785
      vertex 31.3723 36 13
      vertex 31.3141 36 13.0785
    endloop
  endfacet
  facet normal 0.242818 0 -0.970072
    outer loop
      vertex 29.5065 36 13.6268
      vertex 29.6683 40 13.6673
      vertex 29.6683 36 13.6673
    endloop
  endfacet
  facet normal 0.242818 0 -0.970072
    outer loop
      vertex 29.6683 40 13.6673
      vertex 29.5065 36 13.6268
      vertex 29.5065 40 13.6268
    endloop
  endfacet
  facet normal 0.803303 0 -0.59557
    outer loop
      vertex 28.6859 36 13.0785
      vertex 28.6277 40 13
      vertex 28.6859 40 13.0785
    endloop
  endfacet
  facet normal 0.803303 0 -0.59557
    outer loop
      vertex 28.6277 40 13
      vertex 28.6859 36 13.0785
      vertex 28.6277 36 13
    endloop
  endfacet
  facet normal 0.427442 0 -0.904043
    outer loop
      vertex 29.1986 36 13.4993
      vertex 29.3494 40 13.5706
      vertex 29.3494 36 13.5706
    endloop
  endfacet
  facet normal 0.427442 0 -0.904043
    outer loop
      vertex 29.3494 40 13.5706
      vertex 29.1986 36 13.4993
      vertex 29.1986 40 13.4993
    endloop
  endfacet
  facet normal -0.595772 0 -0.803154
    outer loop
      vertex 30.9445 36 13.4135
      vertex 31.0785 40 13.3141
      vertex 31.0785 36 13.3141
    endloop
  endfacet
  facet normal -0.595772 0 -0.803154
    outer loop
      vertex 31.0785 40 13.3141
      vertex 30.9445 36 13.4135
      vertex 30.9445 40 13.4135
    endloop
  endfacet
  facet normal -0.427442 0 -0.904043
    outer loop
      vertex 30.6506 36 13.5706
      vertex 30.8014 40 13.4993
      vertex 30.8014 36 13.4993
    endloop
  endfacet
  facet normal -0.427442 0 -0.904043
    outer loop
      vertex 30.8014 40 13.4993
      vertex 30.6506 36 13.5706
      vertex 30.6506 40 13.5706
    endloop
  endfacet
  facet normal -0.33683 0 -0.941566
    outer loop
      vertex 30.4935 36 13.6268
      vertex 30.6506 40 13.5706
      vertex 30.6506 36 13.5706
    endloop
  endfacet
  facet normal -0.33683 0 -0.941566
    outer loop
      vertex 30.6506 40 13.5706
      vertex 30.4935 36 13.6268
      vertex 30.4935 40 13.6268
    endloop
  endfacet
  facet normal -0.514231 0 -0.857652
    outer loop
      vertex 30.8014 36 13.4993
      vertex 30.9445 40 13.4135
      vertex 30.9445 36 13.4135
    endloop
  endfacet
  facet normal -0.514231 0 -0.857652
    outer loop
      vertex 30.9445 40 13.4135
      vertex 30.8014 36 13.4993
      vertex 30.8014 40 13.4993
    endloop
  endfacet
  facet normal 0.514231 0 -0.857652
    outer loop
      vertex 29.0555 36 13.4135
      vertex 29.1986 40 13.4993
      vertex 29.1986 36 13.4993
    endloop
  endfacet
  facet normal 0.514231 0 -0.857652
    outer loop
      vertex 29.1986 40 13.4993
      vertex 29.0555 36 13.4135
      vertex 29.0555 40 13.4135
    endloop
  endfacet
  facet normal -0.0491602 0 -0.998791
    outer loop
      vertex 30 36 13.7
      vertex 30.1666 40 13.6918
      vertex 30.1666 36 13.6918
    endloop
  endfacet
  facet normal -0.0491602 0 -0.998791
    outer loop
      vertex 30.1666 40 13.6918
      vertex 30 36 13.7
      vertex 30 40 13.7
    endloop
  endfacet
  facet normal 0.671478 0 -0.741024
    outer loop
      vertex 28.7979 36 13.2021
      vertex 28.9215 40 13.3141
      vertex 28.9215 36 13.3141
    endloop
  endfacet
  facet normal 0.671478 0 -0.741024
    outer loop
      vertex 28.9215 40 13.3141
      vertex 28.7979 36 13.2021
      vertex 28.7979 40 13.2021
    endloop
  endfacet
  facet normal 0.0491602 0 -0.998791
    outer loop
      vertex 29.8334 36 13.6918
      vertex 30 40 13.7
      vertex 30 36 13.7
    endloop
  endfacet
  facet normal 0.0491602 0 -0.998791
    outer loop
      vertex 30 40 13.7
      vertex 29.8334 36 13.6918
      vertex 29.8334 40 13.6918
    endloop
  endfacet
  facet normal 0.33683 0 -0.941566
    outer loop
      vertex 29.3494 36 13.5706
      vertex 29.5065 40 13.6268
      vertex 29.5065 36 13.6268
    endloop
  endfacet
  facet normal 0.33683 0 -0.941566
    outer loop
      vertex 29.5065 40 13.6268
      vertex 29.3494 36 13.5706
      vertex 29.3494 40 13.5706
    endloop
  endfacet
  facet normal 0.146788 0 -0.989168
    outer loop
      vertex 29.6683 36 13.6673
      vertex 29.8334 40 13.6918
      vertex 29.8334 36 13.6918
    endloop
  endfacet
  facet normal 0.146788 0 -0.989168
    outer loop
      vertex 29.8334 40 13.6918
      vertex 29.6683 36 13.6673
      vertex 29.6683 40 13.6673
    endloop
  endfacet
  facet normal 0.741024 0 -0.671478
    outer loop
      vertex 28.7979 36 13.2021
      vertex 28.6859 40 13.0785
      vertex 28.7979 40 13.2021
    endloop
  endfacet
  facet normal 0.741024 0 -0.671478
    outer loop
      vertex 28.6859 40 13.0785
      vertex 28.7979 36 13.2021
      vertex 28.6859 36 13.0785
    endloop
  endfacet
  facet normal -0.741024 0 -0.671478
    outer loop
      vertex 31.3141 36 13.0785
      vertex 31.2021 40 13.2021
      vertex 31.3141 40 13.0785
    endloop
  endfacet
  facet normal -0.741024 -0 -0.671478
    outer loop
      vertex 31.2021 40 13.2021
      vertex 31.3141 36 13.0785
      vertex 31.2021 36 13.2021
    endloop
  endfacet
  facet normal -0.671478 0 -0.741024
    outer loop
      vertex 31.0785 36 13.3141
      vertex 31.2021 40 13.2021
      vertex 31.2021 36 13.2021
    endloop
  endfacet
  facet normal -0.671478 0 -0.741024
    outer loop
      vertex 31.2021 40 13.2021
      vertex 31.0785 36 13.3141
      vertex 31.0785 40 13.3141
    endloop
  endfacet
  facet normal -0.146788 0 -0.989168
    outer loop
      vertex 30.1666 36 13.6918
      vertex 30.3317 40 13.6673
      vertex 30.3317 36 13.6673
    endloop
  endfacet
  facet normal -0.146788 0 -0.989168
    outer loop
      vertex 30.3317 40 13.6673
      vertex 30.1666 36 13.6918
      vertex 30.1666 40 13.6918
    endloop
  endfacet
  facet normal -0.242818 0 -0.970072
    outer loop
      vertex 30.3317 36 13.6673
      vertex 30.4935 40 13.6268
      vertex 30.4935 36 13.6268
    endloop
  endfacet
  facet normal -0.242818 0 -0.970072
    outer loop
      vertex 30.4935 40 13.6268
      vertex 30.3317 36 13.6673
      vertex 30.3317 40 13.6673
    endloop
  endfacet
  facet normal 0.904043 0 -0.427442
    outer loop
      vertex 28.5007 36 25.8014
      vertex 28.4294 40 25.6506
      vertex 28.5007 40 25.8014
    endloop
  endfacet
  facet normal 0.904043 0 -0.427442
    outer loop
      vertex 28.4294 40 25.6506
      vertex 28.5007 36 25.8014
      vertex 28.4294 36 25.6506
    endloop
  endfacet
  facet normal 0.595772 0 -0.803154
    outer loop
      vertex 28.9215 36 26.3141
      vertex 29.0555 40 26.4135
      vertex 29.0555 36 26.4135
    endloop
  endfacet
  facet normal 0.595772 0 -0.803154
    outer loop
      vertex 29.0555 40 26.4135
      vertex 28.9215 36 26.3141
      vertex 28.9215 40 26.3141
    endloop
  endfacet
  facet normal -0.989168 0 -0.146788
    outer loop
      vertex 31.6918 36 25.1666
      vertex 31.6673 40 25.3317
      vertex 31.6918 40 25.1666
    endloop
  endfacet
  facet normal -0.989168 -0 -0.146788
    outer loop
      vertex 31.6673 40 25.3317
      vertex 31.6918 36 25.1666
      vertex 31.6673 36 25.3317
    endloop
  endfacet
  facet normal -0.998791 0 -0.0491602
    outer loop
      vertex 31.7 36 25
      vertex 31.6918 40 25.1666
      vertex 31.7 40 25
    endloop
  endfacet
  facet normal -0.998791 -0 -0.0491602
    outer loop
      vertex 31.6918 40 25.1666
      vertex 31.7 36 25
      vertex 31.6918 36 25.1666
    endloop
  endfacet
  facet normal -0.970072 0 -0.242818
    outer loop
      vertex 31.6673 36 25.3317
      vertex 31.6268 40 25.4935
      vertex 31.6673 40 25.3317
    endloop
  endfacet
  facet normal -0.970072 -0 -0.242818
    outer loop
      vertex 31.6268 40 25.4935
      vertex 31.6673 36 25.3317
      vertex 31.6268 36 25.4935
    endloop
  endfacet
  facet normal -0.803154 0 -0.595772
    outer loop
      vertex 31.4135 36 25.9445
      vertex 31.3141 40 26.0785
      vertex 31.4135 40 25.9445
    endloop
  endfacet
  facet normal -0.803154 -0 -0.595772
    outer loop
      vertex 31.3141 40 26.0785
      vertex 31.4135 36 25.9445
      vertex 31.3141 36 26.0785
    endloop
  endfacet
  facet normal 0.242818 0 -0.970072
    outer loop
      vertex 29.5065 36 26.6268
      vertex 29.6683 40 26.6673
      vertex 29.6683 36 26.6673
    endloop
  endfacet
  facet normal 0.242818 0 -0.970072
    outer loop
      vertex 29.6683 40 26.6673
      vertex 29.5065 36 26.6268
      vertex 29.5065 40 26.6268
    endloop
  endfacet
  facet normal 0.803154 0 -0.595772
    outer loop
      vertex 28.6859 36 26.0785
      vertex 28.5865 40 25.9445
      vertex 28.6859 40 26.0785
    endloop
  endfacet
  facet normal 0.803154 0 -0.595772
    outer loop
      vertex 28.5865 40 25.9445
      vertex 28.6859 36 26.0785
      vertex 28.5865 36 25.9445
    endloop
  endfacet
  facet normal 0.427442 0 0.904043
    outer loop
      vertex 29.1986 40 23.5007
      vertex 29.3494 36 23.4294
      vertex 29.3494 40 23.4294
    endloop
  endfacet
  facet normal 0.427442 0 0.904043
    outer loop
      vertex 29.3494 36 23.4294
      vertex 29.1986 40 23.5007
      vertex 29.1986 36 23.5007
    endloop
  endfacet
  facet normal 0.941566 -0 0.33683
    outer loop
      vertex 28.3732 36 24.5065
      vertex 28.4294 40 24.3494
      vertex 28.3732 40 24.5065
    endloop
  endfacet
  facet normal 0.941566 0 0.33683
    outer loop
      vertex 28.4294 40 24.3494
      vertex 28.3732 36 24.5065
      vertex 28.4294 36 24.3494
    endloop
  endfacet
  facet normal -0.671478 0 0.741024
    outer loop
      vertex 31.0785 40 23.6859
      vertex 31.2021 36 23.7979
      vertex 31.2021 40 23.7979
    endloop
  endfacet
  facet normal -0.671478 0 0.741024
    outer loop
      vertex 31.2021 36 23.7979
      vertex 31.0785 40 23.6859
      vertex 31.0785 36 23.6859
    endloop
  endfacet
  facet normal 0.427442 0 -0.904043
    outer loop
      vertex 29.1986 36 26.4993
      vertex 29.3494 40 26.5706
      vertex 29.3494 36 26.5706
    endloop
  endfacet
  facet normal 0.427442 0 -0.904043
    outer loop
      vertex 29.3494 40 26.5706
      vertex 29.1986 36 26.4993
      vertex 29.1986 40 26.4993
    endloop
  endfacet
  facet normal -0.803154 0 0.595772
    outer loop
      vertex 31.3141 36 23.9215
      vertex 31.4135 40 24.0555
      vertex 31.3141 40 23.9215
    endloop
  endfacet
  facet normal -0.803154 0 0.595772
    outer loop
      vertex 31.4135 40 24.0555
      vertex 31.3141 36 23.9215
      vertex 31.4135 36 24.0555
    endloop
  endfacet
  facet normal -0.146788 0 0.989168
    outer loop
      vertex 30.1666 40 23.3082
      vertex 30.3317 36 23.3327
      vertex 30.3317 40 23.3327
    endloop
  endfacet
  facet normal -0.146788 0 0.989168
    outer loop
      vertex 30.3317 36 23.3327
      vertex 30.1666 40 23.3082
      vertex 30.1666 36 23.3082
    endloop
  endfacet
  facet normal -0.242818 0 0.970072
    outer loop
      vertex 30.3317 40 23.3327
      vertex 30.4935 36 23.3732
      vertex 30.4935 40 23.3732
    endloop
  endfacet
  facet normal -0.242818 0 0.970072
    outer loop
      vertex 30.4935 36 23.3732
      vertex 30.3317 40 23.3327
      vertex 30.3317 36 23.3327
    endloop
  endfacet
  facet normal -0.941566 0 -0.33683
    outer loop
      vertex 31.6268 36 25.4935
      vertex 31.5706 40 25.6506
      vertex 31.6268 40 25.4935
    endloop
  endfacet
  facet normal -0.941566 -0 -0.33683
    outer loop
      vertex 31.5706 40 25.6506
      vertex 31.6268 36 25.4935
      vertex 31.5706 36 25.6506
    endloop
  endfacet
  facet normal 0.514231 0 0.857652
    outer loop
      vertex 29.0555 40 23.5865
      vertex 29.1986 36 23.5007
      vertex 29.1986 40 23.5007
    endloop
  endfacet
  facet normal 0.514231 0 0.857652
    outer loop
      vertex 29.1986 36 23.5007
      vertex 29.0555 40 23.5865
      vertex 29.0555 36 23.5865
    endloop
  endfacet
  facet normal 0.970072 0 -0.242818
    outer loop
      vertex 28.3732 36 25.4935
      vertex 28.3327 40 25.3317
      vertex 28.3732 40 25.4935
    endloop
  endfacet
  facet normal 0.970072 0 -0.242818
    outer loop
      vertex 28.3327 40 25.3317
      vertex 28.3732 36 25.4935
      vertex 28.3327 36 25.3317
    endloop
  endfacet
  facet normal -0.595772 0 -0.803154
    outer loop
      vertex 30.9445 36 26.4135
      vertex 31.0785 40 26.3141
      vertex 31.0785 36 26.3141
    endloop
  endfacet
  facet normal -0.595772 0 -0.803154
    outer loop
      vertex 31.0785 40 26.3141
      vertex 30.9445 36 26.4135
      vertex 30.9445 40 26.4135
    endloop
  endfacet
  facet normal 0.941566 0 -0.33683
    outer loop
      vertex 28.4294 36 25.6506
      vertex 28.3732 40 25.4935
      vertex 28.4294 40 25.6506
    endloop
  endfacet
  facet normal 0.941566 0 -0.33683
    outer loop
      vertex 28.3732 40 25.4935
      vertex 28.4294 36 25.6506
      vertex 28.3732 36 25.4935
    endloop
  endfacet
  facet normal 0.33683 0 0.941566
    outer loop
      vertex 29.3494 40 23.4294
      vertex 29.5065 36 23.3732
      vertex 29.5065 40 23.3732
    endloop
  endfacet
  facet normal 0.33683 0 0.941566
    outer loop
      vertex 29.5065 36 23.3732
      vertex 29.3494 40 23.4294
      vertex 29.3494 36 23.4294
    endloop
  endfacet
  facet normal -0.427442 0 -0.904043
    outer loop
      vertex 30.6506 36 26.5706
      vertex 30.8014 40 26.4993
      vertex 30.8014 36 26.4993
    endloop
  endfacet
  facet normal -0.427442 0 -0.904043
    outer loop
      vertex 30.8014 40 26.4993
      vertex 30.6506 36 26.5706
      vertex 30.6506 40 26.5706
    endloop
  endfacet
  facet normal -0.998791 0 0.0491602
    outer loop
      vertex 31.6918 36 24.8334
      vertex 31.7 40 25
      vertex 31.6918 40 24.8334
    endloop
  endfacet
  facet normal -0.998791 0 0.0491602
    outer loop
      vertex 31.7 40 25
      vertex 31.6918 36 24.8334
      vertex 31.7 36 25
    endloop
  endfacet
  facet normal -0.514231 0 0.857652
    outer loop
      vertex 30.8014 40 23.5007
      vertex 30.9445 36 23.5865
      vertex 30.9445 40 23.5865
    endloop
  endfacet
  facet normal -0.514231 0 0.857652
    outer loop
      vertex 30.9445 36 23.5865
      vertex 30.8014 40 23.5007
      vertex 30.8014 36 23.5007
    endloop
  endfacet
  facet normal -0.33683 0 -0.941566
    outer loop
      vertex 30.4935 36 26.6268
      vertex 30.6506 40 26.5706
      vertex 30.6506 36 26.5706
    endloop
  endfacet
  facet normal -0.33683 0 -0.941566
    outer loop
      vertex 30.6506 40 26.5706
      vertex 30.4935 36 26.6268
      vertex 30.4935 40 26.6268
    endloop
  endfacet
  facet normal -0.514231 0 -0.857652
    outer loop
      vertex 30.8014 36 26.4993
      vertex 30.9445 40 26.4135
      vertex 30.9445 36 26.4135
    endloop
  endfacet
  facet normal -0.514231 0 -0.857652
    outer loop
      vertex 30.9445 40 26.4135
      vertex 30.8014 36 26.4993
      vertex 30.8014 40 26.4993
    endloop
  endfacet
  facet normal 0.904043 -0 0.427442
    outer loop
      vertex 28.4294 36 24.3494
      vertex 28.5007 40 24.1986
      vertex 28.4294 40 24.3494
    endloop
  endfacet
  facet normal 0.904043 0 0.427442
    outer loop
      vertex 28.5007 40 24.1986
      vertex 28.4294 36 24.3494
      vertex 28.5007 36 24.1986
    endloop
  endfacet
  facet normal -0.904043 0 -0.427442
    outer loop
      vertex 31.5706 36 25.6506
      vertex 31.4993 40 25.8014
      vertex 31.5706 40 25.6506
    endloop
  endfacet
  facet normal -0.904043 -0 -0.427442
    outer loop
      vertex 31.4993 40 25.8014
      vertex 31.5706 36 25.6506
      vertex 31.4993 36 25.8014
    endloop
  endfacet
  facet normal 0.970072 -0 0.242818
    outer loop
      vertex 28.3327 36 24.6683
      vertex 28.3732 40 24.5065
      vertex 28.3327 40 24.6683
    endloop
  endfacet
  facet normal 0.970072 0 0.242818
    outer loop
      vertex 28.3732 40 24.5065
      vertex 28.3327 36 24.6683
      vertex 28.3732 36 24.5065
    endloop
  endfacet
  facet normal 0.671478 0 0.741024
    outer loop
      vertex 28.7979 40 23.7979
      vertex 28.9215 36 23.6859
      vertex 28.9215 40 23.6859
    endloop
  endfacet
  facet normal 0.671478 0 0.741024
    outer loop
      vertex 28.9215 36 23.6859
      vertex 28.7979 40 23.7979
      vertex 28.7979 36 23.7979
    endloop
  endfacet
  facet normal 0.146788 0 0.989168
    outer loop
      vertex 29.6683 40 23.3327
      vertex 29.8334 36 23.3082
      vertex 29.8334 40 23.3082
    endloop
  endfacet
  facet normal 0.146788 0 0.989168
    outer loop
      vertex 29.8334 36 23.3082
      vertex 29.6683 40 23.3327
      vertex 29.6683 36 23.3327
    endloop
  endfacet
  facet normal -0.741024 0 0.671478
    outer loop
      vertex 31.2021 36 23.7979
      vertex 31.3141 40 23.9215
      vertex 31.2021 40 23.7979
    endloop
  endfacet
  facet normal -0.741024 0 0.671478
    outer loop
      vertex 31.3141 40 23.9215
      vertex 31.2021 36 23.7979
      vertex 31.3141 36 23.9215
    endloop
  endfacet
  facet normal 0.514231 0 -0.857652
    outer loop
      vertex 29.0555 36 26.4135
      vertex 29.1986 40 26.4993
      vertex 29.1986 36 26.4993
    endloop
  endfacet
  facet normal 0.514231 0 -0.857652
    outer loop
      vertex 29.1986 40 26.4993
      vertex 29.0555 36 26.4135
      vertex 29.0555 40 26.4135
    endloop
  endfacet
  facet normal -0.0491602 0 -0.998791
    outer loop
      vertex 30 36 26.7
      vertex 30.1666 40 26.6918
      vertex 30.1666 36 26.6918
    endloop
  endfacet
  facet normal -0.0491602 0 -0.998791
    outer loop
      vertex 30.1666 40 26.6918
      vertex 30 36 26.7
      vertex 30 40 26.7
    endloop
  endfacet
  facet normal 0.671478 0 -0.741024
    outer loop
      vertex 28.7979 36 26.2021
      vertex 28.9215 40 26.3141
      vertex 28.9215 36 26.3141
    endloop
  endfacet
  facet normal 0.671478 0 -0.741024
    outer loop
      vertex 28.9215 40 26.3141
      vertex 28.7979 36 26.2021
      vertex 28.7979 40 26.2021
    endloop
  endfacet
  facet normal 0.857652 -0 0.514231
    outer loop
      vertex 28.5007 36 24.1986
      vertex 28.5865 40 24.0555
      vertex 28.5007 40 24.1986
    endloop
  endfacet
  facet normal 0.857652 0 0.514231
    outer loop
      vertex 28.5865 40 24.0555
      vertex 28.5007 36 24.1986
      vertex 28.5865 36 24.0555
    endloop
  endfacet
  facet normal -0.857652 0 0.514231
    outer loop
      vertex 31.4135 36 24.0555
      vertex 31.4993 40 24.1986
      vertex 31.4135 40 24.0555
    endloop
  endfacet
  facet normal -0.857652 0 0.514231
    outer loop
      vertex 31.4993 40 24.1986
      vertex 31.4135 36 24.0555
      vertex 31.4993 36 24.1986
    endloop
  endfacet
  facet normal 0.989168 0 -0.146788
    outer loop
      vertex 28.3327 36 25.3317
      vertex 28.3082 40 25.1666
      vertex 28.3327 40 25.3317
    endloop
  endfacet
  facet normal 0.989168 0 -0.146788
    outer loop
      vertex 28.3082 40 25.1666
      vertex 28.3327 36 25.3317
      vertex 28.3082 36 25.1666
    endloop
  endfacet
  facet normal 0.0491602 0 -0.998791
    outer loop
      vertex 29.8334 36 26.6918
      vertex 30 40 26.7
      vertex 30 36 26.7
    endloop
  endfacet
  facet normal 0.0491602 0 -0.998791
    outer loop
      vertex 30 40 26.7
      vertex 29.8334 36 26.6918
      vertex 29.8334 40 26.6918
    endloop
  endfacet
  facet normal -0.427442 0 0.904043
    outer loop
      vertex 30.6506 40 23.4294
      vertex 30.8014 36 23.5007
      vertex 30.8014 40 23.5007
    endloop
  endfacet
  facet normal -0.427442 0 0.904043
    outer loop
      vertex 30.8014 36 23.5007
      vertex 30.6506 40 23.4294
      vertex 30.6506 36 23.4294
    endloop
  endfacet
  facet normal -0.989168 0 0.146788
    outer loop
      vertex 31.6673 36 24.6683
      vertex 31.6918 40 24.8334
      vertex 31.6673 40 24.6683
    endloop
  endfacet
  facet normal -0.989168 0 0.146788
    outer loop
      vertex 31.6918 40 24.8334
      vertex 31.6673 36 24.6683
      vertex 31.6918 36 24.8334
    endloop
  endfacet
  facet normal -0.970072 0 0.242818
    outer loop
      vertex 31.6268 36 24.5065
      vertex 31.6673 40 24.6683
      vertex 31.6268 40 24.5065
    endloop
  endfacet
  facet normal -0.970072 0 0.242818
    outer loop
      vertex 31.6673 40 24.6683
      vertex 31.6268 36 24.5065
      vertex 31.6673 36 24.6683
    endloop
  endfacet
  facet normal 0.595772 0 0.803154
    outer loop
      vertex 28.9215 40 23.6859
      vertex 29.0555 36 23.5865
      vertex 29.0555 40 23.5865
    endloop
  endfacet
  facet normal 0.595772 0 0.803154
    outer loop
      vertex 29.0555 36 23.5865
      vertex 28.9215 40 23.6859
      vertex 28.9215 36 23.6859
    endloop
  endfacet
  facet normal -0.857652 0 -0.514231
    outer loop
      vertex 31.4993 36 25.8014
      vertex 31.4135 40 25.9445
      vertex 31.4993 40 25.8014
    endloop
  endfacet
  facet normal -0.857652 -0 -0.514231
    outer loop
      vertex 31.4135 40 25.9445
      vertex 31.4993 36 25.8014
      vertex 31.4135 36 25.9445
    endloop
  endfacet
  facet normal 0.998791 -0 0.0491602
    outer loop
      vertex 28.3 36 25
      vertex 28.3082 40 24.8334
      vertex 28.3 40 25
    endloop
  endfacet
  facet normal 0.998791 0 0.0491602
    outer loop
      vertex 28.3082 40 24.8334
      vertex 28.3 36 25
      vertex 28.3082 36 24.8334
    endloop
  endfacet
  facet normal 0.33683 0 -0.941566
    outer loop
      vertex 29.3494 36 26.5706
      vertex 29.5065 40 26.6268
      vertex 29.5065 36 26.6268
    endloop
  endfacet
  facet normal 0.33683 0 -0.941566
    outer loop
      vertex 29.5065 40 26.6268
      vertex 29.3494 36 26.5706
      vertex 29.3494 40 26.5706
    endloop
  endfacet
  facet normal -0.33683 0 0.941566
    outer loop
      vertex 30.4935 40 23.3732
      vertex 30.6506 36 23.4294
      vertex 30.6506 40 23.4294
    endloop
  endfacet
  facet normal -0.33683 0 0.941566
    outer loop
      vertex 30.6506 36 23.4294
      vertex 30.4935 40 23.3732
      vertex 30.4935 36 23.3732
    endloop
  endfacet
  facet normal 0.0491602 0 0.998791
    outer loop
      vertex 29.8334 40 23.3082
      vertex 30 36 23.3
      vertex 30 40 23.3
    endloop
  endfacet
  facet normal 0.0491602 0 0.998791
    outer loop
      vertex 30 36 23.3
      vertex 29.8334 40 23.3082
      vertex 29.8334 36 23.3082
    endloop
  endfacet
  facet normal 0.741024 -0 0.671478
    outer loop
      vertex 28.6859 36 23.9215
      vertex 28.7979 40 23.7979
      vertex 28.6859 40 23.9215
    endloop
  endfacet
  facet normal 0.741024 0 0.671478
    outer loop
      vertex 28.7979 40 23.7979
      vertex 28.6859 36 23.9215
      vertex 28.7979 36 23.7979
    endloop
  endfacet
  facet normal 0.146788 0 -0.989168
    outer loop
      vertex 29.6683 36 26.6673
      vertex 29.8334 40 26.6918
      vertex 29.8334 36 26.6918
    endloop
  endfacet
  facet normal 0.146788 0 -0.989168
    outer loop
      vertex 29.8334 40 26.6918
      vertex 29.6683 36 26.6673
      vertex 29.6683 40 26.6673
    endloop
  endfacet
  facet normal 0.803154 -0 0.595772
    outer loop
      vertex 28.5865 36 24.0555
      vertex 28.6859 40 23.9215
      vertex 28.5865 40 24.0555
    endloop
  endfacet
  facet normal 0.803154 0 0.595772
    outer loop
      vertex 28.6859 40 23.9215
      vertex 28.5865 36 24.0555
      vertex 28.6859 36 23.9215
    endloop
  endfacet
  facet normal 0.989168 -0 0.146788
    outer loop
      vertex 28.3082 36 24.8334
      vertex 28.3327 40 24.6683
      vertex 28.3082 40 24.8334
    endloop
  endfacet
  facet normal 0.989168 0 0.146788
    outer loop
      vertex 28.3327 40 24.6683
      vertex 28.3082 36 24.8334
      vertex 28.3327 36 24.6683
    endloop
  endfacet
  facet normal 0.741024 0 -0.671478
    outer loop
      vertex 28.7979 36 26.2021
      vertex 28.6859 40 26.0785
      vertex 28.7979 40 26.2021
    endloop
  endfacet
  facet normal 0.741024 0 -0.671478
    outer loop
      vertex 28.6859 40 26.0785
      vertex 28.7979 36 26.2021
      vertex 28.6859 36 26.0785
    endloop
  endfacet
  facet normal -0.904043 0 0.427442
    outer loop
      vertex 31.4993 36 24.1986
      vertex 31.5706 40 24.3494
      vertex 31.4993 40 24.1986
    endloop
  endfacet
  facet normal -0.904043 0 0.427442
    outer loop
      vertex 31.5706 40 24.3494
      vertex 31.4993 36 24.1986
      vertex 31.5706 36 24.3494
    endloop
  endfacet
  facet normal -0.0491602 0 0.998791
    outer loop
      vertex 30 40 23.3
      vertex 30.1666 36 23.3082
      vertex 30.1666 40 23.3082
    endloop
  endfacet
  facet normal -0.0491602 0 0.998791
    outer loop
      vertex 30.1666 36 23.3082
      vertex 30 40 23.3
      vertex 30 36 23.3
    endloop
  endfacet
  facet normal -0.941566 0 0.33683
    outer loop
      vertex 31.5706 36 24.3494
      vertex 31.6268 40 24.5065
      vertex 31.5706 40 24.3494
    endloop
  endfacet
  facet normal -0.941566 0 0.33683
    outer loop
      vertex 31.6268 40 24.5065
      vertex 31.5706 36 24.3494
      vertex 31.6268 36 24.5065
    endloop
  endfacet
  facet normal -0.741024 0 -0.671478
    outer loop
      vertex 31.3141 36 26.0785
      vertex 31.2021 40 26.2021
      vertex 31.3141 40 26.0785
    endloop
  endfacet
  facet normal -0.741024 -0 -0.671478
    outer loop
      vertex 31.2021 40 26.2021
      vertex 31.3141 36 26.0785
      vertex 31.2021 36 26.2021
    endloop
  endfacet
  facet normal -0.671478 0 -0.741024
    outer loop
      vertex 31.0785 36 26.3141
      vertex 31.2021 40 26.2021
      vertex 31.2021 36 26.2021
    endloop
  endfacet
  facet normal -0.671478 0 -0.741024
    outer loop
      vertex 31.2021 40 26.2021
      vertex 31.0785 36 26.3141
      vertex 31.0785 40 26.3141
    endloop
  endfacet
  facet normal 0.242818 0 0.970072
    outer loop
      vertex 29.5065 40 23.3732
      vertex 29.6683 36 23.3327
      vertex 29.6683 40 23.3327
    endloop
  endfacet
  facet normal 0.242818 0 0.970072
    outer loop
      vertex 29.6683 36 23.3327
      vertex 29.5065 40 23.3732
      vertex 29.5065 36 23.3732
    endloop
  endfacet
  facet normal -0.595772 0 0.803154
    outer loop
      vertex 30.9445 40 23.5865
      vertex 31.0785 36 23.6859
      vertex 31.0785 40 23.6859
    endloop
  endfacet
  facet normal -0.595772 0 0.803154
    outer loop
      vertex 31.0785 36 23.6859
      vertex 30.9445 40 23.5865
      vertex 30.9445 36 23.5865
    endloop
  endfacet
  facet normal -0.146788 0 -0.989168
    outer loop
      vertex 30.1666 36 26.6918
      vertex 30.3317 40 26.6673
      vertex 30.3317 36 26.6673
    endloop
  endfacet
  facet normal -0.146788 0 -0.989168
    outer loop
      vertex 30.3317 40 26.6673
      vertex 30.1666 36 26.6918
      vertex 30.1666 40 26.6918
    endloop
  endfacet
  facet normal 0.857652 0 -0.514231
    outer loop
      vertex 28.5865 36 25.9445
      vertex 28.5007 40 25.8014
      vertex 28.5865 40 25.9445
    endloop
  endfacet
  facet normal 0.857652 0 -0.514231
    outer loop
      vertex 28.5007 40 25.8014
      vertex 28.5865 36 25.9445
      vertex 28.5007 36 25.8014
    endloop
  endfacet
  facet normal 0.998791 0 -0.0491602
    outer loop
      vertex 28.3082 36 25.1666
      vertex 28.3 40 25
      vertex 28.3082 40 25.1666
    endloop
  endfacet
  facet normal 0.998791 0 -0.0491602
    outer loop
      vertex 28.3 40 25
      vertex 28.3082 36 25.1666
      vertex 28.3 36 25
    endloop
  endfacet
  facet normal -0.242818 0 -0.970072
    outer loop
      vertex 30.3317 36 26.6673
      vertex 30.4935 40 26.6268
      vertex 30.4935 36 26.6268
    endloop
  endfacet
  facet normal -0.242818 0 -0.970072
    outer loop
      vertex 30.4935 40 26.6268
      vertex 30.3317 36 26.6673
      vertex 30.3317 40 26.6673
    endloop
  endfacet
  facet normal 0.904043 0 -0.427442
    outer loop
      vertex 46.5007 36 12.8014
      vertex 46.4294 40 12.6506
      vertex 46.5007 40 12.8014
    endloop
  endfacet
  facet normal 0.904043 0 -0.427442
    outer loop
      vertex 46.4294 40 12.6506
      vertex 46.5007 36 12.8014
      vertex 46.4294 36 12.6506
    endloop
  endfacet
  facet normal 0.595772 0 -0.803154
    outer loop
      vertex 46.9215 36 13.3141
      vertex 47.0555 40 13.4135
      vertex 47.0555 36 13.4135
    endloop
  endfacet
  facet normal 0.595772 0 -0.803154
    outer loop
      vertex 47.0555 40 13.4135
      vertex 46.9215 36 13.3141
      vertex 46.9215 40 13.3141
    endloop
  endfacet
  facet normal -0.989168 0 -0.146788
    outer loop
      vertex 49.6918 36 12.1666
      vertex 49.6673 40 12.3317
      vertex 49.6918 40 12.1666
    endloop
  endfacet
  facet normal -0.989168 -0 -0.146788
    outer loop
      vertex 49.6673 40 12.3317
      vertex 49.6918 36 12.1666
      vertex 49.6673 36 12.3317
    endloop
  endfacet
  facet normal -0.998791 0 -0.0491602
    outer loop
      vertex 49.7 36 12
      vertex 49.6918 40 12.1666
      vertex 49.7 40 12
    endloop
  endfacet
  facet normal -0.998791 -0 -0.0491602
    outer loop
      vertex 49.6918 40 12.1666
      vertex 49.7 36 12
      vertex 49.6918 36 12.1666
    endloop
  endfacet
  facet normal -0.970072 0 -0.242818
    outer loop
      vertex 49.6673 36 12.3317
      vertex 49.6268 40 12.4935
      vertex 49.6673 40 12.3317
    endloop
  endfacet
  facet normal -0.970072 -0 -0.242818
    outer loop
      vertex 49.6268 40 12.4935
      vertex 49.6673 36 12.3317
      vertex 49.6268 36 12.4935
    endloop
  endfacet
  facet normal -0.803154 0 -0.595772
    outer loop
      vertex 49.4135 36 12.9445
      vertex 49.3141 40 13.0785
      vertex 49.4135 40 12.9445
    endloop
  endfacet
  facet normal -0.803154 -0 -0.595772
    outer loop
      vertex 49.3141 40 13.0785
      vertex 49.4135 36 12.9445
      vertex 49.3141 36 13.0785
    endloop
  endfacet
  facet normal 0.242818 0 -0.970072
    outer loop
      vertex 47.5065 36 13.6268
      vertex 47.6683 40 13.6673
      vertex 47.6683 36 13.6673
    endloop
  endfacet
  facet normal 0.242818 0 -0.970072
    outer loop
      vertex 47.6683 40 13.6673
      vertex 47.5065 36 13.6268
      vertex 47.5065 40 13.6268
    endloop
  endfacet
  facet normal 0.803154 0 -0.595772
    outer loop
      vertex 46.6859 36 13.0785
      vertex 46.5865 40 12.9445
      vertex 46.6859 40 13.0785
    endloop
  endfacet
  facet normal 0.803154 0 -0.595772
    outer loop
      vertex 46.5865 40 12.9445
      vertex 46.6859 36 13.0785
      vertex 46.5865 36 12.9445
    endloop
  endfacet
  facet normal 0.427442 0 0.904043
    outer loop
      vertex 47.1986 40 10.5007
      vertex 47.3494 36 10.4294
      vertex 47.3494 40 10.4294
    endloop
  endfacet
  facet normal 0.427442 0 0.904043
    outer loop
      vertex 47.3494 36 10.4294
      vertex 47.1986 40 10.5007
      vertex 47.1986 36 10.5007
    endloop
  endfacet
  facet normal 0.941566 -0 0.33683
    outer loop
      vertex 46.3732 36 11.5065
      vertex 46.4294 40 11.3494
      vertex 46.3732 40 11.5065
    endloop
  endfacet
  facet normal 0.941566 0 0.33683
    outer loop
      vertex 46.4294 40 11.3494
      vertex 46.3732 36 11.5065
      vertex 46.4294 36 11.3494
    endloop
  endfacet
  facet normal -0.671478 0 0.741024
    outer loop
      vertex 49.0785 40 10.6859
      vertex 49.2021 36 10.7979
      vertex 49.2021 40 10.7979
    endloop
  endfacet
  facet normal -0.671478 0 0.741024
    outer loop
      vertex 49.2021 36 10.7979
      vertex 49.0785 40 10.6859
      vertex 49.0785 36 10.6859
    endloop
  endfacet
  facet normal 0.427442 0 -0.904043
    outer loop
      vertex 47.1986 36 13.4993
      vertex 47.3494 40 13.5706
      vertex 47.3494 36 13.5706
    endloop
  endfacet
  facet normal 0.427442 0 -0.904043
    outer loop
      vertex 47.3494 40 13.5706
      vertex 47.1986 36 13.4993
      vertex 47.1986 40 13.4993
    endloop
  endfacet
  facet normal -0.803154 0 0.595772
    outer loop
      vertex 49.3141 36 10.9215
      vertex 49.4135 40 11.0555
      vertex 49.3141 40 10.9215
    endloop
  endfacet
  facet normal -0.803154 0 0.595772
    outer loop
      vertex 49.4135 40 11.0555
      vertex 49.3141 36 10.9215
      vertex 49.4135 36 11.0555
    endloop
  endfacet
  facet normal -0.146788 0 0.989168
    outer loop
      vertex 48.1666 40 10.3082
      vertex 48.3317 36 10.3327
      vertex 48.3317 40 10.3327
    endloop
  endfacet
  facet normal -0.146788 0 0.989168
    outer loop
      vertex 48.3317 36 10.3327
      vertex 48.1666 40 10.3082
      vertex 48.1666 36 10.3082
    endloop
  endfacet
  facet normal -0.242818 0 0.970072
    outer loop
      vertex 48.3317 40 10.3327
      vertex 48.4935 36 10.3732
      vertex 48.4935 40 10.3732
    endloop
  endfacet
  facet normal -0.242818 0 0.970072
    outer loop
      vertex 48.4935 36 10.3732
      vertex 48.3317 40 10.3327
      vertex 48.3317 36 10.3327
    endloop
  endfacet
  facet normal -0.941566 0 -0.33683
    outer loop
      vertex 49.6268 36 12.4935
      vertex 49.5706 40 12.6506
      vertex 49.6268 40 12.4935
    endloop
  endfacet
  facet normal -0.941566 -0 -0.33683
    outer loop
      vertex 49.5706 40 12.6506
      vertex 49.6268 36 12.4935
      vertex 49.5706 36 12.6506
    endloop
  endfacet
  facet normal 0.514231 0 0.857652
    outer loop
      vertex 47.0555 40 10.5865
      vertex 47.1986 36 10.5007
      vertex 47.1986 40 10.5007
    endloop
  endfacet
  facet normal 0.514231 0 0.857652
    outer loop
      vertex 47.1986 36 10.5007
      vertex 47.0555 40 10.5865
      vertex 47.0555 36 10.5865
    endloop
  endfacet
  facet normal 0.970072 0 -0.242818
    outer loop
      vertex 46.3732 36 12.4935
      vertex 46.3327 40 12.3317
      vertex 46.3732 40 12.4935
    endloop
  endfacet
  facet normal 0.970072 0 -0.242818
    outer loop
      vertex 46.3327 40 12.3317
      vertex 46.3732 36 12.4935
      vertex 46.3327 36 12.3317
    endloop
  endfacet
  facet normal -0.595772 0 -0.803154
    outer loop
      vertex 48.9445 36 13.4135
      vertex 49.0785 40 13.3141
      vertex 49.0785 36 13.3141
    endloop
  endfacet
  facet normal -0.595772 0 -0.803154
    outer loop
      vertex 49.0785 40 13.3141
      vertex 48.9445 36 13.4135
      vertex 48.9445 40 13.4135
    endloop
  endfacet
  facet normal 0.941566 0 -0.33683
    outer loop
      vertex 46.4294 36 12.6506
      vertex 46.3732 40 12.4935
      vertex 46.4294 40 12.6506
    endloop
  endfacet
  facet normal 0.941566 0 -0.33683
    outer loop
      vertex 46.3732 40 12.4935
      vertex 46.4294 36 12.6506
      vertex 46.3732 36 12.4935
    endloop
  endfacet
  facet normal 0.33683 0 0.941566
    outer loop
      vertex 47.3494 40 10.4294
      vertex 47.5065 36 10.3732
      vertex 47.5065 40 10.3732
    endloop
  endfacet
  facet normal 0.33683 0 0.941566
    outer loop
      vertex 47.5065 36 10.3732
      vertex 47.3494 40 10.4294
      vertex 47.3494 36 10.4294
    endloop
  endfacet
  facet normal -0.427442 0 -0.904043
    outer loop
      vertex 48.6506 36 13.5706
      vertex 48.8014 40 13.4993
      vertex 48.8014 36 13.4993
    endloop
  endfacet
  facet normal -0.427442 0 -0.904043
    outer loop
      vertex 48.8014 40 13.4993
      vertex 48.6506 36 13.5706
      vertex 48.6506 40 13.5706
    endloop
  endfacet
  facet normal -0.998791 0 0.0491602
    outer loop
      vertex 49.6918 36 11.8334
      vertex 49.7 40 12
      vertex 49.6918 40 11.8334
    endloop
  endfacet
  facet normal -0.998791 0 0.0491602
    outer loop
      vertex 49.7 40 12
      vertex 49.6918 36 11.8334
      vertex 49.7 36 12
    endloop
  endfacet
  facet normal -0.514231 0 0.857652
    outer loop
      vertex 48.8014 40 10.5007
      vertex 48.9445 36 10.5865
      vertex 48.9445 40 10.5865
    endloop
  endfacet
  facet normal -0.514231 0 0.857652
    outer loop
      vertex 48.9445 36 10.5865
      vertex 48.8014 40 10.5007
      vertex 48.8014 36 10.5007
    endloop
  endfacet
  facet normal -0.33683 0 -0.941566
    outer loop
      vertex 48.4935 36 13.6268
      vertex 48.6506 40 13.5706
      vertex 48.6506 36 13.5706
    endloop
  endfacet
  facet normal -0.33683 0 -0.941566
    outer loop
      vertex 48.6506 40 13.5706
      vertex 48.4935 36 13.6268
      vertex 48.4935 40 13.6268
    endloop
  endfacet
  facet normal -0.514231 0 -0.857652
    outer loop
      vertex 48.8014 36 13.4993
      vertex 48.9445 40 13.4135
      vertex 48.9445 36 13.4135
    endloop
  endfacet
  facet normal -0.514231 0 -0.857652
    outer loop
      vertex 48.9445 40 13.4135
      vertex 48.8014 36 13.4993
      vertex 48.8014 40 13.4993
    endloop
  endfacet
  facet normal 0.904043 -0 0.427442
    outer loop
      vertex 46.4294 36 11.3494
      vertex 46.5007 40 11.1986
      vertex 46.4294 40 11.3494
    endloop
  endfacet
  facet normal 0.904043 0 0.427442
    outer loop
      vertex 46.5007 40 11.1986
      vertex 46.4294 36 11.3494
      vertex 46.5007 36 11.1986
    endloop
  endfacet
  facet normal -0.904043 0 -0.427442
    outer loop
      vertex 49.5706 36 12.6506
      vertex 49.4993 40 12.8014
      vertex 49.5706 40 12.6506
    endloop
  endfacet
  facet normal -0.904043 -0 -0.427442
    outer loop
      vertex 49.4993 40 12.8014
      vertex 49.5706 36 12.6506
      vertex 49.4993 36 12.8014
    endloop
  endfacet
  facet normal 0.970072 -0 0.242818
    outer loop
      vertex 46.3327 36 11.6683
      vertex 46.3732 40 11.5065
      vertex 46.3327 40 11.6683
    endloop
  endfacet
  facet normal 0.970072 0 0.242818
    outer loop
      vertex 46.3732 40 11.5065
      vertex 46.3327 36 11.6683
      vertex 46.3732 36 11.5065
    endloop
  endfacet
  facet normal 0.671478 0 0.741024
    outer loop
      vertex 46.7979 40 10.7979
      vertex 46.9215 36 10.6859
      vertex 46.9215 40 10.6859
    endloop
  endfacet
  facet normal 0.671478 0 0.741024
    outer loop
      vertex 46.9215 36 10.6859
      vertex 46.7979 40 10.7979
      vertex 46.7979 36 10.7979
    endloop
  endfacet
  facet normal 0.146788 0 0.989168
    outer loop
      vertex 47.6683 40 10.3327
      vertex 47.8334 36 10.3082
      vertex 47.8334 40 10.3082
    endloop
  endfacet
  facet normal 0.146788 0 0.989168
    outer loop
      vertex 47.8334 36 10.3082
      vertex 47.6683 40 10.3327
      vertex 47.6683 36 10.3327
    endloop
  endfacet
  facet normal -0.741024 0 0.671478
    outer loop
      vertex 49.2021 36 10.7979
      vertex 49.3141 40 10.9215
      vertex 49.2021 40 10.7979
    endloop
  endfacet
  facet normal -0.741024 0 0.671478
    outer loop
      vertex 49.3141 40 10.9215
      vertex 49.2021 36 10.7979
      vertex 49.3141 36 10.9215
    endloop
  endfacet
  facet normal 0.514231 0 -0.857652
    outer loop
      vertex 47.0555 36 13.4135
      vertex 47.1986 40 13.4993
      vertex 47.1986 36 13.4993
    endloop
  endfacet
  facet normal 0.514231 0 -0.857652
    outer loop
      vertex 47.1986 40 13.4993
      vertex 47.0555 36 13.4135
      vertex 47.0555 40 13.4135
    endloop
  endfacet
  facet normal -0.0491602 0 -0.998791
    outer loop
      vertex 48 36 13.7
      vertex 48.1666 40 13.6918
      vertex 48.1666 36 13.6918
    endloop
  endfacet
  facet normal -0.0491602 0 -0.998791
    outer loop
      vertex 48.1666 40 13.6918
      vertex 48 36 13.7
      vertex 48 40 13.7
    endloop
  endfacet
  facet normal 0.671478 0 -0.741024
    outer loop
      vertex 46.7979 36 13.2021
      vertex 46.9215 40 13.3141
      vertex 46.9215 36 13.3141
    endloop
  endfacet
  facet normal 0.671478 0 -0.741024
    outer loop
      vertex 46.9215 40 13.3141
      vertex 46.7979 36 13.2021
      vertex 46.7979 40 13.2021
    endloop
  endfacet
  facet normal 0.857652 -0 0.514231
    outer loop
      vertex 46.5007 36 11.1986
      vertex 46.5865 40 11.0555
      vertex 46.5007 40 11.1986
    endloop
  endfacet
  facet normal 0.857652 0 0.514231
    outer loop
      vertex 46.5865 40 11.0555
      vertex 46.5007 36 11.1986
      vertex 46.5865 36 11.0555
    endloop
  endfacet
  facet normal -0.857652 0 0.514231
    outer loop
      vertex 49.4135 36 11.0555
      vertex 49.4993 40 11.1986
      vertex 49.4135 40 11.0555
    endloop
  endfacet
  facet normal -0.857652 0 0.514231
    outer loop
      vertex 49.4993 40 11.1986
      vertex 49.4135 36 11.0555
      vertex 49.4993 36 11.1986
    endloop
  endfacet
  facet normal 0.989168 0 -0.146788
    outer loop
      vertex 46.3327 36 12.3317
      vertex 46.3082 40 12.1666
      vertex 46.3327 40 12.3317
    endloop
  endfacet
  facet normal 0.989168 0 -0.146788
    outer loop
      vertex 46.3082 40 12.1666
      vertex 46.3327 36 12.3317
      vertex 46.3082 36 12.1666
    endloop
  endfacet
  facet normal 0.0491602 0 -0.998791
    outer loop
      vertex 47.8334 36 13.6918
      vertex 48 40 13.7
      vertex 48 36 13.7
    endloop
  endfacet
  facet normal 0.0491602 0 -0.998791
    outer loop
      vertex 48 40 13.7
      vertex 47.8334 36 13.6918
      vertex 47.8334 40 13.6918
    endloop
  endfacet
  facet normal -0.427442 0 0.904043
    outer loop
      vertex 48.6506 40 10.4294
      vertex 48.8014 36 10.5007
      vertex 48.8014 40 10.5007
    endloop
  endfacet
  facet normal -0.427442 0 0.904043
    outer loop
      vertex 48.8014 36 10.5007
      vertex 48.6506 40 10.4294
      vertex 48.6506 36 10.4294
    endloop
  endfacet
  facet normal -0.989168 0 0.146788
    outer loop
      vertex 49.6673 36 11.6683
      vertex 49.6918 40 11.8334
      vertex 49.6673 40 11.6683
    endloop
  endfacet
  facet normal -0.989168 0 0.146788
    outer loop
      vertex 49.6918 40 11.8334
      vertex 49.6673 36 11.6683
      vertex 49.6918 36 11.8334
    endloop
  endfacet
  facet normal -0.970072 0 0.242818
    outer loop
      vertex 49.6268 36 11.5065
      vertex 49.6673 40 11.6683
      vertex 49.6268 40 11.5065
    endloop
  endfacet
  facet normal -0.970072 0 0.242818
    outer loop
      vertex 49.6673 40 11.6683
      vertex 49.6268 36 11.5065
      vertex 49.6673 36 11.6683
    endloop
  endfacet
  facet normal 0.595772 0 0.803154
    outer loop
      vertex 46.9215 40 10.6859
      vertex 47.0555 36 10.5865
      vertex 47.0555 40 10.5865
    endloop
  endfacet
  facet normal 0.595772 0 0.803154
    outer loop
      vertex 47.0555 36 10.5865
      vertex 46.9215 40 10.6859
      vertex 46.9215 36 10.6859
    endloop
  endfacet
  facet normal -0.857652 0 -0.514231
    outer loop
      vertex 49.4993 36 12.8014
      vertex 49.4135 40 12.9445
      vertex 49.4993 40 12.8014
    endloop
  endfacet
  facet normal -0.857652 -0 -0.514231
    outer loop
      vertex 49.4135 40 12.9445
      vertex 49.4993 36 12.8014
      vertex 49.4135 36 12.9445
    endloop
  endfacet
  facet normal 0.998791 -0 0.0491602
    outer loop
      vertex 46.3 36 12
      vertex 46.3082 40 11.8334
      vertex 46.3 40 12
    endloop
  endfacet
  facet normal 0.998791 0 0.0491602
    outer loop
      vertex 46.3082 40 11.8334
      vertex 46.3 36 12
      vertex 46.3082 36 11.8334
    endloop
  endfacet
  facet normal 0.33683 0 -0.941566
    outer loop
      vertex 47.3494 36 13.5706
      vertex 47.5065 40 13.6268
      vertex 47.5065 36 13.6268
    endloop
  endfacet
  facet normal 0.33683 0 -0.941566
    outer loop
      vertex 47.5065 40 13.6268
      vertex 47.3494 36 13.5706
      vertex 47.3494 40 13.5706
    endloop
  endfacet
  facet normal -0.33683 0 0.941566
    outer loop
      vertex 48.4935 40 10.3732
      vertex 48.6506 36 10.4294
      vertex 48.6506 40 10.4294
    endloop
  endfacet
  facet normal -0.33683 0 0.941566
    outer loop
      vertex 48.6506 36 10.4294
      vertex 48.4935 40 10.3732
      vertex 48.4935 36 10.3732
    endloop
  endfacet
  facet normal 0.741024 -0 0.671478
    outer loop
      vertex 46.6859 36 10.9215
      vertex 46.7979 40 10.7979
      vertex 46.6859 40 10.9215
    endloop
  endfacet
  facet normal 0.741024 0 0.671478
    outer loop
      vertex 46.7979 40 10.7979
      vertex 46.6859 36 10.9215
      vertex 46.7979 36 10.7979
    endloop
  endfacet
  facet normal 0.146788 0 -0.989168
    outer loop
      vertex 47.6683 36 13.6673
      vertex 47.8334 40 13.6918
      vertex 47.8334 36 13.6918
    endloop
  endfacet
  facet normal 0.146788 0 -0.989168
    outer loop
      vertex 47.8334 40 13.6918
      vertex 47.6683 36 13.6673
      vertex 47.6683 40 13.6673
    endloop
  endfacet
  facet normal 0.803154 -0 0.595772
    outer loop
      vertex 46.5865 36 11.0555
      vertex 46.6859 40 10.9215
      vertex 46.5865 40 11.0555
    endloop
  endfacet
  facet normal 0.803154 0 0.595772
    outer loop
      vertex 46.6859 40 10.9215
      vertex 46.5865 36 11.0555
      vertex 46.6859 36 10.9215
    endloop
  endfacet
  facet normal 0.989168 -0 0.146788
    outer loop
      vertex 46.3082 36 11.8334
      vertex 46.3327 40 11.6683
      vertex 46.3082 40 11.8334
    endloop
  endfacet
  facet normal 0.989168 0 0.146788
    outer loop
      vertex 46.3327 40 11.6683
      vertex 46.3082 36 11.8334
      vertex 46.3327 36 11.6683
    endloop
  endfacet
  facet normal 0.741024 0 -0.671478
    outer loop
      vertex 46.7979 36 13.2021
      vertex 46.6859 40 13.0785
      vertex 46.7979 40 13.2021
    endloop
  endfacet
  facet normal 0.741024 0 -0.671478
    outer loop
      vertex 46.6859 40 13.0785
      vertex 46.7979 36 13.2021
      vertex 46.6859 36 13.0785
    endloop
  endfacet
  facet normal -0.904043 0 0.427442
    outer loop
      vertex 49.4993 36 11.1986
      vertex 49.5706 40 11.3494
      vertex 49.4993 40 11.1986
    endloop
  endfacet
  facet normal -0.904043 0 0.427442
    outer loop
      vertex 49.5706 40 11.3494
      vertex 49.4993 36 11.1986
      vertex 49.5706 36 11.3494
    endloop
  endfacet
  facet normal -0.0491602 0 0.998791
    outer loop
      vertex 48 40 10.3
      vertex 48.1666 36 10.3082
      vertex 48.1666 40 10.3082
    endloop
  endfacet
  facet normal -0.0491602 0 0.998791
    outer loop
      vertex 48.1666 36 10.3082
      vertex 48 40 10.3
      vertex 48 36 10.3
    endloop
  endfacet
  facet normal -0.941566 0 0.33683
    outer loop
      vertex 49.5706 36 11.3494
      vertex 49.6268 40 11.5065
      vertex 49.5706 40 11.3494
    endloop
  endfacet
  facet normal -0.941566 0 0.33683
    outer loop
      vertex 49.6268 40 11.5065
      vertex 49.5706 36 11.3494
      vertex 49.6268 36 11.5065
    endloop
  endfacet
  facet normal -0.741024 0 -0.671478
    outer loop
      vertex 49.3141 36 13.0785
      vertex 49.2021 40 13.2021
      vertex 49.3141 40 13.0785
    endloop
  endfacet
  facet normal -0.741024 -0 -0.671478
    outer loop
      vertex 49.2021 40 13.2021
      vertex 49.3141 36 13.0785
      vertex 49.2021 36 13.2021
    endloop
  endfacet
  facet normal -0.671478 0 -0.741024
    outer loop
      vertex 49.0785 36 13.3141
      vertex 49.2021 40 13.2021
      vertex 49.2021 36 13.2021
    endloop
  endfacet
  facet normal -0.671478 0 -0.741024
    outer loop
      vertex 49.2021 40 13.2021
      vertex 49.0785 36 13.3141
      vertex 49.0785 40 13.3141
    endloop
  endfacet
  facet normal 0.242818 0 0.970072
    outer loop
      vertex 47.5065 40 10.3732
      vertex 47.6683 36 10.3327
      vertex 47.6683 40 10.3327
    endloop
  endfacet
  facet normal 0.242818 0 0.970072
    outer loop
      vertex 47.6683 36 10.3327
      vertex 47.5065 40 10.3732
      vertex 47.5065 36 10.3732
    endloop
  endfacet
  facet normal -0.595772 0 0.803154
    outer loop
      vertex 48.9445 40 10.5865
      vertex 49.0785 36 10.6859
      vertex 49.0785 40 10.6859
    endloop
  endfacet
  facet normal -0.595772 0 0.803154
    outer loop
      vertex 49.0785 36 10.6859
      vertex 48.9445 40 10.5865
      vertex 48.9445 36 10.5865
    endloop
  endfacet
  facet normal -0.146788 0 -0.989168
    outer loop
      vertex 48.1666 36 13.6918
      vertex 48.3317 40 13.6673
      vertex 48.3317 36 13.6673
    endloop
  endfacet
  facet normal -0.146788 0 -0.989168
    outer loop
      vertex 48.3317 40 13.6673
      vertex 48.1666 36 13.6918
      vertex 48.1666 40 13.6918
    endloop
  endfacet
  facet normal 0.857652 0 -0.514231
    outer loop
      vertex 46.5865 36 12.9445
      vertex 46.5007 40 12.8014
      vertex 46.5865 40 12.9445
    endloop
  endfacet
  facet normal 0.857652 0 -0.514231
    outer loop
      vertex 46.5007 40 12.8014
      vertex 46.5865 36 12.9445
      vertex 46.5007 36 12.8014
    endloop
  endfacet
  facet normal 0.0491602 0 0.998791
    outer loop
      vertex 47.8334 40 10.3082
      vertex 48 36 10.3
      vertex 48 40 10.3
    endloop
  endfacet
  facet normal 0.0491602 0 0.998791
    outer loop
      vertex 48 36 10.3
      vertex 47.8334 40 10.3082
      vertex 47.8334 36 10.3082
    endloop
  endfacet
  facet normal 0.998791 0 -0.0491602
    outer loop
      vertex 46.3082 36 12.1666
      vertex 46.3 40 12
      vertex 46.3082 40 12.1666
    endloop
  endfacet
  facet normal 0.998791 0 -0.0491602
    outer loop
      vertex 46.3 40 12
      vertex 46.3082 36 12.1666
      vertex 46.3 36 12
    endloop
  endfacet
  facet normal -0.242818 0 -0.970072
    outer loop
      vertex 48.3317 36 13.6673
      vertex 48.4935 40 13.6268
      vertex 48.4935 36 13.6268
    endloop
  endfacet
  facet normal -0.242818 0 -0.970072
    outer loop
      vertex 48.4935 40 13.6268
      vertex 48.3317 36 13.6673
      vertex 48.3317 40 13.6673
    endloop
  endfacet
  facet normal 0.904043 0 -0.427442
    outer loop
      vertex 46.5007 36 25.8014
      vertex 46.4294 40 25.6506
      vertex 46.5007 40 25.8014
    endloop
  endfacet
  facet normal 0.904043 0 -0.427442
    outer loop
      vertex 46.4294 40 25.6506
      vertex 46.5007 36 25.8014
      vertex 46.4294 36 25.6506
    endloop
  endfacet
  facet normal 0.595772 0 -0.803154
    outer loop
      vertex 46.9215 36 26.3141
      vertex 47.0555 40 26.4135
      vertex 47.0555 36 26.4135
    endloop
  endfacet
  facet normal 0.595772 0 -0.803154
    outer loop
      vertex 47.0555 40 26.4135
      vertex 46.9215 36 26.3141
      vertex 46.9215 40 26.3141
    endloop
  endfacet
  facet normal -0.989168 0 -0.146788
    outer loop
      vertex 49.6918 36 25.1666
      vertex 49.6673 40 25.3317
      vertex 49.6918 40 25.1666
    endloop
  endfacet
  facet normal -0.989168 -0 -0.146788
    outer loop
      vertex 49.6673 40 25.3317
      vertex 49.6918 36 25.1666
      vertex 49.6673 36 25.3317
    endloop
  endfacet
  facet normal -0.998791 0 -0.0491602
    outer loop
      vertex 49.7 36 25
      vertex 49.6918 40 25.1666
      vertex 49.7 40 25
    endloop
  endfacet
  facet normal -0.998791 -0 -0.0491602
    outer loop
      vertex 49.6918 40 25.1666
      vertex 49.7 36 25
      vertex 49.6918 36 25.1666
    endloop
  endfacet
  facet normal -0.970072 0 -0.242818
    outer loop
      vertex 49.6673 36 25.3317
      vertex 49.6268 40 25.4935
      vertex 49.6673 40 25.3317
    endloop
  endfacet
  facet normal -0.970072 -0 -0.242818
    outer loop
      vertex 49.6268 40 25.4935
      vertex 49.6673 36 25.3317
      vertex 49.6268 36 25.4935
    endloop
  endfacet
  facet normal -0.803154 0 -0.595772
    outer loop
      vertex 49.4135 36 25.9445
      vertex 49.3141 40 26.0785
      vertex 49.4135 40 25.9445
    endloop
  endfacet
  facet normal -0.803154 -0 -0.595772
    outer loop
      vertex 49.3141 40 26.0785
      vertex 49.4135 36 25.9445
      vertex 49.3141 36 26.0785
    endloop
  endfacet
  facet normal 0.242818 0 -0.970072
    outer loop
      vertex 47.5065 36 26.6268
      vertex 47.6683 40 26.6673
      vertex 47.6683 36 26.6673
    endloop
  endfacet
  facet normal 0.242818 0 -0.970072
    outer loop
      vertex 47.6683 40 26.6673
      vertex 47.5065 36 26.6268
      vertex 47.5065 40 26.6268
    endloop
  endfacet
  facet normal 0.803154 0 -0.595772
    outer loop
      vertex 46.6859 36 26.0785
      vertex 46.5865 40 25.9445
      vertex 46.6859 40 26.0785
    endloop
  endfacet
  facet normal 0.803154 0 -0.595772
    outer loop
      vertex 46.5865 40 25.9445
      vertex 46.6859 36 26.0785
      vertex 46.5865 36 25.9445
    endloop
  endfacet
  facet normal 0.427442 0 0.904043
    outer loop
      vertex 47.1986 40 23.5007
      vertex 47.3494 36 23.4294
      vertex 47.3494 40 23.4294
    endloop
  endfacet
  facet normal 0.427442 0 0.904043
    outer loop
      vertex 47.3494 36 23.4294
      vertex 47.1986 40 23.5007
      vertex 47.1986 36 23.5007
    endloop
  endfacet
  facet normal 0.941566 -0 0.33683
    outer loop
      vertex 46.3732 36 24.5065
      vertex 46.4294 40 24.3494
      vertex 46.3732 40 24.5065
    endloop
  endfacet
  facet normal 0.941566 0 0.33683
    outer loop
      vertex 46.4294 40 24.3494
      vertex 46.3732 36 24.5065
      vertex 46.4294 36 24.3494
    endloop
  endfacet
  facet normal -0.671478 0 0.741024
    outer loop
      vertex 49.0785 40 23.6859
      vertex 49.2021 36 23.7979
      vertex 49.2021 40 23.7979
    endloop
  endfacet
  facet normal -0.671478 0 0.741024
    outer loop
      vertex 49.2021 36 23.7979
      vertex 49.0785 40 23.6859
      vertex 49.0785 36 23.6859
    endloop
  endfacet
  facet normal 0.427442 0 -0.904043
    outer loop
      vertex 47.1986 36 26.4993
      vertex 47.3494 40 26.5706
      vertex 47.3494 36 26.5706
    endloop
  endfacet
  facet normal 0.427442 0 -0.904043
    outer loop
      vertex 47.3494 40 26.5706
      vertex 47.1986 36 26.4993
      vertex 47.1986 40 26.4993
    endloop
  endfacet
  facet normal -0.803154 0 0.595772
    outer loop
      vertex 49.3141 36 23.9215
      vertex 49.4135 40 24.0555
      vertex 49.3141 40 23.9215
    endloop
  endfacet
  facet normal -0.803154 0 0.595772
    outer loop
      vertex 49.4135 40 24.0555
      vertex 49.3141 36 23.9215
      vertex 49.4135 36 24.0555
    endloop
  endfacet
  facet normal -0.146788 0 0.989168
    outer loop
      vertex 48.1666 40 23.3082
      vertex 48.3317 36 23.3327
      vertex 48.3317 40 23.3327
    endloop
  endfacet
  facet normal -0.146788 0 0.989168
    outer loop
      vertex 48.3317 36 23.3327
      vertex 48.1666 40 23.3082
      vertex 48.1666 36 23.3082
    endloop
  endfacet
  facet normal -0.242818 0 0.970072
    outer loop
      vertex 48.3317 40 23.3327
      vertex 48.4935 36 23.3732
      vertex 48.4935 40 23.3732
    endloop
  endfacet
  facet normal -0.242818 0 0.970072
    outer loop
      vertex 48.4935 36 23.3732
      vertex 48.3317 40 23.3327
      vertex 48.3317 36 23.3327
    endloop
  endfacet
  facet normal -0.941566 0 -0.33683
    outer loop
      vertex 49.6268 36 25.4935
      vertex 49.5706 40 25.6506
      vertex 49.6268 40 25.4935
    endloop
  endfacet
  facet normal -0.941566 -0 -0.33683
    outer loop
      vertex 49.5706 40 25.6506
      vertex 49.6268 36 25.4935
      vertex 49.5706 36 25.6506
    endloop
  endfacet
  facet normal 0.514231 0 0.857652
    outer loop
      vertex 47.0555 40 23.5865
      vertex 47.1986 36 23.5007
      vertex 47.1986 40 23.5007
    endloop
  endfacet
  facet normal 0.514231 0 0.857652
    outer loop
      vertex 47.1986 36 23.5007
      vertex 47.0555 40 23.5865
      vertex 47.0555 36 23.5865
    endloop
  endfacet
  facet normal 0.970072 0 -0.242818
    outer loop
      vertex 46.3732 36 25.4935
      vertex 46.3327 40 25.3317
      vertex 46.3732 40 25.4935
    endloop
  endfacet
  facet normal 0.970072 0 -0.242818
    outer loop
      vertex 46.3327 40 25.3317
      vertex 46.3732 36 25.4935
      vertex 46.3327 36 25.3317
    endloop
  endfacet
  facet normal -0.595772 0 -0.803154
    outer loop
      vertex 48.9445 36 26.4135
      vertex 49.0785 40 26.3141
      vertex 49.0785 36 26.3141
    endloop
  endfacet
  facet normal -0.595772 0 -0.803154
    outer loop
      vertex 49.0785 40 26.3141
      vertex 48.9445 36 26.4135
      vertex 48.9445 40 26.4135
    endloop
  endfacet
  facet normal 0.941566 0 -0.33683
    outer loop
      vertex 46.4294 36 25.6506
      vertex 46.3732 40 25.4935
      vertex 46.4294 40 25.6506
    endloop
  endfacet
  facet normal 0.941566 0 -0.33683
    outer loop
      vertex 46.3732 40 25.4935
      vertex 46.4294 36 25.6506
      vertex 46.3732 36 25.4935
    endloop
  endfacet
  facet normal 0.33683 0 0.941566
    outer loop
      vertex 47.3494 40 23.4294
      vertex 47.5065 36 23.3732
      vertex 47.5065 40 23.3732
    endloop
  endfacet
  facet normal 0.33683 0 0.941566
    outer loop
      vertex 47.5065 36 23.3732
      vertex 47.3494 40 23.4294
      vertex 47.3494 36 23.4294
    endloop
  endfacet
  facet normal -0.427442 0 -0.904043
    outer loop
      vertex 48.6506 36 26.5706
      vertex 48.8014 40 26.4993
      vertex 48.8014 36 26.4993
    endloop
  endfacet
  facet normal -0.427442 0 -0.904043
    outer loop
      vertex 48.8014 40 26.4993
      vertex 48.6506 36 26.5706
      vertex 48.6506 40 26.5706
    endloop
  endfacet
  facet normal -0.998791 0 0.0491602
    outer loop
      vertex 49.6918 36 24.8334
      vertex 49.7 40 25
      vertex 49.6918 40 24.8334
    endloop
  endfacet
  facet normal -0.998791 0 0.0491602
    outer loop
      vertex 49.7 40 25
      vertex 49.6918 36 24.8334
      vertex 49.7 36 25
    endloop
  endfacet
  facet normal -0.514231 0 0.857652
    outer loop
      vertex 48.8014 40 23.5007
      vertex 48.9445 36 23.5865
      vertex 48.9445 40 23.5865
    endloop
  endfacet
  facet normal -0.514231 0 0.857652
    outer loop
      vertex 48.9445 36 23.5865
      vertex 48.8014 40 23.5007
      vertex 48.8014 36 23.5007
    endloop
  endfacet
  facet normal -0.33683 0 -0.941566
    outer loop
      vertex 48.4935 36 26.6268
      vertex 48.6506 40 26.5706
      vertex 48.6506 36 26.5706
    endloop
  endfacet
  facet normal -0.33683 0 -0.941566
    outer loop
      vertex 48.6506 40 26.5706
      vertex 48.4935 36 26.6268
      vertex 48.4935 40 26.6268
    endloop
  endfacet
  facet normal -0.514231 0 -0.857652
    outer loop
      vertex 48.8014 36 26.4993
      vertex 48.9445 40 26.4135
      vertex 48.9445 36 26.4135
    endloop
  endfacet
  facet normal -0.514231 0 -0.857652
    outer loop
      vertex 48.9445 40 26.4135
      vertex 48.8014 36 26.4993
      vertex 48.8014 40 26.4993
    endloop
  endfacet
  facet normal 0.904043 -0 0.427442
    outer loop
      vertex 46.4294 36 24.3494
      vertex 46.5007 40 24.1986
      vertex 46.4294 40 24.3494
    endloop
  endfacet
  facet normal 0.904043 0 0.427442
    outer loop
      vertex 46.5007 40 24.1986
      vertex 46.4294 36 24.3494
      vertex 46.5007 36 24.1986
    endloop
  endfacet
  facet normal -0.904043 0 -0.427442
    outer loop
      vertex 49.5706 36 25.6506
      vertex 49.4993 40 25.8014
      vertex 49.5706 40 25.6506
    endloop
  endfacet
  facet normal -0.904043 -0 -0.427442
    outer loop
      vertex 49.4993 40 25.8014
      vertex 49.5706 36 25.6506
      vertex 49.4993 36 25.8014
    endloop
  endfacet
  facet normal 0.970072 -0 0.242818
    outer loop
      vertex 46.3327 36 24.6683
      vertex 46.3732 40 24.5065
      vertex 46.3327 40 24.6683
    endloop
  endfacet
  facet normal 0.970072 0 0.242818
    outer loop
      vertex 46.3732 40 24.5065
      vertex 46.3327 36 24.6683
      vertex 46.3732 36 24.5065
    endloop
  endfacet
  facet normal 0.671478 0 0.741024
    outer loop
      vertex 46.7979 40 23.7979
      vertex 46.9215 36 23.6859
      vertex 46.9215 40 23.6859
    endloop
  endfacet
  facet normal 0.671478 0 0.741024
    outer loop
      vertex 46.9215 36 23.6859
      vertex 46.7979 40 23.7979
      vertex 46.7979 36 23.7979
    endloop
  endfacet
  facet normal 0.146788 0 0.989168
    outer loop
      vertex 47.6683 40 23.3327
      vertex 47.8334 36 23.3082
      vertex 47.8334 40 23.3082
    endloop
  endfacet
  facet normal 0.146788 0 0.989168
    outer loop
      vertex 47.8334 36 23.3082
      vertex 47.6683 40 23.3327
      vertex 47.6683 36 23.3327
    endloop
  endfacet
  facet normal -0.741024 0 0.671478
    outer loop
      vertex 49.2021 36 23.7979
      vertex 49.3141 40 23.9215
      vertex 49.2021 40 23.7979
    endloop
  endfacet
  facet normal -0.741024 0 0.671478
    outer loop
      vertex 49.3141 40 23.9215
      vertex 49.2021 36 23.7979
      vertex 49.3141 36 23.9215
    endloop
  endfacet
  facet normal 0.514231 0 -0.857652
    outer loop
      vertex 47.0555 36 26.4135
      vertex 47.1986 40 26.4993
      vertex 47.1986 36 26.4993
    endloop
  endfacet
  facet normal 0.514231 0 -0.857652
    outer loop
      vertex 47.1986 40 26.4993
      vertex 47.0555 36 26.4135
      vertex 47.0555 40 26.4135
    endloop
  endfacet
  facet normal -0.0491602 0 -0.998791
    outer loop
      vertex 48 36 26.7
      vertex 48.1666 40 26.6918
      vertex 48.1666 36 26.6918
    endloop
  endfacet
  facet normal -0.0491602 0 -0.998791
    outer loop
      vertex 48.1666 40 26.6918
      vertex 48 36 26.7
      vertex 48 40 26.7
    endloop
  endfacet
  facet normal 0.671478 0 -0.741024
    outer loop
      vertex 46.7979 36 26.2021
      vertex 46.9215 40 26.3141
      vertex 46.9215 36 26.3141
    endloop
  endfacet
  facet normal 0.671478 0 -0.741024
    outer loop
      vertex 46.9215 40 26.3141
      vertex 46.7979 36 26.2021
      vertex 46.7979 40 26.2021
    endloop
  endfacet
  facet normal 0.857652 -0 0.514231
    outer loop
      vertex 46.5007 36 24.1986
      vertex 46.5865 40 24.0555
      vertex 46.5007 40 24.1986
    endloop
  endfacet
  facet normal 0.857652 0 0.514231
    outer loop
      vertex 46.5865 40 24.0555
      vertex 46.5007 36 24.1986
      vertex 46.5865 36 24.0555
    endloop
  endfacet
  facet normal -0.857652 0 0.514231
    outer loop
      vertex 49.4135 36 24.0555
      vertex 49.4993 40 24.1986
      vertex 49.4135 40 24.0555
    endloop
  endfacet
  facet normal -0.857652 0 0.514231
    outer loop
      vertex 49.4993 40 24.1986
      vertex 49.4135 36 24.0555
      vertex 49.4993 36 24.1986
    endloop
  endfacet
  facet normal 0.989168 0 -0.146788
    outer loop
      vertex 46.3327 36 25.3317
      vertex 46.3082 40 25.1666
      vertex 46.3327 40 25.3317
    endloop
  endfacet
  facet normal 0.989168 0 -0.146788
    outer loop
      vertex 46.3082 40 25.1666
      vertex 46.3327 36 25.3317
      vertex 46.3082 36 25.1666
    endloop
  endfacet
  facet normal 0.0491602 0 -0.998791
    outer loop
      vertex 47.8334 36 26.6918
      vertex 48 40 26.7
      vertex 48 36 26.7
    endloop
  endfacet
  facet normal 0.0491602 0 -0.998791
    outer loop
      vertex 48 40 26.7
      vertex 47.8334 36 26.6918
      vertex 47.8334 40 26.6918
    endloop
  endfacet
  facet normal -0.427442 0 0.904043
    outer loop
      vertex 48.6506 40 23.4294
      vertex 48.8014 36 23.5007
      vertex 48.8014 40 23.5007
    endloop
  endfacet
  facet normal -0.427442 0 0.904043
    outer loop
      vertex 48.8014 36 23.5007
      vertex 48.6506 40 23.4294
      vertex 48.6506 36 23.4294
    endloop
  endfacet
  facet normal -0.989168 0 0.146788
    outer loop
      vertex 49.6673 36 24.6683
      vertex 49.6918 40 24.8334
      vertex 49.6673 40 24.6683
    endloop
  endfacet
  facet normal -0.989168 0 0.146788
    outer loop
      vertex 49.6918 40 24.8334
      vertex 49.6673 36 24.6683
      vertex 49.6918 36 24.8334
    endloop
  endfacet
  facet normal -0.970072 0 0.242818
    outer loop
      vertex 49.6268 36 24.5065
      vertex 49.6673 40 24.6683
      vertex 49.6268 40 24.5065
    endloop
  endfacet
  facet normal -0.970072 0 0.242818
    outer loop
      vertex 49.6673 40 24.6683
      vertex 49.6268 36 24.5065
      vertex 49.6673 36 24.6683
    endloop
  endfacet
  facet normal 0.595772 0 0.803154
    outer loop
      vertex 46.9215 40 23.6859
      vertex 47.0555 36 23.5865
      vertex 47.0555 40 23.5865
    endloop
  endfacet
  facet normal 0.595772 0 0.803154
    outer loop
      vertex 47.0555 36 23.5865
      vertex 46.9215 40 23.6859
      vertex 46.9215 36 23.6859
    endloop
  endfacet
  facet normal -0.857652 0 -0.514231
    outer loop
      vertex 49.4993 36 25.8014
      vertex 49.4135 40 25.9445
      vertex 49.4993 40 25.8014
    endloop
  endfacet
  facet normal -0.857652 -0 -0.514231
    outer loop
      vertex 49.4135 40 25.9445
      vertex 49.4993 36 25.8014
      vertex 49.4135 36 25.9445
    endloop
  endfacet
  facet normal 0.998791 -0 0.0491602
    outer loop
      vertex 46.3 36 25
      vertex 46.3082 40 24.8334
      vertex 46.3 40 25
    endloop
  endfacet
  facet normal 0.998791 0 0.0491602
    outer loop
      vertex 46.3082 40 24.8334
      vertex 46.3 36 25
      vertex 46.3082 36 24.8334
    endloop
  endfacet
  facet normal 0.33683 0 -0.941566
    outer loop
      vertex 47.3494 36 26.5706
      vertex 47.5065 40 26.6268
      vertex 47.5065 36 26.6268
    endloop
  endfacet
  facet normal 0.33683 0 -0.941566
    outer loop
      vertex 47.5065 40 26.6268
      vertex 47.3494 36 26.5706
      vertex 47.3494 40 26.5706
    endloop
  endfacet
  facet normal -0.33683 0 0.941566
    outer loop
      vertex 48.4935 40 23.3732
      vertex 48.6506 36 23.4294
      vertex 48.6506 40 23.4294
    endloop
  endfacet
  facet normal -0.33683 0 0.941566
    outer loop
      vertex 48.6506 36 23.4294
      vertex 48.4935 40 23.3732
      vertex 48.4935 36 23.3732
    endloop
  endfacet
  facet normal 0.741024 -0 0.671478
    outer loop
      vertex 46.6859 36 23.9215
      vertex 46.7979 40 23.7979
      vertex 46.6859 40 23.9215
    endloop
  endfacet
  facet normal 0.741024 0 0.671478
    outer loop
      vertex 46.7979 40 23.7979
      vertex 46.6859 36 23.9215
      vertex 46.7979 36 23.7979
    endloop
  endfacet
  facet normal 0.146788 0 -0.989168
    outer loop
      vertex 47.6683 36 26.6673
      vertex 47.8334 40 26.6918
      vertex 47.8334 36 26.6918
    endloop
  endfacet
  facet normal 0.146788 0 -0.989168
    outer loop
      vertex 47.8334 40 26.6918
      vertex 47.6683 36 26.6673
      vertex 47.6683 40 26.6673
    endloop
  endfacet
  facet normal 0.803154 -0 0.595772
    outer loop
      vertex 46.5865 36 24.0555
      vertex 46.6859 40 23.9215
      vertex 46.5865 40 24.0555
    endloop
  endfacet
  facet normal 0.803154 0 0.595772
    outer loop
      vertex 46.6859 40 23.9215
      vertex 46.5865 36 24.0555
      vertex 46.6859 36 23.9215
    endloop
  endfacet
  facet normal 0.989168 -0 0.146788
    outer loop
      vertex 46.3082 36 24.8334
      vertex 46.3327 40 24.6683
      vertex 46.3082 40 24.8334
    endloop
  endfacet
  facet normal 0.989168 0 0.146788
    outer loop
      vertex 46.3327 40 24.6683
      vertex 46.3082 36 24.8334
      vertex 46.3327 36 24.6683
    endloop
  endfacet
  facet normal 0.741024 0 -0.671478
    outer loop
      vertex 46.7979 36 26.2021
      vertex 46.6859 40 26.0785
      vertex 46.7979 40 26.2021
    endloop
  endfacet
  facet normal 0.741024 0 -0.671478
    outer loop
      vertex 46.6859 40 26.0785
      vertex 46.7979 36 26.2021
      vertex 46.6859 36 26.0785
    endloop
  endfacet
  facet normal -0.904043 0 0.427442
    outer loop
      vertex 49.4993 36 24.1986
      vertex 49.5706 40 24.3494
      vertex 49.4993 40 24.1986
    endloop
  endfacet
  facet normal -0.904043 0 0.427442
    outer loop
      vertex 49.5706 40 24.3494
      vertex 49.4993 36 24.1986
      vertex 49.5706 36 24.3494
    endloop
  endfacet
  facet normal -0.0491602 0 0.998791
    outer loop
      vertex 48 40 23.3
      vertex 48.1666 36 23.3082
      vertex 48.1666 40 23.3082
    endloop
  endfacet
  facet normal -0.0491602 0 0.998791
    outer loop
      vertex 48.1666 36 23.3082
      vertex 48 40 23.3
      vertex 48 36 23.3
    endloop
  endfacet
  facet normal -0.941566 0 0.33683
    outer loop
      vertex 49.5706 36 24.3494
      vertex 49.6268 40 24.5065
      vertex 49.5706 40 24.3494
    endloop
  endfacet
  facet normal -0.941566 0 0.33683
    outer loop
      vertex 49.6268 40 24.5065
      vertex 49.5706 36 24.3494
      vertex 49.6268 36 24.5065
    endloop
  endfacet
  facet normal -0.741024 0 -0.671478
    outer loop
      vertex 49.3141 36 26.0785
      vertex 49.2021 40 26.2021
      vertex 49.3141 40 26.0785
    endloop
  endfacet
  facet normal -0.741024 -0 -0.671478
    outer loop
      vertex 49.2021 40 26.2021
      vertex 49.3141 36 26.0785
      vertex 49.2021 36 26.2021
    endloop
  endfacet
  facet normal -0.671478 0 -0.741024
    outer loop
      vertex 49.0785 36 26.3141
      vertex 49.2021 40 26.2021
      vertex 49.2021 36 26.2021
    endloop
  endfacet
  facet normal -0.671478 0 -0.741024
    outer loop
      vertex 49.2021 40 26.2021
      vertex 49.0785 36 26.3141
      vertex 49.0785 40 26.3141
    endloop
  endfacet
  facet normal 0.242818 0 0.970072
    outer loop
      vertex 47.5065 40 23.3732
      vertex 47.6683 36 23.3327
      vertex 47.6683 40 23.3327
    endloop
  endfacet
  facet normal 0.242818 0 0.970072
    outer loop
      vertex 47.6683 36 23.3327
      vertex 47.5065 40 23.3732
      vertex 47.5065 36 23.3732
    endloop
  endfacet
  facet normal -0.595772 0 0.803154
    outer loop
      vertex 48.9445 40 23.5865
      vertex 49.0785 36 23.6859
      vertex 49.0785 40 23.6859
    endloop
  endfacet
  facet normal -0.595772 0 0.803154
    outer loop
      vertex 49.0785 36 23.6859
      vertex 48.9445 40 23.5865
      vertex 48.9445 36 23.5865
    endloop
  endfacet
  facet normal -0.146788 0 -0.989168
    outer loop
      vertex 48.1666 36 26.6918
      vertex 48.3317 40 26.6673
      vertex 48.3317 36 26.6673
    endloop
  endfacet
  facet normal -0.146788 0 -0.989168
    outer loop
      vertex 48.3317 40 26.6673
      vertex 48.1666 36 26.6918
      vertex 48.1666 40 26.6918
    endloop
  endfacet
  facet normal 0.857652 0 -0.514231
    outer loop
      vertex 46.5865 36 25.9445
      vertex 46.5007 40 25.8014
      vertex 46.5865 40 25.9445
    endloop
  endfacet
  facet normal 0.857652 0 -0.514231
    outer loop
      vertex 46.5007 40 25.8014
      vertex 46.5865 36 25.9445
      vertex 46.5007 36 25.8014
    endloop
  endfacet
  facet normal 0.0491602 0 0.998791
    outer loop
      vertex 47.8334 40 23.3082
      vertex 48 36 23.3
      vertex 48 40 23.3
    endloop
  endfacet
  facet normal 0.0491602 0 0.998791
    outer loop
      vertex 48 36 23.3
      vertex 47.8334 40 23.3082
      vertex 47.8334 36 23.3082
    endloop
  endfacet
  facet normal 0.998791 0 -0.0491602
    outer loop
      vertex 46.3082 36 25.1666
      vertex 46.3 40 25
      vertex 46.3082 40 25.1666
    endloop
  endfacet
  facet normal 0.998791 0 -0.0491602
    outer loop
      vertex 46.3 40 25
      vertex 46.3082 36 25.1666
      vertex 46.3 36 25
    endloop
  endfacet
  facet normal -0.242818 0 -0.970072
    outer loop
      vertex 48.3317 36 26.6673
      vertex 48.4935 40 26.6268
      vertex 48.4935 36 26.6268
    endloop
  endfacet
  facet normal -0.242818 0 -0.970072
    outer loop
      vertex 48.4935 40 26.6268
      vertex 48.3317 36 26.6673
      vertex 48.3317 40 26.6673
    endloop
  endfacet
  facet normal 0 0 1
    outer loop
      vertex 60 40 35
      vertex 56 36 35
      vertex 60 36 35
    endloop
  endfacet
  facet normal 0 0 1
    outer loop
      vertex 60 40 35
      vertex 4 36 35
      vertex 56 36 35
    endloop
  endfacet
  facet normal -0 0 1
    outer loop
      vertex 0 40 35
      vertex 4 36 35
      vertex 60 40 35
    endloop
  endfacet
  facet normal 0 0 1
    outer loop
      vertex 4 36 35
      vertex 0 40 35
      vertex 0 36 35
    endloop
  endfacet
  facet normal 0 -1 0
    outer loop
      vertex 36 36 13
      vertex 30.9445 36 23.5865
      vertex 30.8014 36 13.4993
    endloop
  endfacet
  facet normal 0 -1 0
    outer loop
      vertex 46.6859 36 23.9215
      vertex 47.8334 36 13.6918
      vertex 48 36 13.7
    endloop
  endfacet
  facet normal 0 -1 0
    outer loop
      vertex 30.9445 36 23.5865
      vertex 36 36 13
      vertex 31.0785 36 23.6859
    endloop
  endfacet
  facet normal 0 -1 0
    outer loop
      vertex 46.6859 36 23.9215
      vertex 47.6683 36 13.6673
      vertex 47.8334 36 13.6918
    endloop
  endfacet
  facet normal 0 -1 0
    outer loop
      vertex 31.3141 36 23.9215
      vertex 36 36 13
      vertex 46.6859 36 23.9215
    endloop
  endfacet
  facet normal -0 -1 0
    outer loop
      vertex 46.7979 36 13.2021
      vertex 46.6859 36 23.9215
      vertex 36 36 13
    endloop
  endfacet
  facet normal 0 -1 0
    outer loop
      vertex 31.0785 36 23.6859
      vertex 36 36 13
      vertex 31.2021 36 23.7979
    endloop
  endfacet
  facet normal 0 -1 0
    outer loop
      vertex 46.6859 36 23.9215
      vertex 47.5065 36 13.6268
      vertex 47.6683 36 13.6673
    endloop
  endfacet
  facet normal 0 -1 0
    outer loop
      vertex 31.2021 36 23.7979
      vertex 36 36 13
      vertex 31.3141 36 23.9215
    endloop
  endfacet
  facet normal 0 -1 0
    outer loop
      vertex 46.6859 36 23.9215
      vertex 47.3494 36 13.5706
      vertex 47.5065 36 13.6268
    endloop
  endfacet
  facet normal 0 -1 0
    outer loop
      vertex 36 36 13
      vertex 30.8014 36 13.4993
      vertex 30.9445 36 13.4135
    endloop
  endfacet
  facet normal 0 -1 0
    outer loop
      vertex 46.6859 36 23.9215
      vertex 47.1986 36 13.4993
      vertex 47.3494 36 13.5706
    endloop
  endfacet
  facet normal 0 -1 0
    outer loop
      vertex 36 36 13
      vertex 30.9445 36 13.4135
      vertex 31.0785 36 13.3141
    endloop
  endfacet
  facet normal 0 -1 0
    outer loop
      vertex 46.6859 36 23.9215
      vertex 47.0555 36 13.4135
      vertex 47.1986 36 13.4993
    endloop
  endfacet
  facet normal 0 -1 0
    outer loop
      vertex 36 36 13
      vertex 31.0785 36 13.3141
      vertex 31.2021 36 13.2021
    endloop
  endfacet
  facet normal 0 -1 0
    outer loop
      vertex 46.6859 36 23.9215
      vertex 46.9215 36 13.3141
      vertex 47.0555 36 13.4135
    endloop
  endfacet
  facet normal 0 -1 0
    outer loop
      vertex 36 36 13
      vertex 31.2021 36 13.2021
      vertex 31.3141 36 13.0785
    endloop
  endfacet
  facet normal 0 -1 0
    outer loop
      vertex 46.6859 36 23.9215
      vertex 46.7979 36 13.2021
      vertex 46.9215 36 13.3141
    endloop
  endfacet
  facet normal 0 -1 0
    outer loop
      vertex 36 36 13
      vertex 31.3141 36 13.0785
      vertex 31.3723 36 13
    endloop
  endfacet
  facet normal 0 -1 0
    outer loop
      vertex 46.7979 36 13.2021
      vertex 36 36 13
      vertex 46.6859 36 13.0785
    endloop
  endfacet
  facet normal 0 -1 0
    outer loop
      vertex 36 36 13
      vertex 46.5865 36 12.9445
      vertex 46.6859 36 13.0785
    endloop
  endfacet
  facet normal 0 -1 0
    outer loop
      vertex 36 36 13
      vertex 46.5007 36 12.8014
      vertex 46.5865 36 12.9445
    endloop
  endfacet
  facet normal 0 -1 0
    outer loop
      vertex 36 36 13
      vertex 46.4294 36 12.6506
      vertex 46.5007 36 12.8014
    endloop
  endfacet
  facet normal 0 -1 0
    outer loop
      vertex 36 36 13
      vertex 46.3732 36 12.4935
      vertex 46.4294 36 12.6506
    endloop
  endfacet
  facet normal 0 -1 0
    outer loop
      vertex 36 36 13
      vertex 46.3327 36 12.3317
      vertex 46.3732 36 12.4935
    endloop
  endfacet
  facet normal 0 -1 0
    outer loop
      vertex 36 36 13
      vertex 46.3082 36 12.1666
      vertex 46.3327 36 12.3317
    endloop
  endfacet
  facet normal 0 -1 0
    outer loop
      vertex 36 36 13
      vertex 46.3 36 12
      vertex 46.3082 36 12.1666
    endloop
  endfacet
  facet normal 0 -1 0
    outer loop
      vertex 36 36 13
      vertex 46.3082 36 11.8334
      vertex 46.3 36 12
    endloop
  endfacet
  facet normal 0 -1 0
    outer loop
      vertex 36 36 13
      vertex 46.3327 36 11.6683
      vertex 46.3082 36 11.8334
    endloop
  endfacet
  facet normal 0 -1 0
    outer loop
      vertex 36 36 13
      vertex 46.3732 36 11.5065
      vertex 46.3327 36 11.6683
    endloop
  endfacet
  facet normal 0 -1 0
    outer loop
      vertex 36 36 7
      vertex 46.3732 36 11.5065
      vertex 36 36 13
    endloop
  endfacet
  facet normal 0 -1 -0
    outer loop
      vertex 46.3732 36 11.5065
      vertex 36 36 7
      vertex 46.4294 36 11.3494
    endloop
  endfacet
  facet normal 0 -1 -0
    outer loop
      vertex 46.4294 36 11.3494
      vertex 36 36 7
      vertex 46.5007 36 11.1986
    endloop
  endfacet
  facet normal 0 -1 -0
    outer loop
      vertex 46.5007 36 11.1986
      vertex 36 36 7
      vertex 46.5865 36 11.0555
    endloop
  endfacet
  facet normal 0 -1 -0
    outer loop
      vertex 46.5865 36 11.0555
      vertex 36 36 7
      vertex 46.6859 36 10.9215
    endloop
  endfacet
  facet normal 0 -1 -0
    outer loop
      vertex 46.6859 36 10.9215
      vertex 36 36 7
      vertex 46.7979 36 10.7979
    endloop
  endfacet
  facet normal 0 -1 -0
    outer loop
      vertex 46.7979 36 10.7979
      vertex 36 36 7
      vertex 46.9215 36 10.6859
    endloop
  endfacet
  facet normal 0 -1 -0
    outer loop
      vertex 46.9215 36 10.6859
      vertex 36 36 7
      vertex 47.0555 36 10.5865
    endloop
  endfacet
  facet normal 0 -1 -0
    outer loop
      vertex 47.0555 36 10.5865
      vertex 36 36 7
      vertex 47.1986 36 10.5007
    endloop
  endfacet
  facet normal 0 -1 -0
    outer loop
      vertex 47.1986 36 10.5007
      vertex 36 36 7
      vertex 47.3494 36 10.4294
    endloop
  endfacet
  facet normal 0 -1 -0
    outer loop
      vertex 47.3494 36 10.4294
      vertex 36 36 7
      vertex 47.5065 36 10.3732
    endloop
  endfacet
  facet normal 0 -1 0
    outer loop
      vertex 47.6683 36 10.3327
      vertex 56 36 4.01
      vertex 47.8334 36 10.3082
    endloop
  endfacet
  facet normal 0 -1 0
    outer loop
      vertex 56 36 4.01
      vertex 47.6683 36 10.3327
      vertex 36 36 7
    endloop
  endfacet
  facet normal 0 -1 -0
    outer loop
      vertex 47.5065 36 10.3732
      vertex 36 36 7
      vertex 47.6683 36 10.3327
    endloop
  endfacet
  facet normal 0 -1 0
    outer loop
      vertex 12.9445 36 13.4135
      vertex 12.9445 36 23.5865
      vertex 12.8014 36 13.4993
    endloop
  endfacet
  facet normal 0 -1 0
    outer loop
      vertex 28.6859 36 23.9215
      vertex 29.8334 36 13.6918
      vertex 30 36 13.7
    endloop
  endfacet
  facet normal 0 -1 0
    outer loop
      vertex 12.9445 36 23.5865
      vertex 12.9445 36 13.4135
      vertex 13.0785 36 23.6859
    endloop
  endfacet
  facet normal 0 -1 0
    outer loop
      vertex 28.6859 36 23.9215
      vertex 29.6683 36 13.6673
      vertex 29.8334 36 13.6918
    endloop
  endfacet
  facet normal 0 -1 0
    outer loop
      vertex 13.0785 36 13.3141
      vertex 13.0785 36 23.6859
      vertex 12.9445 36 13.4135
    endloop
  endfacet
  facet normal -0 -1 0
    outer loop
      vertex 29.1986 36 13.4993
      vertex 28.6859 36 23.9215
      vertex 24 36 13
    endloop
  endfacet
  facet normal 0 -1 0
    outer loop
      vertex 13.0785 36 23.6859
      vertex 13.0785 36 13.3141
      vertex 13.2021 36 23.7979
    endloop
  endfacet
  facet normal 0 -1 0
    outer loop
      vertex 28.6859 36 23.9215
      vertex 29.5065 36 13.6268
      vertex 29.6683 36 13.6673
    endloop
  endfacet
  facet normal 0 -1 0
    outer loop
      vertex 13.2021 36 13.2021
      vertex 13.2021 36 23.7979
      vertex 13.0785 36 13.3141
    endloop
  endfacet
  facet normal 0 -1 0
    outer loop
      vertex 28.6859 36 23.9215
      vertex 29.3494 36 13.5706
      vertex 29.5065 36 13.6268
    endloop
  endfacet
  facet normal 0 -1 0
    outer loop
      vertex 13.3141 36 23.9215
      vertex 24 36 13
      vertex 28.6859 36 23.9215
    endloop
  endfacet
  facet normal 0 -1 0
    outer loop
      vertex 28.6859 36 23.9215
      vertex 29.1986 36 13.4993
      vertex 29.3494 36 13.5706
    endloop
  endfacet
  facet normal 0 -1 0
    outer loop
      vertex 24 36 13
      vertex 13.2021 36 23.7979
      vertex 13.2021 36 13.2021
    endloop
  endfacet
  facet normal 0 -1 0
    outer loop
      vertex 29.1986 36 13.4993
      vertex 24 36 13
      vertex 29.0555 36 13.4135
    endloop
  endfacet
  facet normal 0 -1 0
    outer loop
      vertex 13.2021 36 23.7979
      vertex 24 36 13
      vertex 13.3141 36 23.9215
    endloop
  endfacet
  facet normal 0 -1 0
    outer loop
      vertex 29.0555 36 13.4135
      vertex 24 36 13
      vertex 28.9215 36 13.3141
    endloop
  endfacet
  facet normal 0 -1 0
    outer loop
      vertex 24 36 13
      vertex 13.2021 36 13.2021
      vertex 13.3141 36 13.0785
    endloop
  endfacet
  facet normal 0 -1 0
    outer loop
      vertex 28.9215 36 13.3141
      vertex 24 36 13
      vertex 28.7979 36 13.2021
    endloop
  endfacet
  facet normal 0 -1 0
    outer loop
      vertex 28.7979 36 13.2021
      vertex 24 36 13
      vertex 28.6859 36 13.0785
    endloop
  endfacet
  facet normal 0 -1 0
    outer loop
      vertex 13.4135 36 12.9445
      vertex 24 36 13
      vertex 13.3141 36 13.0785
    endloop
  endfacet
  facet normal 0 -1 0
    outer loop
      vertex 13.4993 36 12.8014
      vertex 24 36 13
      vertex 13.4135 36 12.9445
    endloop
  endfacet
  facet normal 0 -1 0
    outer loop
      vertex 13.5706 36 12.6506
      vertex 24 36 13
      vertex 13.4993 36 12.8014
    endloop
  endfacet
  facet normal 0 -1 0
    outer loop
      vertex 13.6268 36 12.4935
      vertex 24 36 13
      vertex 13.5706 36 12.6506
    endloop
  endfacet
  facet normal 0 -1 0
    outer loop
      vertex 13.6673 36 12.3317
      vertex 24 36 13
      vertex 13.6268 36 12.4935
    endloop
  endfacet
  facet normal 0 -1 0
    outer loop
      vertex 13.6918 36 12.1666
      vertex 24 36 13
      vertex 13.6673 36 12.3317
    endloop
  endfacet
  facet normal 0 -1 0
    outer loop
      vertex 13.7 36 12
      vertex 24 36 13
      vertex 13.6918 36 12.1666
    endloop
  endfacet
  facet normal 0 -1 0
    outer loop
      vertex 13.6918 36 11.8334
      vertex 24 36 13
      vertex 13.7 36 12
    endloop
  endfacet
  facet normal 0 -1 0
    outer loop
      vertex 13.6673 36 11.6683
      vertex 24 36 13
      vertex 13.6918 36 11.8334
    endloop
  endfacet
  facet normal 0 -1 0
    outer loop
      vertex 13.6268 36 11.5065
      vertex 24 36 13
      vertex 13.6673 36 11.6683
    endloop
  endfacet
  facet normal 0 -1 0
    outer loop
      vertex 24 36 7
      vertex 13.6268 36 11.5065
      vertex 13.5706 36 11.3494
    endloop
  endfacet
  facet normal 0 -1 0
    outer loop
      vertex 24 36 7
      vertex 13.5706 36 11.3494
      vertex 13.4993 36 11.1986
    endloop
  endfacet
  facet normal 0 -1 0
    outer loop
      vertex 24 36 7
      vertex 13.4993 36 11.1986
      vertex 13.4135 36 11.0555
    endloop
  endfacet
  facet normal 0 -1 0
    outer loop
      vertex 24 36 7
      vertex 13.4135 36 11.0555
      vertex 13.3141 36 10.9215
    endloop
  endfacet
  facet normal 0 -1 0
    outer loop
      vertex 24 36 7
      vertex 13.3141 36 10.9215
      vertex 13.2021 36 10.7979
    endloop
  endfacet
  facet normal 0 -1 0
    outer loop
      vertex 24 36 7
      vertex 13.2021 36 10.7979
      vertex 13.0785 36 10.6859
    endloop
  endfacet
  facet normal 0 -1 0
    outer loop
      vertex 24 36 7
      vertex 13.0785 36 10.6859
      vertex 12.9445 36 10.5865
    endloop
  endfacet
  facet normal 0 -1 0
    outer loop
      vertex 24 36 7
      vertex 12.9445 36 10.5865
      vertex 12.8014 36 10.5007
    endloop
  endfacet
  facet normal 0 -1 0
    outer loop
      vertex 24 36 7
      vertex 12.8014 36 10.5007
      vertex 12.6506 36 10.4294
    endloop
  endfacet
  facet normal 0 -1 0
    outer loop
      vertex 24 36 7
      vertex 12.6506 36 10.4294
      vertex 12.4935 36 10.3732
    endloop
  endfacet
  facet normal 0 -1 0
    outer loop
      vertex 24 36 7
      vertex 12.4935 36 10.3732
      vertex 12.3317 36 10.3327
    endloop
  endfacet
  facet normal 0 -1 0
    outer loop
      vertex 13.6268 36 11.5065
      vertex 24 36 7
      vertex 24 36 13
    endloop
  endfacet
  facet normal 0 -1 0
    outer loop
      vertex 4 36 4.01
      vertex 12.3317 36 10.3327
      vertex 12.1666 36 10.3082
    endloop
  endfacet
  facet normal 0 -1 0
    outer loop
      vertex 4 36 4.01
      vertex 12.1666 36 10.3082
      vertex 12 36 10.3
    endloop
  endfacet
  facet normal 0 -1 0
    outer loop
      vertex 30.3317 36 26.6673
      vertex 56 36 35
      vertex 30.1666 36 26.6918
    endloop
  endfacet
  facet normal 0 -1 0
    outer loop
      vertex 56 36 35
      vertex 47.8334 36 26.6918
      vertex 48 36 26.7
    endloop
  endfacet
  facet normal 0 -1 0
    outer loop
      vertex 30.4935 36 26.6268
      vertex 56 36 35
      vertex 30.3317 36 26.6673
    endloop
  endfacet
  facet normal 0 -1 0
    outer loop
      vertex 56 36 35
      vertex 47.6683 36 26.6673
      vertex 47.8334 36 26.6918
    endloop
  endfacet
  facet normal 0 -1 0
    outer loop
      vertex 30.6506 36 26.5706
      vertex 56 36 35
      vertex 30.4935 36 26.6268
    endloop
  endfacet
  facet normal 0 -1 0
    outer loop
      vertex 56 36 35
      vertex 47.5065 36 26.6268
      vertex 47.6683 36 26.6673
    endloop
  endfacet
  facet normal 0 -1 0
    outer loop
      vertex 47.3494 36 26.5706
      vertex 56 36 35
      vertex 30.6506 36 26.5706
    endloop
  endfacet
  facet normal 0 -1 0
    outer loop
      vertex 56 36 35
      vertex 47.3494 36 26.5706
      vertex 47.5065 36 26.6268
    endloop
  endfacet
  facet normal 0 -1 0
    outer loop
      vertex 30.8014 36 26.4993
      vertex 47.3494 36 26.5706
      vertex 30.6506 36 26.5706
    endloop
  endfacet
  facet normal 0 -1 0
    outer loop
      vertex 30.8014 36 26.4993
      vertex 47.1986 36 26.4993
      vertex 47.3494 36 26.5706
    endloop
  endfacet
  facet normal 0 -1 0
    outer loop
      vertex 30.9445 36 26.4135
      vertex 47.1986 36 26.4993
      vertex 30.8014 36 26.4993
    endloop
  endfacet
  facet normal 0 -1 0
    outer loop
      vertex 30.9445 36 26.4135
      vertex 47.0555 36 26.4135
      vertex 47.1986 36 26.4993
    endloop
  endfacet
  facet normal 0 -1 0
    outer loop
      vertex 31.0785 36 26.3141
      vertex 47.0555 36 26.4135
      vertex 30.9445 36 26.4135
    endloop
  endfacet
  facet normal 0 -1 0
    outer loop
      vertex 31.0785 36 26.3141
      vertex 46.9215 36 26.3141
      vertex 47.0555 36 26.4135
    endloop
  endfacet
  facet normal 0 -1 0
    outer loop
      vertex 31.2021 36 26.2021
      vertex 46.9215 36 26.3141
      vertex 31.0785 36 26.3141
    endloop
  endfacet
  facet normal 0 -1 0
    outer loop
      vertex 31.2021 36 26.2021
      vertex 46.7979 36 26.2021
      vertex 46.9215 36 26.3141
    endloop
  endfacet
  facet normal 0 -1 0
    outer loop
      vertex 31.3141 36 26.0785
      vertex 46.7979 36 26.2021
      vertex 31.2021 36 26.2021
    endloop
  endfacet
  facet normal 0 -1 0
    outer loop
      vertex 31.3141 36 26.0785
      vertex 46.6859 36 26.0785
      vertex 46.7979 36 26.2021
    endloop
  endfacet
  facet normal 0 -1 0
    outer loop
      vertex 31.4135 36 25.9445
      vertex 46.6859 36 26.0785
      vertex 31.3141 36 26.0785
    endloop
  endfacet
  facet normal 0 -1 0
    outer loop
      vertex 31.4135 36 25.9445
      vertex 46.5865 36 25.9445
      vertex 46.6859 36 26.0785
    endloop
  endfacet
  facet normal 0 -1 0
    outer loop
      vertex 31.4993 36 25.8014
      vertex 46.5865 36 25.9445
      vertex 31.4135 36 25.9445
    endloop
  endfacet
  facet normal 0 -1 0
    outer loop
      vertex 31.4993 36 25.8014
      vertex 46.5007 36 25.8014
      vertex 46.5865 36 25.9445
    endloop
  endfacet
  facet normal 0 -1 0
    outer loop
      vertex 31.5706 36 25.6506
      vertex 46.5007 36 25.8014
      vertex 31.4993 36 25.8014
    endloop
  endfacet
  facet normal 0 -1 0
    outer loop
      vertex 31.5706 36 25.6506
      vertex 46.4294 36 25.6506
      vertex 46.5007 36 25.8014
    endloop
  endfacet
  facet normal 0 -1 0
    outer loop
      vertex 31.6268 36 25.4935
      vertex 46.4294 36 25.6506
      vertex 31.5706 36 25.6506
    endloop
  endfacet
  facet normal 0 -1 0
    outer loop
      vertex 31.6268 36 25.4935
      vertex 46.3732 36 25.4935
      vertex 46.4294 36 25.6506
    endloop
  endfacet
  facet normal 0 -1 0
    outer loop
      vertex 31.6673 36 25.3317
      vertex 46.3732 36 25.4935
      vertex 31.6268 36 25.4935
    endloop
  endfacet
  facet normal 0 -1 0
    outer loop
      vertex 31.6673 36 25.3317
      vertex 46.3327 36 25.3317
      vertex 46.3732 36 25.4935
    endloop
  endfacet
  facet normal 0 -1 0
    outer loop
      vertex 31.6918 36 25.1666
      vertex 46.3327 36 25.3317
      vertex 31.6673 36 25.3317
    endloop
  endfacet
  facet normal 0 -1 0
    outer loop
      vertex 31.6918 36 25.1666
      vertex 46.3082 36 25.1666
      vertex 46.3327 36 25.3317
    endloop
  endfacet
  facet normal 0 -1 0
    outer loop
      vertex 31.7 36 25
      vertex 46.3082 36 25.1666
      vertex 31.6918 36 25.1666
    endloop
  endfacet
  facet normal 0 -1 0
    outer loop
      vertex 31.7 36 25
      vertex 46.3 36 25
      vertex 46.3082 36 25.1666
    endloop
  endfacet
  facet normal 0 -1 0
    outer loop
      vertex 31.6918 36 24.8334
      vertex 46.3 36 25
      vertex 31.7 36 25
    endloop
  endfacet
  facet normal 0 -1 0
    outer loop
      vertex 31.6918 36 24.8334
      vertex 46.3082 36 24.8334
      vertex 46.3 36 25
    endloop
  endfacet
  facet normal 0 -1 0
    outer loop
      vertex 31.6673 36 24.6683
      vertex 46.3082 36 24.8334
      vertex 31.6918 36 24.8334
    endloop
  endfacet
  facet normal 0 -1 0
    outer loop
      vertex 31.6673 36 24.6683
      vertex 46.3327 36 24.6683
      vertex 46.3082 36 24.8334
    endloop
  endfacet
  facet normal 0 -1 0
    outer loop
      vertex 31.6268 36 24.5065
      vertex 46.3327 36 24.6683
      vertex 31.6673 36 24.6683
    endloop
  endfacet
  facet normal 0 -1 0
    outer loop
      vertex 31.6268 36 24.5065
      vertex 46.3732 36 24.5065
      vertex 46.3327 36 24.6683
    endloop
  endfacet
  facet normal 0 -1 0
    outer loop
      vertex 31.5706 36 24.3494
      vertex 46.3732 36 24.5065
      vertex 31.6268 36 24.5065
    endloop
  endfacet
  facet normal 0 -1 0
    outer loop
      vertex 31.5706 36 24.3494
      vertex 46.4294 36 24.3494
      vertex 46.3732 36 24.5065
    endloop
  endfacet
  facet normal 0 -1 0
    outer loop
      vertex 31.4993 36 24.1986
      vertex 46.4294 36 24.3494
      vertex 31.5706 36 24.3494
    endloop
  endfacet
  facet normal 0 -1 0
    outer loop
      vertex 31.4993 36 24.1986
      vertex 46.5007 36 24.1986
      vertex 46.4294 36 24.3494
    endloop
  endfacet
  facet normal 0 -1 0
    outer loop
      vertex 31.4135 36 24.0555
      vertex 46.5007 36 24.1986
      vertex 31.4993 36 24.1986
    endloop
  endfacet
  facet normal 0 -1 0
    outer loop
      vertex 31.4135 36 24.0555
      vertex 46.5865 36 24.0555
      vertex 46.5007 36 24.1986
    endloop
  endfacet
  facet normal 0 -1 0
    outer loop
      vertex 31.3141 36 23.9215
      vertex 46.5865 36 24.0555
      vertex 31.4135 36 24.0555
    endloop
  endfacet
  facet normal 0 -1 0
    outer loop
      vertex 31.3141 36 23.9215
      vertex 46.6859 36 23.9215
      vertex 46.5865 36 24.0555
    endloop
  endfacet
  facet normal 0 -1 0
    outer loop
      vertex 30.6506 36 23.4294
      vertex 30.6506 36 13.5706
      vertex 30.8014 36 23.5007
    endloop
  endfacet
  facet normal 0 -1 0
    outer loop
      vertex 30.8014 36 13.4993
      vertex 30.8014 36 23.5007
      vertex 30.6506 36 13.5706
    endloop
  endfacet
  facet normal 0 -1 0
    outer loop
      vertex 30.6506 36 13.5706
      vertex 30.6506 36 23.4294
      vertex 30.4935 36 13.6268
    endloop
  endfacet
  facet normal 0 -1 0
    outer loop
      vertex 30.8014 36 23.5007
      vertex 30.8014 36 13.4993
      vertex 30.9445 36 23.5865
    endloop
  endfacet
  facet normal 0 -1 0
    outer loop
      vertex 30.4935 36 23.3732
      vertex 30.4935 36 13.6268
      vertex 30.6506 36 23.4294
    endloop
  endfacet
  facet normal 0 -1 0
    outer loop
      vertex 46.6859 36 23.9215
      vertex 48 36 13.7
      vertex 46.7979 36 23.7979
    endloop
  endfacet
  facet normal 0 -1 0
    outer loop
      vertex 30.4935 36 13.6268
      vertex 30.4935 36 23.3732
      vertex 30.3317 36 13.6673
    endloop
  endfacet
  facet normal 0 -1 0
    outer loop
      vertex 46.7979 36 23.7979
      vertex 48 36 13.7
      vertex 46.9215 36 23.6859
    endloop
  endfacet
  facet normal 0 -1 0
    outer loop
      vertex 30.3317 36 23.3327
      vertex 30.3317 36 13.6673
      vertex 30.4935 36 23.3732
    endloop
  endfacet
  facet normal 0 -1 0
    outer loop
      vertex 46.9215 36 23.6859
      vertex 48 36 13.7
      vertex 47.0555 36 23.5865
    endloop
  endfacet
  facet normal 0 -1 0
    outer loop
      vertex 30.3317 36 13.6673
      vertex 30.3317 36 23.3327
      vertex 30.1666 36 13.6918
    endloop
  endfacet
  facet normal 0 -1 0
    outer loop
      vertex 47.0555 36 23.5865
      vertex 48 36 13.7
      vertex 47.1986 36 23.5007
    endloop
  endfacet
  facet normal 0 -1 0
    outer loop
      vertex 30.1666 36 23.3082
      vertex 30.1666 36 13.6918
      vertex 30.3317 36 23.3327
    endloop
  endfacet
  facet normal 0 -1 0
    outer loop
      vertex 47.1986 36 23.5007
      vertex 48 36 13.7
      vertex 47.3494 36 23.4294
    endloop
  endfacet
  facet normal 0 -1 0
    outer loop
      vertex 30.1666 36 13.6918
      vertex 30.1666 36 23.3082
      vertex 30 36 13.7
    endloop
  endfacet
  facet normal 0 -1 0
    outer loop
      vertex 47.3494 36 23.4294
      vertex 48 36 13.7
      vertex 47.5065 36 23.3732
    endloop
  endfacet
  facet normal 0 -1 0
    outer loop
      vertex 30 36 13.7
      vertex 30.1666 36 23.3082
      vertex 30 36 23.3
    endloop
  endfacet
  facet normal 0 -1 0
    outer loop
      vertex 47.5065 36 23.3732
      vertex 48 36 13.7
      vertex 47.6683 36 23.3327
    endloop
  endfacet
  facet normal 0 -1 0
    outer loop
      vertex 12.3317 36 26.6673
      vertex 4 36 35
      vertex 12.1666 36 26.6918
    endloop
  endfacet
  facet normal 0 -1 0
    outer loop
      vertex 4 36 35
      vertex 29.8334 36 26.6918
      vertex 30 36 26.7
    endloop
  endfacet
  facet normal 0 -1 0
    outer loop
      vertex 12.4935 36 26.6268
      vertex 4 36 35
      vertex 12.3317 36 26.6673
    endloop
  endfacet
  facet normal 0 -1 0
    outer loop
      vertex 4 36 35
      vertex 29.6683 36 26.6673
      vertex 29.8334 36 26.6918
    endloop
  endfacet
  facet normal 0 -1 0
    outer loop
      vertex 12.6506 36 26.5706
      vertex 4 36 35
      vertex 12.4935 36 26.6268
    endloop
  endfacet
  facet normal 0 -1 0
    outer loop
      vertex 4 36 35
      vertex 29.5065 36 26.6268
      vertex 29.6683 36 26.6673
    endloop
  endfacet
  facet normal 0 -1 0
    outer loop
      vertex 29.3494 36 26.5706
      vertex 4 36 35
      vertex 12.6506 36 26.5706
    endloop
  endfacet
  facet normal 0 -1 0
    outer loop
      vertex 4 36 35
      vertex 29.3494 36 26.5706
      vertex 29.5065 36 26.6268
    endloop
  endfacet
  facet normal 0 -1 0
    outer loop
      vertex 12.8014 36 26.4993
      vertex 29.3494 36 26.5706
      vertex 12.6506 36 26.5706
    endloop
  endfacet
  facet normal 0 -1 0
    outer loop
      vertex 12.8014 36 26.4993
      vertex 29.1986 36 26.4993
      vertex 29.3494 36 26.5706
    endloop
  endfacet
  facet normal 0 -1 0
    outer loop
      vertex 12.9445 36 26.4135
      vertex 29.1986 36 26.4993
      vertex 12.8014 36 26.4993
    endloop
  endfacet
  facet normal 0 -1 0
    outer loop
      vertex 12.9445 36 26.4135
      vertex 29.0555 36 26.4135
      vertex 29.1986 36 26.4993
    endloop
  endfacet
  facet normal 0 -1 0
    outer loop
      vertex 13.0785 36 26.3141
      vertex 29.0555 36 26.4135
      vertex 12.9445 36 26.4135
    endloop
  endfacet
  facet normal 0 -1 0
    outer loop
      vertex 13.0785 36 26.3141
      vertex 28.9215 36 26.3141
      vertex 29.0555 36 26.4135
    endloop
  endfacet
  facet normal 0 -1 0
    outer loop
      vertex 13.2021 36 26.2021
      vertex 28.9215 36 26.3141
      vertex 13.0785 36 26.3141
    endloop
  endfacet
  facet normal 0 -1 0
    outer loop
      vertex 13.2021 36 26.2021
      vertex 28.7979 36 26.2021
      vertex 28.9215 36 26.3141
    endloop
  endfacet
  facet normal 0 -1 0
    outer loop
      vertex 13.3141 36 26.0785
      vertex 28.7979 36 26.2021
      vertex 13.2021 36 26.2021
    endloop
  endfacet
  facet normal 0 -1 0
    outer loop
      vertex 13.3141 36 26.0785
      vertex 28.6859 36 26.0785
      vertex 28.7979 36 26.2021
    endloop
  endfacet
  facet normal 0 -1 0
    outer loop
      vertex 13.4135 36 25.9445
      vertex 28.6859 36 26.0785
      vertex 13.3141 36 26.0785
    endloop
  endfacet
  facet normal 0 -1 0
    outer loop
      vertex 13.4135 36 25.9445
      vertex 28.5865 36 25.9445
      vertex 28.6859 36 26.0785
    endloop
  endfacet
  facet normal 0 -1 0
    outer loop
      vertex 13.4993 36 25.8014
      vertex 28.5865 36 25.9445
      vertex 13.4135 36 25.9445
    endloop
  endfacet
  facet normal 0 -1 0
    outer loop
      vertex 13.4993 36 25.8014
      vertex 28.5007 36 25.8014
      vertex 28.5865 36 25.9445
    endloop
  endfacet
  facet normal 0 -1 0
    outer loop
      vertex 13.5706 36 25.6506
      vertex 28.5007 36 25.8014
      vertex 13.4993 36 25.8014
    endloop
  endfacet
  facet normal 0 -1 0
    outer loop
      vertex 13.5706 36 25.6506
      vertex 28.4294 36 25.6506
      vertex 28.5007 36 25.8014
    endloop
  endfacet
  facet normal 0 -1 0
    outer loop
      vertex 13.6268 36 25.4935
      vertex 28.4294 36 25.6506
      vertex 13.5706 36 25.6506
    endloop
  endfacet
  facet normal 0 -1 0
    outer loop
      vertex 13.6268 36 25.4935
      vertex 28.3732 36 25.4935
      vertex 28.4294 36 25.6506
    endloop
  endfacet
  facet normal 0 -1 0
    outer loop
      vertex 13.6673 36 25.3317
      vertex 28.3732 36 25.4935
      vertex 13.6268 36 25.4935
    endloop
  endfacet
  facet normal 0 -1 0
    outer loop
      vertex 13.6673 36 25.3317
      vertex 28.3327 36 25.3317
      vertex 28.3732 36 25.4935
    endloop
  endfacet
  facet normal 0 -1 0
    outer loop
      vertex 13.6918 36 25.1666
      vertex 28.3327 36 25.3317
      vertex 13.6673 36 25.3317
    endloop
  endfacet
  facet normal 0 -1 0
    outer loop
      vertex 13.6918 36 25.1666
      vertex 28.3082 36 25.1666
      vertex 28.3327 36 25.3317
    endloop
  endfacet
  facet normal 0 -1 0
    outer loop
      vertex 13.7 36 25
      vertex 28.3082 36 25.1666
      vertex 13.6918 36 25.1666
    endloop
  endfacet
  facet normal 0 -1 0
    outer loop
      vertex 13.7 36 25
      vertex 28.3 36 25
      vertex 28.3082 36 25.1666
    endloop
  endfacet
  facet normal 0 -1 0
    outer loop
      vertex 13.6918 36 24.8334
      vertex 28.3 36 25
      vertex 13.7 36 25
    endloop
  endfacet
  facet normal 0 -1 0
    outer loop
      vertex 13.6918 36 24.8334
      vertex 28.3082 36 24.8334
      vertex 28.3 36 25
    endloop
  endfacet
  facet normal 0 -1 0
    outer loop
      vertex 13.6673 36 24.6683
      vertex 28.3082 36 24.8334
      vertex 13.6918 36 24.8334
    endloop
  endfacet
  facet normal 0 -1 0
    outer loop
      vertex 13.6673 36 24.6683
      vertex 28.3327 36 24.6683
      vertex 28.3082 36 24.8334
    endloop
  endfacet
  facet normal 0 -1 0
    outer loop
      vertex 13.6268 36 24.5065
      vertex 28.3327 36 24.6683
      vertex 13.6673 36 24.6683
    endloop
  endfacet
  facet normal 0 -1 0
    outer loop
      vertex 13.6268 36 24.5065
      vertex 28.3732 36 24.5065
      vertex 28.3327 36 24.6683
    endloop
  endfacet
  facet normal 0 -1 0
    outer loop
      vertex 13.5706 36 24.3494
      vertex 28.3732 36 24.5065
      vertex 13.6268 36 24.5065
    endloop
  endfacet
  facet normal 0 -1 0
    outer loop
      vertex 13.5706 36 24.3494
      vertex 28.4294 36 24.3494
      vertex 28.3732 36 24.5065
    endloop
  endfacet
  facet normal 0 -1 0
    outer loop
      vertex 13.4993 36 24.1986
      vertex 28.4294 36 24.3494
      vertex 13.5706 36 24.3494
    endloop
  endfacet
  facet normal 0 -1 0
    outer loop
      vertex 13.4993 36 24.1986
      vertex 28.5007 36 24.1986
      vertex 28.4294 36 24.3494
    endloop
  endfacet
  facet normal 0 -1 0
    outer loop
      vertex 13.4135 36 24.0555
      vertex 28.5007 36 24.1986
      vertex 13.4993 36 24.1986
    endloop
  endfacet
  facet normal 0 -1 0
    outer loop
      vertex 13.4135 36 24.0555
      vertex 28.5865 36 24.0555
      vertex 28.5007 36 24.1986
    endloop
  endfacet
  facet normal 0 -1 0
    outer loop
      vertex 13.3141 36 23.9215
      vertex 28.5865 36 24.0555
      vertex 13.4135 36 24.0555
    endloop
  endfacet
  facet normal 0 -1 0
    outer loop
      vertex 13.3141 36 23.9215
      vertex 28.6859 36 23.9215
      vertex 28.5865 36 24.0555
    endloop
  endfacet
  facet normal 0 -1 0
    outer loop
      vertex 12.6506 36 23.4294
      vertex 12.6506 36 13.5706
      vertex 12.8014 36 23.5007
    endloop
  endfacet
  facet normal 0 -1 0
    outer loop
      vertex 12.8014 36 13.4993
      vertex 12.8014 36 23.5007
      vertex 12.6506 36 13.5706
    endloop
  endfacet
  facet normal 0 -1 0
    outer loop
      vertex 12.6506 36 13.5706
      vertex 12.6506 36 23.4294
      vertex 12.4935 36 13.6268
    endloop
  endfacet
  facet normal 0 -1 0
    outer loop
      vertex 12.8014 36 23.5007
      vertex 12.8014 36 13.4993
      vertex 12.9445 36 23.5865
    endloop
  endfacet
  facet normal 0 -1 0
    outer loop
      vertex 12.4935 36 23.3732
      vertex 12.4935 36 13.6268
      vertex 12.6506 36 23.4294
    endloop
  endfacet
  facet normal 0 -1 0
    outer loop
      vertex 28.6859 36 23.9215
      vertex 30 36 13.7
      vertex 28.7979 36 23.7979
    endloop
  endfacet
  facet normal 0 -1 0
    outer loop
      vertex 12.4935 36 13.6268
      vertex 12.4935 36 23.3732
      vertex 12.3317 36 13.6673
    endloop
  endfacet
  facet normal 0 -1 0
    outer loop
      vertex 28.7979 36 23.7979
      vertex 30 36 13.7
      vertex 28.9215 36 23.6859
    endloop
  endfacet
  facet normal 0 -1 0
    outer loop
      vertex 12.3317 36 23.3327
      vertex 12.3317 36 13.6673
      vertex 12.4935 36 23.3732
    endloop
  endfacet
  facet normal 0 -1 0
    outer loop
      vertex 28.9215 36 23.6859
      vertex 30 36 13.7
      vertex 29.0555 36 23.5865
    endloop
  endfacet
  facet normal 0 -1 0
    outer loop
      vertex 12.3317 36 13.6673
      vertex 12.3317 36 23.3327
      vertex 12.1666 36 13.6918
    endloop
  endfacet
  facet normal 0 -1 0
    outer loop
      vertex 29.0555 36 23.5865
      vertex 30 36 13.7
      vertex 29.1986 36 23.5007
    endloop
  endfacet
  facet normal 0 -1 0
    outer loop
      vertex 12.1666 36 23.3082
      vertex 12.1666 36 13.6918
      vertex 12.3317 36 23.3327
    endloop
  endfacet
  facet normal 0 -1 0
    outer loop
      vertex 29.1986 36 23.5007
      vertex 30 36 13.7
      vertex 29.3494 36 23.4294
    endloop
  endfacet
  facet normal 0 -1 0
    outer loop
      vertex 12.1666 36 13.6918
      vertex 12.1666 36 23.3082
      vertex 12 36 13.7
    endloop
  endfacet
  facet normal 0 -1 0
    outer loop
      vertex 29.3494 36 23.4294
      vertex 30 36 13.7
      vertex 29.5065 36 23.3732
    endloop
  endfacet
  facet normal 0 -1 0
    outer loop
      vertex 12 36 13.7
      vertex 12.1666 36 23.3082
      vertex 12 36 23.3
    endloop
  endfacet
  facet normal 0 -1 0
    outer loop
      vertex 29.5065 36 23.3732
      vertex 30 36 13.7
      vertex 29.6683 36 23.3327
    endloop
  endfacet
  facet normal 0 -1 0
    outer loop
      vertex 12.1666 36 26.6918
      vertex 4 36 35
      vertex 12 36 26.7
    endloop
  endfacet
  facet normal 0 -1 0
    outer loop
      vertex 4 36 35
      vertex 11.8334 36 26.6918
      vertex 12 36 26.7
    endloop
  endfacet
  facet normal 0 -1 0
    outer loop
      vertex 4 36 35
      vertex 11.6683 36 26.6673
      vertex 11.8334 36 26.6918
    endloop
  endfacet
  facet normal 0 -1 0
    outer loop
      vertex 4 36 35
      vertex 11.5065 36 26.6268
      vertex 11.6683 36 26.6673
    endloop
  endfacet
  facet normal 0 -1 0
    outer loop
      vertex 4 36 35
      vertex 11.3494 36 26.5706
      vertex 11.5065 36 26.6268
    endloop
  endfacet
  facet normal 0 -1 0
    outer loop
      vertex 4 36 35
      vertex 11.1986 36 26.4993
      vertex 11.3494 36 26.5706
    endloop
  endfacet
  facet normal 0 -1 0
    outer loop
      vertex 4 36 35
      vertex 11.0555 36 26.4135
      vertex 11.1986 36 26.4993
    endloop
  endfacet
  facet normal 0 -1 0
    outer loop
      vertex 4 36 35
      vertex 10.9215 36 26.3141
      vertex 11.0555 36 26.4135
    endloop
  endfacet
  facet normal 0 -1 0
    outer loop
      vertex 4 36 35
      vertex 10.7979 36 26.2021
      vertex 10.9215 36 26.3141
    endloop
  endfacet
  facet normal 0 -1 0
    outer loop
      vertex 4 36 35
      vertex 10.6859 36 26.0785
      vertex 10.7979 36 26.2021
    endloop
  endfacet
  facet normal 0 -1 0
    outer loop
      vertex 4 36 35
      vertex 10.5865 36 25.9445
      vertex 10.6859 36 26.0785
    endloop
  endfacet
  facet normal 0 -1 0
    outer loop
      vertex 4 36 35
      vertex 10.5007 36 25.8014
      vertex 10.5865 36 25.9445
    endloop
  endfacet
  facet normal 0 -1 0
    outer loop
      vertex 4 36 35
      vertex 10.4294 36 25.6506
      vertex 10.5007 36 25.8014
    endloop
  endfacet
  facet normal 0 -1 0
    outer loop
      vertex 4 36 35
      vertex 10.3732 36 25.4935
      vertex 10.4294 36 25.6506
    endloop
  endfacet
  facet normal 0 -1 0
    outer loop
      vertex 4 36 35
      vertex 10.3327 36 25.3317
      vertex 10.3732 36 25.4935
    endloop
  endfacet
  facet normal 0 -1 0
    outer loop
      vertex 4 36 35
      vertex 10.3082 36 25.1666
      vertex 10.3327 36 25.3317
    endloop
  endfacet
  facet normal 0 -1 0
    outer loop
      vertex 4 36 35
      vertex 10.3 36 25
      vertex 10.3082 36 25.1666
    endloop
  endfacet
  facet normal 0 -1 0
    outer loop
      vertex 4 36 35
      vertex 10.3082 36 24.8334
      vertex 10.3 36 25
    endloop
  endfacet
  facet normal 0 -1 0
    outer loop
      vertex 4 36 35
      vertex 10.3327 36 24.6683
      vertex 10.3082 36 24.8334
    endloop
  endfacet
  facet normal 0 -1 0
    outer loop
      vertex 4 36 35
      vertex 10.3732 36 24.5065
      vertex 10.3327 36 24.6683
    endloop
  endfacet
  facet normal 0 -1 0
    outer loop
      vertex 4 36 4.01
      vertex 10.3732 36 24.5065
      vertex 4 36 35
    endloop
  endfacet
  facet normal 0 -1 -0
    outer loop
      vertex 10.3732 36 24.5065
      vertex 4 36 4.01
      vertex 10.4294 36 24.3494
    endloop
  endfacet
  facet normal -0 -1 0
    outer loop
      vertex 10.4294 36 12.6506
      vertex 10.4294 36 24.3494
      vertex 4 36 4.01
    endloop
  endfacet
  facet normal 0 -1 0
    outer loop
      vertex 29.8334 36 23.3082
      vertex 30 36 13.7
      vertex 30 36 23.3
    endloop
  endfacet
  facet normal 0 -1 0
    outer loop
      vertex 29.6683 36 23.3327
      vertex 30 36 13.7
      vertex 29.8334 36 23.3082
    endloop
  endfacet
  facet normal 0 -1 0
    outer loop
      vertex 11.8334 36 23.3082
      vertex 12 36 13.7
      vertex 12 36 23.3
    endloop
  endfacet
  facet normal 0 -1 0
    outer loop
      vertex 11.8334 36 13.6918
      vertex 11.8334 36 23.3082
      vertex 11.6683 36 23.3327
    endloop
  endfacet
  facet normal 0 -1 0
    outer loop
      vertex 11.6683 36 13.6673
      vertex 11.6683 36 23.3327
      vertex 11.5065 36 23.3732
    endloop
  endfacet
  facet normal 0 -1 0
    outer loop
      vertex 11.5065 36 13.6268
      vertex 11.5065 36 23.3732
      vertex 11.3494 36 23.4294
    endloop
  endfacet
  facet normal 0 -1 0
    outer loop
      vertex 11.3494 36 13.5706
      vertex 11.3494 36 23.4294
      vertex 11.1986 36 23.5007
    endloop
  endfacet
  facet normal 0 -1 0
    outer loop
      vertex 11.1986 36 13.4993
      vertex 11.1986 36 23.5007
      vertex 11.0555 36 23.5865
    endloop
  endfacet
  facet normal 0 -1 0
    outer loop
      vertex 11.0555 36 13.4135
      vertex 11.0555 36 23.5865
      vertex 10.9215 36 23.6859
    endloop
  endfacet
  facet normal 0 -1 0
    outer loop
      vertex 10.9215 36 13.3141
      vertex 10.9215 36 23.6859
      vertex 10.7979 36 23.7979
    endloop
  endfacet
  facet normal 0 -1 0
    outer loop
      vertex 10.7979 36 13.2021
      vertex 10.7979 36 23.7979
      vertex 10.6859 36 23.9215
    endloop
  endfacet
  facet normal 0 -1 0
    outer loop
      vertex 10.6859 36 13.0785
      vertex 10.6859 36 23.9215
      vertex 10.5865 36 24.0555
    endloop
  endfacet
  facet normal 0 -1 0
    outer loop
      vertex 10.4294 36 24.3494
      vertex 10.4294 36 12.6506
      vertex 10.5007 36 24.1986
    endloop
  endfacet
  facet normal 0 -1 0
    outer loop
      vertex 11.8334 36 23.3082
      vertex 11.8334 36 13.6918
      vertex 12 36 13.7
    endloop
  endfacet
  facet normal 0 -1 0
    outer loop
      vertex 11.6683 36 23.3327
      vertex 11.6683 36 13.6673
      vertex 11.8334 36 13.6918
    endloop
  endfacet
  facet normal 0 -1 0
    outer loop
      vertex 11.5065 36 23.3732
      vertex 11.5065 36 13.6268
      vertex 11.6683 36 13.6673
    endloop
  endfacet
  facet normal 0 -1 0
    outer loop
      vertex 11.3494 36 23.4294
      vertex 11.3494 36 13.5706
      vertex 11.5065 36 13.6268
    endloop
  endfacet
  facet normal 0 -1 0
    outer loop
      vertex 11.1986 36 23.5007
      vertex 11.1986 36 13.4993
      vertex 11.3494 36 13.5706
    endloop
  endfacet
  facet normal 0 -1 0
    outer loop
      vertex 11.0555 36 23.5865
      vertex 11.0555 36 13.4135
      vertex 11.1986 36 13.4993
    endloop
  endfacet
  facet normal 0 -1 0
    outer loop
      vertex 10.9215 36 23.6859
      vertex 10.9215 36 13.3141
      vertex 11.0555 36 13.4135
    endloop
  endfacet
  facet normal 0 -1 0
    outer loop
      vertex 10.7979 36 23.7979
      vertex 10.7979 36 13.2021
      vertex 10.9215 36 13.3141
    endloop
  endfacet
  facet normal 0 -1 0
    outer loop
      vertex 10.6859 36 23.9215
      vertex 10.6859 36 13.0785
      vertex 10.7979 36 13.2021
    endloop
  endfacet
  facet normal 0 -1 0
    outer loop
      vertex 10.5865 36 24.0555
      vertex 10.5865 36 12.9445
      vertex 10.6859 36 13.0785
    endloop
  endfacet
  facet normal 0 -1 -0
    outer loop
      vertex 10.5865 36 24.0555
      vertex 10.5007 36 12.8014
      vertex 10.5865 36 12.9445
    endloop
  endfacet
  facet normal 0 -1 0
    outer loop
      vertex 10.5007 36 24.1986
      vertex 10.5007 36 12.8014
      vertex 10.5865 36 24.0555
    endloop
  endfacet
  facet normal -0 -1 0
    outer loop
      vertex 10.5007 36 12.8014
      vertex 10.5007 36 24.1986
      vertex 10.4294 36 12.6506
    endloop
  endfacet
  facet normal 0 -1 0
    outer loop
      vertex 10.4294 36 12.6506
      vertex 4 36 4.01
      vertex 10.3732 36 12.4935
    endloop
  endfacet
  facet normal 0 -1 0
    outer loop
      vertex 10.3732 36 12.4935
      vertex 4 36 4.01
      vertex 10.3327 36 12.3317
    endloop
  endfacet
  facet normal 0 -1 0
    outer loop
      vertex 10.3327 36 12.3317
      vertex 4 36 4.01
      vertex 10.3082 36 12.1666
    endloop
  endfacet
  facet normal 0 -1 0
    outer loop
      vertex 10.3082 36 12.1666
      vertex 4 36 4.01
      vertex 10.3 36 12
    endloop
  endfacet
  facet normal 0 -1 -0
    outer loop
      vertex 10.3 36 12
      vertex 4 36 4.01
      vertex 10.3082 36 11.8334
    endloop
  endfacet
  facet normal 0 -1 -0
    outer loop
      vertex 10.3082 36 11.8334
      vertex 4 36 4.01
      vertex 10.3327 36 11.6683
    endloop
  endfacet
  facet normal 0 -1 0
    outer loop
      vertex 4 36 4.01
      vertex 12 36 10.3
      vertex 11.8334 36 10.3082
    endloop
  endfacet
  facet normal 0 -1 0
    outer loop
      vertex 4 36 4.01
      vertex 11.8334 36 10.3082
      vertex 11.6683 36 10.3327
    endloop
  endfacet
  facet normal 0 -1 0
    outer loop
      vertex 4 36 4.01
      vertex 11.6683 36 10.3327
      vertex 11.5065 36 10.3732
    endloop
  endfacet
  facet normal 0 -1 -0
    outer loop
      vertex 24 36 7
      vertex 4 36 4.01
      vertex 36 36 7
    endloop
  endfacet
  facet normal 0 -1 -0
    outer loop
      vertex 12.3317 36 10.3327
      vertex 4 36 4.01
      vertex 24 36 7
    endloop
  endfacet
  facet normal 0 -1 -0
    outer loop
      vertex 11.3494 36 10.4294
      vertex 4 36 4.01
      vertex 11.5065 36 10.3732
    endloop
  endfacet
  facet normal 0 -1 -0
    outer loop
      vertex 11.1986 36 10.5007
      vertex 4 36 4.01
      vertex 11.3494 36 10.4294
    endloop
  endfacet
  facet normal 0 -1 -0
    outer loop
      vertex 11.0555 36 10.5865
      vertex 4 36 4.01
      vertex 11.1986 36 10.5007
    endloop
  endfacet
  facet normal 0 -1 -0
    outer loop
      vertex 10.9215 36 10.6859
      vertex 4 36 4.01
      vertex 11.0555 36 10.5865
    endloop
  endfacet
  facet normal 0 -1 -0
    outer loop
      vertex 10.7979 36 10.7979
      vertex 4 36 4.01
      vertex 10.9215 36 10.6859
    endloop
  endfacet
  facet normal 0 -1 -0
    outer loop
      vertex 10.6859 36 10.9215
      vertex 4 36 4.01
      vertex 10.7979 36 10.7979
    endloop
  endfacet
  facet normal 0 -1 -0
    outer loop
      vertex 10.5865 36 11.0555
      vertex 4 36 4.01
      vertex 10.6859 36 10.9215
    endloop
  endfacet
  facet normal 0 -1 -0
    outer loop
      vertex 10.5007 36 11.1986
      vertex 4 36 4.01
      vertex 10.5865 36 11.0555
    endloop
  endfacet
  facet normal 0 -1 -0
    outer loop
      vertex 10.4294 36 11.3494
      vertex 4 36 4.01
      vertex 10.5007 36 11.1986
    endloop
  endfacet
  facet normal 0 -1 -0
    outer loop
      vertex 10.3732 36 11.5065
      vertex 4 36 4.01
      vertex 10.4294 36 11.3494
    endloop
  endfacet
  facet normal 0 -1 -0
    outer loop
      vertex 10.3327 36 11.6683
      vertex 4 36 4.01
      vertex 10.3732 36 11.5065
    endloop
  endfacet
  facet normal 0 -1 0
    outer loop
      vertex 4 36 35
      vertex 30 36 26.7
      vertex 56 36 35
    endloop
  endfacet
  facet normal 0 -1 0
    outer loop
      vertex 30.1666 36 26.6918
      vertex 56 36 35
      vertex 30 36 26.7
    endloop
  endfacet
  facet normal 0 -1 0
    outer loop
      vertex 48.1666 36 26.6918
      vertex 56 36 35
      vertex 48 36 26.7
    endloop
  endfacet
  facet normal 0 -1 0
    outer loop
      vertex 48.3317 36 26.6673
      vertex 56 36 35
      vertex 48.1666 36 26.6918
    endloop
  endfacet
  facet normal 0 -1 0
    outer loop
      vertex 48.4935 36 26.6268
      vertex 56 36 35
      vertex 48.3317 36 26.6673
    endloop
  endfacet
  facet normal 0 -1 0
    outer loop
      vertex 48.6506 36 26.5706
      vertex 56 36 35
      vertex 48.4935 36 26.6268
    endloop
  endfacet
  facet normal 0 -1 0
    outer loop
      vertex 48.8014 36 26.4993
      vertex 56 36 35
      vertex 48.6506 36 26.5706
    endloop
  endfacet
  facet normal 0 -1 0
    outer loop
      vertex 48.9445 36 26.4135
      vertex 56 36 35
      vertex 48.8014 36 26.4993
    endloop
  endfacet
  facet normal 0 -1 0
    outer loop
      vertex 49.0785 36 26.3141
      vertex 56 36 35
      vertex 48.9445 36 26.4135
    endloop
  endfacet
  facet normal 0 -1 0
    outer loop
      vertex 49.2021 36 26.2021
      vertex 56 36 35
      vertex 49.0785 36 26.3141
    endloop
  endfacet
  facet normal 0 -1 0
    outer loop
      vertex 49.3141 36 26.0785
      vertex 56 36 35
      vertex 49.2021 36 26.2021
    endloop
  endfacet
  facet normal 0 -1 0
    outer loop
      vertex 49.4135 36 25.9445
      vertex 56 36 35
      vertex 49.3141 36 26.0785
    endloop
  endfacet
  facet normal 0 -1 0
    outer loop
      vertex 49.4993 36 25.8014
      vertex 56 36 35
      vertex 49.4135 36 25.9445
    endloop
  endfacet
  facet normal 0 -1 0
    outer loop
      vertex 49.5706 36 25.6506
      vertex 56 36 35
      vertex 49.4993 36 25.8014
    endloop
  endfacet
  facet normal 0 -1 0
    outer loop
      vertex 49.6268 36 25.4935
      vertex 56 36 35
      vertex 49.5706 36 25.6506
    endloop
  endfacet
  facet normal 0 -1 0
    outer loop
      vertex 49.6673 36 25.3317
      vertex 56 36 35
      vertex 49.6268 36 25.4935
    endloop
  endfacet
  facet normal 0 -1 0
    outer loop
      vertex 49.6918 36 25.1666
      vertex 56 36 35
      vertex 49.6673 36 25.3317
    endloop
  endfacet
  facet normal 0 -1 0
    outer loop
      vertex 49.7 36 25
      vertex 56 36 35
      vertex 49.6918 36 25.1666
    endloop
  endfacet
  facet normal 0 -1 0
    outer loop
      vertex 49.6918 36 24.8334
      vertex 56 36 35
      vertex 49.7 36 25
    endloop
  endfacet
  facet normal 0 -1 0
    outer loop
      vertex 49.6673 36 24.6683
      vertex 56 36 35
      vertex 49.6918 36 24.8334
    endloop
  endfacet
  facet normal 0 -1 0
    outer loop
      vertex 49.6268 36 24.5065
      vertex 56 36 35
      vertex 49.6673 36 24.6683
    endloop
  endfacet
  facet normal 0 -1 0
    outer loop
      vertex 56 36 4.01
      vertex 49.6268 36 24.5065
      vertex 49.5706 36 24.3494
    endloop
  endfacet
  facet normal 0 -1 0
    outer loop
      vertex 49.5706 36 12.6506
      vertex 49.5706 36 24.3494
      vertex 49.4993 36 24.1986
    endloop
  endfacet
  facet normal 0 -1 0
    outer loop
      vertex 49.4993 36 12.8014
      vertex 49.4993 36 24.1986
      vertex 49.4135 36 24.0555
    endloop
  endfacet
  facet normal 0 -1 0
    outer loop
      vertex 47.6683 36 23.3327
      vertex 48 36 13.7
      vertex 47.8334 36 23.3082
    endloop
  endfacet
  facet normal 0 -1 0
    outer loop
      vertex 47.8334 36 23.3082
      vertex 48 36 13.7
      vertex 48 36 23.3
    endloop
  endfacet
  facet normal 0 -1 0
    outer loop
      vertex 48 36 23.3
      vertex 48 36 13.7
      vertex 48.1666 36 23.3082
    endloop
  endfacet
  facet normal 0 -1 0
    outer loop
      vertex 48.1666 36 13.6918
      vertex 48.1666 36 23.3082
      vertex 48 36 13.7
    endloop
  endfacet
  facet normal 0 -1 0
    outer loop
      vertex 48.1666 36 23.3082
      vertex 48.1666 36 13.6918
      vertex 48.3317 36 23.3327
    endloop
  endfacet
  facet normal 0 -1 0
    outer loop
      vertex 48.3317 36 13.6673
      vertex 48.3317 36 23.3327
      vertex 48.1666 36 13.6918
    endloop
  endfacet
  facet normal 0 -1 0
    outer loop
      vertex 48.3317 36 23.3327
      vertex 48.3317 36 13.6673
      vertex 48.4935 36 23.3732
    endloop
  endfacet
  facet normal 0 -1 0
    outer loop
      vertex 48.4935 36 13.6268
      vertex 48.4935 36 23.3732
      vertex 48.3317 36 13.6673
    endloop
  endfacet
  facet normal 0 -1 0
    outer loop
      vertex 48.4935 36 23.3732
      vertex 48.4935 36 13.6268
      vertex 48.6506 36 23.4294
    endloop
  endfacet
  facet normal 0 -1 0
    outer loop
      vertex 48.6506 36 13.5706
      vertex 48.6506 36 23.4294
      vertex 48.4935 36 13.6268
    endloop
  endfacet
  facet normal 0 -1 0
    outer loop
      vertex 48.6506 36 23.4294
      vertex 48.6506 36 13.5706
      vertex 48.8014 36 23.5007
    endloop
  endfacet
  facet normal 0 -1 0
    outer loop
      vertex 48.8014 36 13.4993
      vertex 48.8014 36 23.5007
      vertex 48.6506 36 13.5706
    endloop
  endfacet
  facet normal 0 -1 0
    outer loop
      vertex 48.8014 36 23.5007
      vertex 48.8014 36 13.4993
      vertex 48.9445 36 23.5865
    endloop
  endfacet
  facet normal 0 -1 0
    outer loop
      vertex 48.9445 36 13.4135
      vertex 48.9445 36 23.5865
      vertex 48.8014 36 13.4993
    endloop
  endfacet
  facet normal 0 -1 0
    outer loop
      vertex 48.9445 36 23.5865
      vertex 48.9445 36 13.4135
      vertex 49.0785 36 23.6859
    endloop
  endfacet
  facet normal 0 -1 0
    outer loop
      vertex 49.0785 36 13.3141
      vertex 49.0785 36 23.6859
      vertex 48.9445 36 13.4135
    endloop
  endfacet
  facet normal 0 -1 0
    outer loop
      vertex 49.0785 36 23.6859
      vertex 49.0785 36 13.3141
      vertex 49.2021 36 23.7979
    endloop
  endfacet
  facet normal 0 -1 0
    outer loop
      vertex 49.2021 36 13.2021
      vertex 49.2021 36 23.7979
      vertex 49.0785 36 13.3141
    endloop
  endfacet
  facet normal 0 -1 0
    outer loop
      vertex 49.2021 36 23.7979
      vertex 49.2021 36 13.2021
      vertex 49.3141 36 23.9215
    endloop
  endfacet
  facet normal 0 -1 0
    outer loop
      vertex 49.3141 36 13.0785
      vertex 49.3141 36 23.9215
      vertex 49.2021 36 13.2021
    endloop
  endfacet
  facet normal 0 -1 0
    outer loop
      vertex 49.3141 36 23.9215
      vertex 49.3141 36 13.0785
      vertex 49.4135 36 24.0555
    endloop
  endfacet
  facet normal 0 -1 0
    outer loop
      vertex 49.4135 36 12.9445
      vertex 49.4135 36 24.0555
      vertex 49.3141 36 13.0785
    endloop
  endfacet
  facet normal 0 -1 0
    outer loop
      vertex 49.4993 36 12.8014
      vertex 49.4135 36 24.0555
      vertex 49.4135 36 12.9445
    endloop
  endfacet
  facet normal 0 -1 0
    outer loop
      vertex 49.4993 36 24.1986
      vertex 49.4993 36 12.8014
      vertex 49.5706 36 12.6506
    endloop
  endfacet
  facet normal 0 -1 0
    outer loop
      vertex 49.5706 36 24.3494
      vertex 49.5706 36 12.6506
      vertex 56 36 4.01
    endloop
  endfacet
  facet normal 0 -1 0
    outer loop
      vertex 56 36 4.01
      vertex 49.5706 36 12.6506
      vertex 49.6268 36 12.4935
    endloop
  endfacet
  facet normal 0 -1 0
    outer loop
      vertex 56 36 4.01
      vertex 49.6268 36 12.4935
      vertex 49.6673 36 12.3317
    endloop
  endfacet
  facet normal 0 -1 0
    outer loop
      vertex 56 36 4.01
      vertex 49.6673 36 12.3317
      vertex 49.6918 36 12.1666
    endloop
  endfacet
  facet normal 0 -1 0
    outer loop
      vertex 56 36 4.01
      vertex 49.6918 36 12.1666
      vertex 49.7 36 12
    endloop
  endfacet
  facet normal 0 -1 0
    outer loop
      vertex 56 36 4.01
      vertex 49.7 36 12
      vertex 49.6918 36 11.8334
    endloop
  endfacet
  facet normal 0 -1 0
    outer loop
      vertex 56 36 4.01
      vertex 49.6918 36 11.8334
      vertex 49.6673 36 11.6683
    endloop
  endfacet
  facet normal 0 -1 0
    outer loop
      vertex 56 36 4.01
      vertex 49.6673 36 11.6683
      vertex 49.6268 36 11.5065
    endloop
  endfacet
  facet normal 0 -1 0
    outer loop
      vertex 47.8334 36 10.3082
      vertex 56 36 4.01
      vertex 48 36 10.3
    endloop
  endfacet
  facet normal 0 -1 0
    outer loop
      vertex 48 36 10.3
      vertex 56 36 4.01
      vertex 48.1666 36 10.3082
    endloop
  endfacet
  facet normal 0 -1 0
    outer loop
      vertex 48.1666 36 10.3082
      vertex 56 36 4.01
      vertex 48.3317 36 10.3327
    endloop
  endfacet
  facet normal 0 -1 0
    outer loop
      vertex 49.6268 36 24.5065
      vertex 56 36 4.01
      vertex 56 36 35
    endloop
  endfacet
  facet normal 0 -1 0
    outer loop
      vertex 49.5706 36 11.3494
      vertex 56 36 4.01
      vertex 49.6268 36 11.5065
    endloop
  endfacet
  facet normal 0 -1 0
    outer loop
      vertex 49.4993 36 11.1986
      vertex 56 36 4.01
      vertex 49.5706 36 11.3494
    endloop
  endfacet
  facet normal 0 -1 0
    outer loop
      vertex 49.4135 36 11.0555
      vertex 56 36 4.01
      vertex 49.4993 36 11.1986
    endloop
  endfacet
  facet normal 0 -1 0
    outer loop
      vertex 49.3141 36 10.9215
      vertex 56 36 4.01
      vertex 49.4135 36 11.0555
    endloop
  endfacet
  facet normal 0 -1 0
    outer loop
      vertex 49.2021 36 10.7979
      vertex 56 36 4.01
      vertex 49.3141 36 10.9215
    endloop
  endfacet
  facet normal 0 -1 0
    outer loop
      vertex 49.0785 36 10.6859
      vertex 56 36 4.01
      vertex 49.2021 36 10.7979
    endloop
  endfacet
  facet normal 0 -1 0
    outer loop
      vertex 48.9445 36 10.5865
      vertex 56 36 4.01
      vertex 49.0785 36 10.6859
    endloop
  endfacet
  facet normal 0 -1 0
    outer loop
      vertex 48.8014 36 10.5007
      vertex 56 36 4.01
      vertex 48.9445 36 10.5865
    endloop
  endfacet
  facet normal 0 -1 0
    outer loop
      vertex 48.6506 36 10.4294
      vertex 56 36 4.01
      vertex 48.8014 36 10.5007
    endloop
  endfacet
  facet normal 0 -1 0
    outer loop
      vertex 48.4935 36 10.3732
      vertex 56 36 4.01
      vertex 48.6506 36 10.4294
    endloop
  endfacet
  facet normal 0 -1 0
    outer loop
      vertex 48.3317 36 10.3327
      vertex 56 36 4.01
      vertex 48.4935 36 10.3732
    endloop
  endfacet
  facet normal 0 -1 0
    outer loop
      vertex 56 36 4.01
      vertex 36 36 7
      vertex 4 36 4.01
    endloop
  endfacet
  facet normal 0 -1 0
    outer loop
      vertex 28.6859 36 13.0785
      vertex 24 36 13
      vertex 28.6277 36 13
    endloop
  endfacet
  facet normal -1 0 0
    outer loop
      vertex 36 36 7
      vertex 36 40 13
      vertex 36 40 7
    endloop
  endfacet
  facet normal -1 -0 0
    outer loop
      vertex 36 40 13
      vertex 36 36 7
      vertex 36 36 13
    endloop
  endfacet
  facet normal 0 0 -1
    outer loop
      vertex 24 36 13
      vertex 28.6277 40 13
      vertex 28.6277 36 13
    endloop
  endfacet
  facet normal -0 0 -1
    outer loop
      vertex 28.6277 40 13
      vertex 24 36 13
      vertex 24 40 13
    endloop
  endfacet
  facet normal 0 0 -1
    outer loop
      vertex 31.3723 36 13
      vertex 36 40 13
      vertex 36 36 13
    endloop
  endfacet
  facet normal -0 0 -1
    outer loop
      vertex 36 40 13
      vertex 31.3723 36 13
      vertex 31.3723 40 13
    endloop
  endfacet
  facet normal -0 0 1
    outer loop
      vertex 24 40 7
      vertex 36 36 7
      vertex 36 40 7
    endloop
  endfacet
  facet normal 0 0 1
    outer loop
      vertex 36 36 7
      vertex 24 40 7
      vertex 24 36 7
    endloop
  endfacet
  facet normal 1 -0 0
    outer loop
      vertex 24 36 13
      vertex 24 40 7
      vertex 24 40 13
    endloop
  endfacet
  facet normal 1 0 0
    outer loop
      vertex 24 40 7
      vertex 24 36 13
      vertex 24 36 7
    endloop
  endfacet
  facet normal 0 -0.697078 0.716995
    outer loop
      vertex 1.80397 0.00963116 0.00936363
      vertex 0 0 0
      vertex 2 0 0
    endloop
  endfacet
  facet normal -4.24875e-10 -0.697078 0.716995
    outer loop
      vertex 1.60982 0.0384302 0.0373627
      vertex 0 0 0
      vertex 1.80397 0.00963116 0.00936363
    endloop
  endfacet
  facet normal -3.22967e-08 -0.697078 0.716996
    outer loop
      vertex 1.41943 0.0861197 0.0837274
      vertex 0 0 0
      vertex 1.60982 0.0384302 0.0373627
    endloop
  endfacet
  facet normal 5.43787e-08 -0.697078 0.716995
    outer loop
      vertex 1.23463 0.152242 0.148013
      vertex 0 0 0
      vertex 1.41943 0.0861197 0.0837274
    endloop
  endfacet
  facet normal 2.55913e-08 -0.697078 0.716995
    outer loop
      vertex 1.05721 0.236158 0.229598
      vertex 0 0 0
      vertex 1.23463 0.152242 0.148013
    endloop
  endfacet
  facet normal -1.33153e-07 -0.697078 0.716995
    outer loop
      vertex 0.88886 0.337061 0.327698
      vertex 0 0 0
      vertex 1.05721 0.236158 0.229598
    endloop
  endfacet
  facet normal 1.21508e-06 -0.69708 0.716994
    outer loop
      vertex 0.731214 0.453979 0.441369
      vertex 0 0 0
      vertex 0.88886 0.337061 0.327698
    endloop
  endfacet
  facet normal -1.64334e-06 -0.697077 0.716996
    outer loop
      vertex 0.585787 0.585787 0.569515
      vertex 0 0 0
      vertex 0.731214 0.453979 0.441369
    endloop
  endfacet
  facet normal -8.44744e-07 -0.697078 0.716995
    outer loop
      vertex 0.453979 0.731214 0.710902
      vertex 0 0 0
      vertex 0.585787 0.585787 0.569515
    endloop
  endfacet
  facet normal 5.45283e-07 -0.697078 0.716995
    outer loop
      vertex 0.337061 0.88886 0.864169
      vertex 0 0 0
      vertex 0.453979 0.731214 0.710902
    endloop
  endfacet
  facet normal -1.09978e-05 -0.697076 0.716997
    outer loop
      vertex 0.236158 1.05721 1.02784
      vertex 0 0 0
      vertex 0.337061 0.88886 0.864169
    endloop
  endfacet
  facet normal 5.1337e-05 -0.697083 0.71699
    outer loop
      vertex 0.152242 1.23463 1.20034
      vertex 0 0 0
      vertex 0.236158 1.05721 1.02784
    endloop
  endfacet
  facet normal -6.01327e-05 -0.697076 0.716997
    outer loop
      vertex 0.0861197 1.41943 1.38
      vertex 0 0 0
      vertex 0.152242 1.23463 1.20034
    endloop
  endfacet
  facet normal -1.45551e-05 -0.697078 0.716996
    outer loop
      vertex 0.0384302 1.60982 1.5651
      vertex 0 0 0
      vertex 0.0861197 1.41943 1.38
    endloop
  endfacet
  facet normal 7.27112e-05 -0.697079 0.716995
    outer loop
      vertex 0.00963116 1.80397 1.75386
      vertex 0 0 0
      vertex 0.0384302 1.60982 1.5651
    endloop
  endfacet
  facet normal -0.000319118 -0.697078 0.716996
    outer loop
      vertex 0 0 0
      vertex 0.00963116 1.80397 1.75386
      vertex 0 2 1.94444
    endloop
  endfacet
  facet normal 0 -0.697078 0.716995
    outer loop
      vertex 0 36 35
      vertex 4 4.12457 4.01
      vertex 4 36 35
    endloop
  endfacet
  facet normal 0 -0.697078 0.716995
    outer loop
      vertex 4 4.12457 4.01
      vertex 0 36 35
      vertex 0 4.12457 4.01
    endloop
  endfacet
  facet normal 1 0 0
    outer loop
      vertex 4 36 35
      vertex 4 4.12457 4.01
      vertex 4 36 4.01
    endloop
  endfacet
  facet normal -1 0 0
    outer loop
      vertex 56 36 4.01
      vertex 56 4.12457 4.01
      vertex 56 36 35
    endloop
  endfacet
  facet normal 0 -0.697078 0.716995
    outer loop
      vertex 56 36 35
      vertex 60 4.12457 4.01
      vertex 60 36 35
    endloop
  endfacet
  facet normal 0 -0.697078 0.716995
    outer loop
      vertex 60 4.12457 4.01
      vertex 56 36 35
      vertex 56 4.12457 4.01
    endloop
  endfacet
  facet normal 0.000320154 -0.697078 0.716996
    outer loop
      vertex 59.9904 1.80397 1.75386
      vertex 60 0 0
      vertex 60 2 1.94444
    endloop
  endfacet
  facet normal -7.27171e-05 -0.697079 0.716995
    outer loop
      vertex 59.9616 1.60982 1.5651
      vertex 60 0 0
      vertex 59.9904 1.80397 1.75386
    endloop
  endfacet
  facet normal 1.45532e-05 -0.697078 0.716996
    outer loop
      vertex 59.9139 1.41943 1.38
      vertex 60 0 0
      vertex 59.9616 1.60982 1.5651
    endloop
  endfacet
  facet normal 6.0152e-05 -0.697076 0.716997
    outer loop
      vertex 59.8478 1.23463 1.20034
      vertex 60 0 0
      vertex 59.9139 1.41943 1.38
    endloop
  endfacet
  facet normal -5.12992e-05 -0.697083 0.71699
    outer loop
      vertex 59.7638 1.05721 1.02784
      vertex 60 0 0
      vertex 59.8478 1.23463 1.20034
    endloop
  endfacet
  facet normal 1.09975e-05 -0.697076 0.716997
    outer loop
      vertex 59.6629 0.88886 0.864169
      vertex 60 0 0
      vertex 59.7638 1.05721 1.02784
    endloop
  endfacet
  facet normal -5.45317e-07 -0.697078 0.716995
    outer loop
      vertex 59.546 0.731214 0.710902
      vertex 60 0 0
      vertex 59.6629 0.88886 0.864169
    endloop
  endfacet
  facet normal 8.44759e-07 -0.697078 0.716995
    outer loop
      vertex 59.4142 0.585787 0.569515
      vertex 60 0 0
      vertex 59.546 0.731214 0.710902
    endloop
  endfacet
  facet normal 1.64348e-06 -0.697077 0.716996
    outer loop
      vertex 59.2688 0.453979 0.441369
      vertex 60 0 0
      vertex 59.4142 0.585787 0.569515
    endloop
  endfacet
  facet normal -1.2149e-06 -0.69708 0.716994
    outer loop
      vertex 59.1111 0.337061 0.327698
      vertex 60 0 0
      vertex 59.2688 0.453979 0.441369
    endloop
  endfacet
  facet normal 1.33165e-07 -0.697078 0.716995
    outer loop
      vertex 58.9428 0.236158 0.229598
      vertex 60 0 0
      vertex 59.1111 0.337061 0.327698
    endloop
  endfacet
  facet normal -2.55924e-08 -0.697078 0.716995
    outer loop
      vertex 58.7654 0.152242 0.148013
      vertex 60 0 0
      vertex 58.9428 0.236158 0.229598
    endloop
  endfacet
  facet normal -5.43797e-08 -0.697078 0.716995
    outer loop
      vertex 58.5806 0.0861197 0.0837274
      vertex 60 0 0
      vertex 58.7654 0.152242 0.148013
    endloop
  endfacet
  facet normal 3.22969e-08 -0.697078 0.716996
    outer loop
      vertex 58.3902 0.0384302 0.0373627
      vertex 60 0 0
      vertex 58.5806 0.0861197 0.0837274
    endloop
  endfacet
  facet normal 4.24864e-10 -0.697078 0.716995
    outer loop
      vertex 58.196 0.00963116 0.00936363
      vertex 60 0 0
      vertex 58.3902 0.0384302 0.0373627
    endloop
  endfacet
  facet normal 0 -0.697078 0.716995
    outer loop
      vertex 60 0 0
      vertex 58.196 0.00963116 0.00936363
      vertex 58 0 0
    endloop
  endfacet
endsolid OpenSCAD_Model
